time_sec,throttle,altitude,ambient_temperature,ambient_pressure,rpm,cht,cht_1,cht_2,cht_3,cht_4,egt,egt_1,egt_2,egt_3,egt_4,oil_pressure,oil_temp,fuel_flow,battery_voltage,vibration_index,engine_load,injection_timing,rul
1.0,0.9,0,15.0,101.33,2911.77,113.92,113.92,113.92,113.92,113.92,403.58,403.58,403.58,403.58,403.58,49.46,72.39,22.56,13.77,0.0359,0.4765,28.24,5000.0
2.0,0.9,41.67,14.92,101.17,3995.3,117.69,117.69,117.69,117.69,117.69,450.86,450.86,450.86,450.86,450.86,59.81,74.66,28.65,13.99,0.0418,0.6538,29.81,5000.0
3.0,0.9,83.33,14.83,101.02,4550.91,121.3,121.3,121.3,121.3,121.3,492.57,492.57,492.57,492.57,492.57,67.23,76.82,30.88,14.01,0.0448,0.7447,30.62,5000.0
4.0,0.9,125.0,14.75,100.87,4835.48,124.78,124.78,124.78,124.78,124.78,529.36,529.36,529.36,529.36,529.36,72.53,78.87,31.69,14.02,0.0464,0.7913,31.03,5000.0
5.0,0.9,166.67,14.67,100.72,4980.9,128.11,128.11,128.11,128.11,128.11,561.83,561.83,561.83,561.83,561.83,76.33,80.83,31.98,14.02,0.0472,0.8151,31.24,5000.0
6.0,0.9,208.33,14.59,100.56,5054.87,131.31,131.31,131.31,131.31,131.31,590.46,590.46,590.46,590.46,590.46,79.05,82.68,32.08,14.02,0.0476,0.8272,31.35,5000.0
7.0,0.9,250.0,14.5,100.41,5092.16,134.39,134.39,134.39,134.39,134.39,615.72,615.72,615.72,615.72,615.72,80.99,84.44,32.11,14.02,0.0478,0.8333,31.41,5000.0
8.0,0.9,291.67,14.42,100.26,5110.61,137.34,137.34,137.34,137.34,137.34,638.01,638.01,638.01,638.01,638.01,82.38,86.12,32.11,14.02,0.0479,0.8363,31.43,5000.0
9.0,0.9,333.33,14.34,100.11,5119.4,140.17,140.17,140.17,140.17,140.17,657.66,657.66,657.66,657.66,657.66,83.37,87.71,32.1,14.02,0.0479,0.8377,31.45,5000.0
10.0,0.9,375.0,14.26,99.96,5123.22,142.9,142.9,142.9,142.9,142.9,674.99,674.99,674.99,674.99,674.99,84.07,89.23,32.09,14.02,0.0479,0.8383,31.45,5000.0
11.0,0.9,416.67,14.17,99.81,5124.49,145.51,145.51,145.51,145.51,145.51,690.28,690.28,690.28,690.28,690.28,84.57,90.67,32.08,14.02,0.048,0.8386,31.45,5000.0
12.0,0.9,458.33,14.09,99.66,5124.45,148.02,148.02,148.02,148.02,148.02,703.76,703.76,703.76,703.76,703.76,84.92,92.03,32.07,14.01,0.048,0.8385,31.45,5000.0
13.0,0.9,500.0,14.01,99.51,5123.75,150.43,150.43,150.43,150.43,150.43,715.64,715.64,715.64,715.64,715.64,85.17,93.33,32.06,14.01,0.0479,0.8384,31.45,5000.0
14.0,0.9,541.67,13.93,99.36,5122.69,152.74,152.74,152.74,152.74,152.74,726.12,726.12,726.12,726.12,726.12,85.35,94.57,32.04,14.01,0.0479,0.8383,31.45,5000.0
15.0,0.9,583.33,13.84,99.21,5121.46,154.96,154.96,154.96,154.96,154.96,735.36,735.36,735.36,735.36,735.36,85.46,95.74,32.03,14.01,0.0479,0.8381,31.45,5000.0
16.0,0.9,625.0,13.76,99.06,5120.14,157.09,157.09,157.09,157.09,157.09,743.49,743.49,743.49,743.49,743.49,85.55,96.85,32.02,14.01,0.0479,0.8378,31.45,5000.0
17.0,0.9,666.67,13.68,98.91,5118.78,159.14,159.14,159.14,159.14,159.14,750.67,750.67,750.67,750.67,750.67,85.6,97.91,32.01,14.01,0.0479,0.8376,31.45,5000.0
18.0,0.9,708.33,13.6,98.76,5117.38,161.1,161.1,161.1,161.1,161.1,756.99,756.99,756.99,756.99,756.99,85.63,98.92,31.99,14.01,0.0479,0.8374,31.44,5000.0
19.0,0.9,750.0,13.51,98.61,5115.98,162.98,162.98,162.98,162.98,162.98,762.55,762.55,762.55,762.55,762.55,85.65,99.87,31.98,14.01,0.0479,0.8372,31.44,5000.0
20.0,0.9,791.67,13.43,98.46,5114.57,164.79,164.79,164.79,164.79,164.79,767.45,767.45,767.45,767.45,767.45,85.66,100.78,31.97,14.01,0.0479,0.8369,31.44,5000.0
21.0,0.9,833.33,13.35,98.31,5113.16,166.53,166.53,166.53,166.53,166.53,771.77,771.77,771.77,771.77,771.77,85.66,101.64,31.96,14.01,0.0479,0.8367,31.44,5000.0
22.0,0.9,875.0,13.27,98.16,5111.74,168.2,168.2,168.2,168.2,168.2,775.56,775.56,775.56,775.56,775.56,85.66,102.46,31.94,14.01,0.0479,0.8365,31.44,5000.0
23.0,0.9,916.67,13.18,98.01,5110.33,169.8,169.8,169.8,169.8,169.8,778.9,778.9,778.9,778.9,778.9,85.65,103.24,31.93,14.01,0.0479,0.8362,31.43,5000.0
24.0,0.9,958.33,13.1,97.86,5108.91,171.33,171.33,171.33,171.33,171.33,781.84,781.84,781.84,781.84,781.84,85.64,103.98,31.92,14.01,0.0479,0.836,31.43,5000.0
25.0,0.9,1000.0,13.02,97.72,5107.49,172.81,172.81,172.81,172.81,172.81,784.42,784.42,784.42,784.42,784.42,85.63,104.68,31.91,14.01,0.0479,0.8358,31.43,5000.0
26.0,0.9,1041.67,12.94,97.57,5106.08,174.22,174.22,174.22,174.22,174.22,786.69,786.69,786.69,786.69,786.69,85.62,105.34,31.89,14.01,0.0479,0.8355,31.43,5000.0
27.0,0.9,1083.33,12.85,97.42,5104.66,175.57,175.57,175.57,175.57,175.57,788.67,788.67,788.67,788.67,788.67,85.6,105.97,31.88,14.01,0.0478,0.8353,31.42,5000.0
28.0,0.9,1125.0,12.77,97.27,5103.24,176.88,176.88,176.88,176.88,176.88,790.42,790.42,790.42,790.42,790.42,85.59,106.57,31.87,14.01,0.0478,0.8351,31.42,5000.0
29.0,0.9,1166.67,12.69,97.13,5101.83,178.12,178.12,178.12,178.12,178.12,791.95,791.95,791.95,791.95,791.95,85.57,107.14,31.86,14.01,0.0478,0.8348,31.42,5000.0
30.0,0.9,1208.33,12.61,96.98,5100.41,179.32,179.32,179.32,179.32,179.32,793.29,793.29,793.29,793.29,793.29,85.56,107.68,31.84,14.01,0.0478,0.8346,31.42,5000.0
31.0,0.9,1250.0,12.52,96.83,5098.99,180.47,180.47,180.47,180.47,180.47,794.46,794.46,794.46,794.46,794.46,85.54,108.19,31.83,14.01,0.0478,0.8344,31.42,5000.0
32.0,0.9,1291.67,12.44,96.68,5097.58,181.57,181.57,181.57,181.57,181.57,795.48,795.48,795.48,795.48,795.48,85.52,108.68,31.82,14.0,0.0478,0.8341,31.41,5000.0
33.0,0.9,1333.33,12.36,96.54,5096.16,182.63,182.63,182.63,182.63,182.63,796.37,796.37,796.37,796.37,796.37,85.51,109.14,31.81,14.0,0.0478,0.8339,31.41,5000.0
34.0,0.9,1375.0,12.28,96.39,5094.74,183.64,183.64,183.64,183.64,183.64,797.15,797.15,797.15,797.15,797.15,85.49,109.57,31.79,14.0,0.0478,0.8337,31.41,5000.0
35.0,0.9,1416.67,12.19,96.24,5093.33,184.62,184.62,184.62,184.62,184.62,797.82,797.82,797.82,797.82,797.82,85.48,109.99,31.78,14.0,0.0478,0.8335,31.41,5000.0
36.0,0.9,1458.33,12.11,96.1,5091.91,185.55,185.55,185.55,185.55,185.55,798.41,798.41,798.41,798.41,798.41,85.46,110.38,31.77,14.0,0.0478,0.8332,31.41,5000.0
37.0,0.9,1500.0,12.03,95.95,5090.49,186.44,186.44,186.44,186.44,186.44,798.91,798.91,798.91,798.91,798.91,85.44,110.75,31.76,14.0,0.0478,0.833,31.4,5000.0
38.0,0.9,1541.67,11.95,95.81,5089.08,187.3,187.3,187.3,187.3,187.3,799.34,799.34,799.34,799.34,799.34,85.43,111.11,31.74,14.0,0.0478,0.8328,31.4,5000.0
39.0,0.9,1583.33,11.86,95.66,5087.66,188.12,188.12,188.12,188.12,188.12,799.72,799.72,799.72,799.72,799.72,85.41,111.44,31.73,14.0,0.0478,0.8325,31.4,5000.0
40.0,0.9,1625.0,11.78,95.51,5086.24,188.91,188.91,188.91,188.91,188.91,800.04,800.04,800.04,800.04,800.04,85.39,111.76,31.72,14.0,0.0477,0.8323,31.4,5000.0
41.0,0.9,1666.67,11.7,95.37,5084.83,189.66,189.66,189.66,189.66,189.66,800.31,800.31,800.31,800.31,800.31,85.38,112.06,31.71,14.0,0.0477,0.8321,31.4,5000.0
42.0,0.9,1708.33,11.62,95.22,5083.41,190.39,190.39,190.39,190.39,190.39,800.53,800.53,800.53,800.53,800.53,85.36,112.34,31.69,14.0,0.0477,0.8318,31.39,5000.0
43.0,0.9,1750.0,11.53,95.08,5081.99,191.08,191.08,191.08,191.08,191.08,800.72,800.72,800.72,800.72,800.72,85.34,112.61,31.68,14.0,0.0477,0.8316,31.39,5000.0
44.0,0.9,1791.67,11.45,94.93,5080.58,191.75,191.75,191.75,191.75,191.75,800.88,800.88,800.88,800.88,800.88,85.33,112.86,31.67,14.0,0.0477,0.8314,31.39,5000.0
45.0,0.9,1833.33,11.37,94.79,5079.16,192.38,192.38,192.38,192.38,192.38,801.01,801.01,801.01,801.01,801.01,85.31,113.1,31.66,14.0,0.0477,0.8311,31.39,5000.0
46.0,0.9,1875.0,11.29,94.64,5077.74,192.99,192.99,192.99,192.99,192.99,801.11,801.11,801.11,801.11,801.11,85.29,113.33,31.64,14.0,0.0477,0.8309,31.39,5000.0
47.0,0.9,1916.67,11.2,94.5,5076.33,193.58,193.58,193.58,193.58,193.58,801.19,801.19,801.19,801.19,801.19,85.28,113.54,31.63,14.0,0.0477,0.8307,31.38,5000.0
48.0,0.9,1958.33,11.12,94.36,5074.91,194.14,194.14,194.14,194.14,194.14,801.25,801.25,801.25,801.25,801.25,85.26,113.75,31.62,14.0,0.0477,0.8304,31.38,5000.0
49.0,0.9,2000.0,11.04,94.21,5073.49,194.67,194.67,194.67,194.67,194.67,801.29,801.29,801.29,801.29,801.29,85.24,113.94,31.61,14.0,0.0477,0.8302,31.38,5000.0
50.0,0.9,2041.67,10.96,94.07,5072.08,195.19,195.19,195.19,195.19,195.19,801.31,801.31,801.31,801.31,801.31,85.23,114.12,31.59,14.0,0.0477,0.83,31.38,5000.0
51.0,0.9,2083.33,10.87,93.93,5070.66,195.68,195.68,195.68,195.68,195.68,801.33,801.33,801.33,801.33,801.33,85.21,114.29,31.58,14.0,0.0477,0.8297,31.38,5000.0
52.0,0.9,2125.0,10.79,93.78,5069.24,196.15,196.15,196.15,196.15,196.15,801.33,801.33,801.33,801.33,801.33,85.19,114.45,31.57,13.99,0.0477,0.8295,31.37,5000.0
53.0,0.9,2166.67,10.71,93.64,5067.83,196.6,196.6,196.6,196.6,196.6,801.32,801.32,801.32,801.32,801.32,85.18,114.6,31.56,13.99,0.0476,0.8293,31.37,5000.0
54.0,0.9,2208.33,10.62,93.5,5066.41,197.03,197.03,197.03,197.03,197.03,801.3,801.3,801.3,801.3,801.3,85.16,114.75,31.54,13.99,0.0476,0.829,31.37,5000.0
55.0,0.9,2250.0,10.54,93.35,5064.99,197.44,197.44,197.44,197.44,197.44,801.27,801.27,801.27,801.27,801.27,85.14,114.88,31.53,13.99,0.0476,0.8288,31.37,5000.0
56.0,0.9,2291.67,10.46,93.21,5063.58,197.83,197.83,197.83,197.83,197.83,801.23,801.23,801.23,801.23,801.23,85.13,115.01,31.52,13.99,0.0476,0.8286,31.37,5000.0
57.0,0.9,2333.33,10.38,93.07,5062.16,198.21,198.21,198.21,198.21,198.21,801.19,801.19,801.19,801.19,801.19,85.11,115.13,31.51,13.99,0.0476,0.8284,31.36,5000.0
58.0,0.9,2375.0,10.29,92.93,5060.74,198.57,198.57,198.57,198.57,198.57,801.14,801.14,801.14,801.14,801.14,85.09,115.24,31.49,13.99,0.0476,0.8281,31.36,5000.0
59.0,0.9,2416.67,10.21,92.78,5059.33,198.91,198.91,198.91,198.91,198.91,801.09,801.09,801.09,801.09,801.09,85.08,115.35,31.48,13.99,0.0476,0.8279,31.36,5000.0
60.0,0.9,2458.33,10.13,92.64,5057.91,199.24,199.24,199.24,199.24,199.24,801.03,801.03,801.03,801.03,801.03,85.06,115.45,31.47,13.99,0.0476,0.8277,31.36,5000.0
61.0,0.9,2500.0,10.05,92.5,5056.49,199.56,199.56,199.56,199.56,199.56,800.97,800.97,800.97,800.97,800.97,85.04,115.54,31.46,13.99,0.0476,0.8274,31.35,5000.0
62.0,0.9,2541.67,9.96,92.36,5055.08,199.86,199.86,199.86,199.86,199.86,800.9,800.9,800.9,800.9,800.9,85.03,115.63,31.44,13.99,0.0476,0.8272,31.35,5000.0
63.0,0.9,2583.33,9.88,92.22,5053.66,200.14,200.14,200.14,200.14,200.14,800.83,800.83,800.83,800.83,800.83,85.01,115.71,31.43,13.99,0.0476,0.827,31.35,5000.0
64.0,0.9,2625.0,9.8,92.07,5052.24,200.41,200.41,200.41,200.41,200.41,800.76,800.76,800.76,800.76,800.76,84.99,115.78,31.42,13.99,0.0476,0.8267,31.35,5000.0
65.0,0.9,2666.67,9.72,91.93,5050.83,200.68,200.68,200.68,200.68,200.68,800.69,800.69,800.69,800.69,800.69,84.98,115.85,31.41,13.99,0.0475,0.8265,31.35,5000.0
66.0,0.9,2708.33,9.63,91.79,5049.41,200.92,200.92,200.92,200.92,200.92,800.61,800.61,800.61,800.61,800.61,84.96,115.92,31.39,13.99,0.0475,0.8263,31.34,5000.0
67.0,0.9,2750.0,9.55,91.65,5047.99,201.16,201.16,201.16,201.16,201.16,800.53,800.53,800.53,800.53,800.53,84.94,115.98,31.38,13.99,0.0475,0.826,31.34,5000.0
68.0,0.9,2791.67,9.47,91.51,5046.58,201.39,201.39,201.39,201.39,201.39,800.45,800.45,800.45,800.45,800.45,84.93,116.04,31.37,13.99,0.0475,0.8258,31.34,5000.0
69.0,0.9,2833.33,9.39,91.37,5045.16,201.6,201.6,201.6,201.6,201.6,800.37,800.37,800.37,800.37,800.37,84.91,116.09,31.36,13.99,0.0475,0.8256,31.34,5000.0
70.0,0.9,2875.0,9.3,91.23,5043.74,201.81,201.81,201.81,201.81,201.81,800.29,800.29,800.29,800.29,800.29,84.89,116.14,31.34,13.99,0.0475,0.8253,31.34,5000.0
71.0,0.9,2916.67,9.22,91.09,5042.33,202.0,202.0,202.0,202.0,202.0,800.21,800.21,800.21,800.21,800.21,84.88,116.19,31.33,13.99,0.0475,0.8251,31.33,5000.0
72.0,0.9,2958.33,9.14,90.95,5040.91,202.19,202.19,202.19,202.19,202.19,800.12,800.12,800.12,800.12,800.12,84.86,116.23,31.32,13.98,0.0475,0.8249,31.33,5000.0
73.0,0.9,3000.0,9.06,90.81,5039.49,202.37,202.37,202.37,202.37,202.37,800.04,800.04,800.04,800.04,800.04,84.84,116.27,31.31,13.98,0.0475,0.8246,31.33,5000.0
74.0,0.9,3041.67,8.97,90.67,5038.08,202.53,202.53,202.53,202.53,202.53,799.95,799.95,799.95,799.95,799.95,84.83,116.3,31.29,13.98,0.0475,0.8244,31.33,5000.0
75.0,0.9,3083.33,8.89,90.53,5036.66,202.69,202.69,202.69,202.69,202.69,799.87,799.87,799.87,799.87,799.87,84.81,116.34,31.28,13.98,0.0475,0.8242,31.33,5000.0
76.0,0.9,3125.0,8.81,90.39,5035.24,202.85,202.85,202.85,202.85,202.85,799.78,799.78,799.78,799.78,799.78,84.79,116.37,31.27,13.98,0.0475,0.8239,31.32,5000.0
77.0,0.9,3166.67,8.73,90.25,5033.83,202.99,202.99,202.99,202.99,202.99,799.69,799.69,799.69,799.69,799.69,84.78,116.39,31.26,13.98,0.0475,0.8237,31.32,5000.0
78.0,0.9,3208.33,8.64,90.12,5032.41,203.13,203.13,203.13,203.13,203.13,799.6,799.6,799.6,799.6,799.6,84.76,116.42,31.24,13.98,0.0474,0.8235,31.32,5000.0
79.0,0.9,3250.0,8.56,89.98,5030.99,203.26,203.26,203.26,203.26,203.26,799.51,799.51,799.51,799.51,799.51,84.74,116.44,31.23,13.98,0.0474,0.8233,31.32,5000.0
80.0,0.9,3291.67,8.48,89.84,5029.58,203.38,203.38,203.38,203.38,203.38,799.43,799.43,799.43,799.43,799.43,84.73,116.46,31.22,13.98,0.0474,0.823,31.32,5000.0
81.0,0.9,3333.33,8.4,89.7,5028.16,203.49,203.49,203.49,203.49,203.49,799.34,799.34,799.34,799.34,799.34,84.71,116.47,31.21,13.98,0.0474,0.8228,31.31,5000.0
82.0,0.9,3375.0,8.31,89.56,5026.74,203.6,203.6,203.6,203.6,203.6,799.25,799.25,799.25,799.25,799.25,84.69,116.49,31.19,13.98,0.0474,0.8226,31.31,5000.0
83.0,0.9,3416.67,8.23,89.42,5025.33,203.71,203.71,203.71,203.71,203.71,799.16,799.16,799.16,799.16,799.16,84.68,116.5,31.18,13.98,0.0474,0.8223,31.31,5000.0
84.0,0.9,3458.33,8.15,89.29,5023.91,203.8,203.8,203.8,203.8,203.8,799.07,799.07,799.07,799.07,799.07,84.66,116.51,31.17,13.98,0.0474,0.8221,31.31,5000.0
85.0,0.9,3500.0,8.07,89.15,5022.49,203.9,203.9,203.9,203.9,203.9,798.98,798.98,798.98,798.98,798.98,84.64,116.52,31.16,13.98,0.0474,0.8219,31.31,5000.0
86.0,0.9,3541.67,7.98,89.01,5021.08,203.98,203.98,203.98,203.98,203.98,798.89,798.89,798.89,798.89,798.89,84.63,116.53,31.14,13.98,0.0474,0.8216,31.3,5000.0
87.0,0.9,3583.33,7.9,88.87,5019.66,204.06,204.06,204.06,204.06,204.06,798.8,798.8,798.8,798.8,798.8,84.61,116.53,31.13,13.98,0.0474,0.8214,31.3,5000.0
88.0,0.9,3625.0,7.82,88.74,5018.24,204.14,204.14,204.14,204.14,204.14,798.71,798.71,798.71,798.71,798.71,84.59,116.54,31.12,13.98,0.0474,0.8212,31.3,5000.0
89.0,0.9,3666.67,7.74,88.6,5016.83,204.21,204.21,204.21,204.21,204.21,798.62,798.62,798.62,798.62,798.62,84.58,116.54,31.11,13.98,0.0474,0.8209,31.3,5000.0
90.0,0.9,3708.33,7.65,88.46,5015.41,204.28,204.28,204.28,204.28,204.28,798.52,798.52,798.52,798.52,798.52,84.56,116.54,31.09,13.98,0.0474,0.8207,31.3,5000.0
91.0,0.9,3750.0,7.57,88.33,5013.99,204.34,204.34,204.34,204.34,204.34,798.43,798.43,798.43,798.43,798.43,84.54,116.54,31.08,13.98,0.0473,0.8205,31.29,5000.0
92.0,0.9,3791.67,7.49,88.19,5012.58,204.4,204.4,204.4,204.4,204.4,798.34,798.34,798.34,798.34,798.34,84.53,116.54,31.07,13.97,0.0473,0.8202,31.29,5000.0
93.0,0.9,3833.33,7.41,88.05,5011.16,204.45,204.45,204.45,204.45,204.45,798.25,798.25,798.25,798.25,798.25,84.51,116.53,31.06,13.97,0.0473,0.82,31.29,5000.0
94.0,0.9,3875.0,7.32,87.92,5009.74,204.5,204.5,204.5,204.5,204.5,798.16,798.16,798.16,798.16,798.16,84.49,116.53,31.04,13.97,0.0473,0.8198,31.29,5000.0
95.0,0.9,3916.67,7.24,87.78,5008.33,204.55,204.55,204.55,204.55,204.55,798.07,798.07,798.07,798.07,798.07,84.48,116.52,31.03,13.97,0.0473,0.8195,31.28,5000.0
96.0,0.9,3958.33,7.16,87.65,5006.91,204.59,204.59,204.59,204.59,204.59,797.98,797.98,797.98,797.98,797.98,84.46,116.52,31.02,13.97,0.0473,0.8193,31.28,5000.0
97.0,0.9,4000.0,7.08,87.51,5005.49,204.63,204.63,204.63,204.63,204.63,797.89,797.89,797.89,797.89,797.89,84.44,116.51,31.01,13.97,0.0473,0.8191,31.28,5000.0
98.0,0.9,4041.67,6.99,87.37,5004.08,204.67,204.67,204.67,204.67,204.67,797.79,797.79,797.79,797.79,797.79,84.43,116.5,30.99,13.97,0.0473,0.8188,31.28,5000.0
99.0,0.9,4083.33,6.91,87.24,5002.66,204.7,204.7,204.7,204.7,204.7,797.7,797.7,797.7,797.7,797.7,84.41,116.49,30.98,13.97,0.0473,0.8186,31.28,5000.0
100.0,0.9,4125.0,6.83,87.1,5001.24,204.73,204.73,204.73,204.73,204.73,797.61,797.61,797.61,797.61,797.61,84.39,116.48,30.97,13.97,0.0473,0.8184,31.27,5000.0
101.0,0.9,4166.67,6.75,86.97,4999.83,204.76,204.76,204.76,204.76,204.76,797.52,797.52,797.52,797.52,797.52,84.38,116.47,30.96,13.97,0.0473,0.8182,31.27,5000.0
102.0,0.9,4208.33,6.66,86.83,4998.41,204.78,204.78,204.78,204.78,204.78,797.43,797.43,797.43,797.43,797.43,84.36,116.46,30.94,13.97,0.0473,0.8179,31.27,5000.0
103.0,0.9,4250.0,6.58,86.7,4996.99,204.8,204.8,204.8,204.8,204.8,797.34,797.34,797.34,797.34,797.34,84.34,116.44,30.93,13.97,0.0473,0.8177,31.27,5000.0
104.0,0.9,4291.67,6.5,86.57,4995.58,204.82,204.82,204.82,204.82,204.82,797.25,797.25,797.25,797.25,797.25,84.33,116.43,30.92,13.97,0.0472,0.8175,31.27,5000.0
105.0,0.9,4333.33,6.41,86.43,4994.16,204.84,204.84,204.84,204.84,204.84,797.15,797.15,797.15,797.15,797.15,84.31,116.42,30.91,13.97,0.0472,0.8172,31.26,5000.0
106.0,0.9,4375.0,6.33,86.3,4992.74,204.85,204.85,204.85,204.85,204.85,797.06,797.06,797.06,797.06,797.06,84.29,116.4,30.89,13.97,0.0472,0.817,31.26,5000.0
107.0,0.9,4416.67,6.25,86.16,4991.33,204.86,204.86,204.86,204.86,204.86,796.97,796.97,796.97,796.97,796.97,84.28,116.39,30.88,13.97,0.0472,0.8168,31.26,5000.0
108.0,0.9,4458.33,6.17,86.03,4989.91,204.87,204.87,204.87,204.87,204.87,796.88,796.88,796.88,796.88,796.88,84.26,116.37,30.87,13.97,0.0472,0.8165,31.26,5000.0
109.0,0.9,4500.0,6.08,85.9,4988.49,204.88,204.88,204.88,204.88,204.88,796.79,796.79,796.79,796.79,796.79,84.24,116.35,30.86,13.97,0.0472,0.8163,31.26,5000.0
110.0,0.9,4541.67,6.0,85.76,4987.08,204.89,204.89,204.89,204.89,204.89,796.7,796.7,796.7,796.7,796.7,84.23,116.34,30.84,13.97,0.0472,0.8161,31.25,5000.0
111.0,0.9,4583.33,5.92,85.63,4985.66,204.89,204.89,204.89,204.89,204.89,796.6,796.6,796.6,796.6,796.6,84.21,116.32,30.83,13.97,0.0472,0.8158,31.25,5000.0
112.0,0.9,4625.0,5.84,85.5,4984.24,204.89,204.89,204.89,204.89,204.89,796.51,796.51,796.51,796.51,796.51,84.19,116.3,30.82,13.96,0.0472,0.8156,31.25,5000.0
113.0,0.9,4666.67,5.75,85.36,4982.83,204.89,204.89,204.89,204.89,204.89,796.42,796.42,796.42,796.42,796.42,84.18,116.28,30.81,13.96,0.0472,0.8154,31.25,5000.0
114.0,0.9,4708.33,5.67,85.23,4981.41,204.89,204.89,204.89,204.89,204.89,796.33,796.33,796.33,796.33,796.33,84.16,116.26,30.79,13.96,0.0472,0.8151,31.25,5000.0
115.0,0.9,4750.0,5.59,85.1,4979.99,204.88,204.88,204.88,204.88,204.88,796.24,796.24,796.24,796.24,796.24,84.14,116.24,30.78,13.96,0.0472,0.8149,31.24,5000.0
116.0,0.9,4791.67,5.51,84.97,4978.58,204.88,204.88,204.88,204.88,204.88,796.15,796.15,796.15,796.15,796.15,84.13,116.22,30.77,13.96,0.0472,0.8147,31.24,5000.0
117.0,0.9,4833.33,5.42,84.83,4977.16,204.87,204.87,204.87,204.87,204.87,796.05,796.05,796.05,796.05,796.05,84.11,116.2,30.76,13.96,0.0471,0.8144,31.24,5000.0
118.0,0.9,4875.0,5.34,84.7,4975.74,204.86,204.86,204.86,204.86,204.86,795.96,795.96,795.96,795.96,795.96,84.09,116.18,30.74,13.96,0.0471,0.8142,31.24,5000.0
119.0,0.9,4916.67,5.26,84.57,4974.33,204.85,204.85,204.85,204.85,204.85,795.87,795.87,795.87,795.87,795.87,84.08,116.16,30.73,13.96,0.0471,0.814,31.24,5000.0
120.0,0.9,4958.33,5.18,84.44,4972.91,204.84,204.84,204.84,204.84,204.84,795.78,795.78,795.78,795.78,795.78,84.06,116.14,30.72,13.96,0.0471,0.8137,31.23,5000.0
121.0,0.9,5000.0,5.09,84.31,4971.49,204.82,204.82,204.82,204.82,204.82,795.69,795.69,795.69,795.69,795.69,84.04,116.12,30.71,13.96,0.0471,0.8135,31.23,5000.0
122.0,0.9,5010.42,5.07,84.27,4969.44,204.81,204.81,204.81,204.81,204.81,795.57,795.57,795.57,795.57,795.57,84.02,116.1,30.69,13.96,0.0471,0.8126,31.23,5000.0
123.0,0.9,5020.83,5.05,84.24,4967.06,204.79,204.79,204.79,204.79,204.79,795.43,795.43,795.43,795.43,795.43,84.0,116.07,30.67,13.96,0.0471,0.8117,31.22,5000.0
124.0,0.9,5031.25,5.03,84.21,4964.5,204.77,204.77,204.77,204.77,204.77,795.27,795.27,795.27,795.27,795.27,83.97,116.05,30.65,13.96,0.0471,0.8107,31.22,5000.0
125.0,0.9,5041.67,5.01,84.18,4961.86,204.75,204.75,204.75,204.75,204.75,795.1,795.1,795.1,795.1,795.1,83.94,116.02,30.63,13.96,0.0471,0.8097,31.22,5000.0
126.0,0.9,5052.08,4.99,84.14,4959.18,204.72,204.72,204.72,204.72,204.72,794.91,794.91,794.91,794.91,794.91,83.91,116.0,30.61,13.96,0.0471,0.8087,31.21,5000.0
127.0,0.9,5062.5,4.97,84.11,4956.47,204.69,204.69,204.69,204.69,204.69,794.71,794.71,794.71,794.71,794.71,83.88,115.97,30.59,13.96,0.047,0.8077,31.21,5000.0
128.0,0.9,5072.92,4.95,84.08,4953.75,204.67,204.67,204.67,204.67,204.67,794.49,794.49,794.49,794.49,794.49,83.85,115.94,30.57,13.96,0.047,0.8067,31.21,5000.0
129.0,0.9,5083.33,4.93,84.04,4951.03,204.64,204.64,204.64,204.64,204.64,794.26,794.26,794.26,794.26,794.26,83.82,115.91,30.55,13.95,0.047,0.8057,31.2,5000.0
130.0,0.89,5093.75,4.91,84.01,4948.3,204.6,204.6,204.6,204.6,204.6,794.03,794.03,794.03,794.03,794.03,83.79,115.88,30.53,13.95,0.047,0.8047,31.2,5000.0
131.0,0.89,5104.17,4.89,83.98,4945.56,204.57,204.57,204.57,204.57,204.57,793.79,793.79,793.79,793.79,793.79,83.76,115.85,30.51,13.95,0.047,0.8037,31.19,5000.0
132.0,0.89,5114.58,4.87,83.95,4942.83,204.53,204.53,204.53,204.53,204.53,793.53,793.53,793.53,793.53,793.53,83.72,115.82,30.49,13.95,0.047,0.8026,31.19,5000.0
133.0,0.89,5125.0,4.85,83.91,4940.1,204.49,204.49,204.49,204.49,204.49,793.28,793.28,793.28,793.28,793.28,83.69,115.79,30.46,13.95,0.0469,0.8016,31.19,5000.0
134.0,0.89,5135.42,4.83,83.88,4937.36,204.46,204.46,204.46,204.46,204.46,793.02,793.02,793.02,793.02,793.02,83.66,115.76,30.44,13.95,0.0469,0.8006,31.18,5000.0
135.0,0.89,5145.83,4.81,83.85,4934.63,204.42,204.42,204.42,204.42,204.42,792.75,792.75,792.75,792.75,792.75,83.63,115.73,30.42,13.95,0.0469,0.7996,31.18,5000.0
136.0,0.89,5156.25,4.78,83.81,4931.89,204.37,204.37,204.37,204.37,204.37,792.48,792.48,792.48,792.48,792.48,83.6,115.7,30.4,13.95,0.0469,0.7986,31.17,5000.0
137.0,0.89,5166.67,4.76,83.78,4929.15,204.33,204.33,204.33,204.33,204.33,792.2,792.2,792.2,792.2,792.2,83.56,115.66,30.38,13.95,0.0469,0.7976,31.17,5000.0
138.0,0.89,5177.08,4.74,83.75,4926.42,204.28,204.28,204.28,204.28,204.28,791.92,791.92,791.92,791.92,791.92,83.53,115.63,30.36,13.95,0.0469,0.7966,31.17,5000.0
139.0,0.89,5187.5,4.72,83.72,4923.68,204.24,204.24,204.24,204.24,204.24,791.64,791.64,791.64,791.64,791.64,83.5,115.59,30.34,13.95,0.0469,0.7956,31.16,5000.0
140.0,0.89,5197.92,4.7,83.68,4920.94,204.19,204.19,204.19,204.19,204.19,791.35,791.35,791.35,791.35,791.35,83.47,115.56,30.32,13.95,0.0468,0.7946,31.16,5000.0
141.0,0.89,5208.33,4.68,83.65,4918.2,204.14,204.14,204.14,204.14,204.14,791.07,791.07,791.07,791.07,791.07,83.43,115.52,30.3,13.95,0.0468,0.7936,31.15,5000.0
142.0,0.89,5218.75,4.66,83.62,4915.46,204.09,204.09,204.09,204.09,204.09,790.78,790.78,790.78,790.78,790.78,83.4,115.49,30.28,13.95,0.0468,0.7926,31.15,5000.0
143.0,0.89,5229.17,4.64,83.59,4912.72,204.04,204.04,204.04,204.04,204.04,790.49,790.49,790.49,790.49,790.49,83.37,115.45,30.26,13.94,0.0468,0.7916,31.15,5000.0
144.0,0.89,5239.58,4.62,83.55,4909.98,203.99,203.99,203.99,203.99,203.99,790.19,790.19,790.19,790.19,790.19,83.34,115.42,30.24,13.94,0.0468,0.7906,31.14,5000.0
145.0,0.89,5250.0,4.6,83.52,4907.24,203.94,203.94,203.94,203.94,203.94,789.9,789.9,789.9,789.9,789.9,83.3,115.38,30.22,13.94,0.0468,0.7896,31.14,5000.0
146.0,0.88,5260.42,4.58,83.49,4904.5,203.88,203.88,203.88,203.88,203.88,789.61,789.61,789.61,789.61,789.61,83.27,115.34,30.2,13.94,0.0468,0.7886,31.13,5000.0
147.0,0.88,5270.83,4.56,83.46,4901.76,203.83,203.83,203.83,203.83,203.83,789.31,789.31,789.31,789.31,789.31,83.24,115.31,30.18,13.94,0.0467,0.7876,31.13,5000.0
148.0,0.88,5281.25,4.54,83.42,4899.02,203.77,203.77,203.77,203.77,203.77,789.01,789.01,789.01,789.01,789.01,83.21,115.27,30.16,13.94,0.0467,0.7866,31.13,5000.0
149.0,0.88,5291.67,4.52,83.39,4896.27,203.72,203.72,203.72,203.72,203.72,788.71,788.71,788.71,788.71,788.71,83.17,115.23,30.13,13.94,0.0467,0.7856,31.12,5000.0
150.0,0.88,5302.08,4.5,83.36,4893.53,203.66,203.66,203.66,203.66,203.66,788.41,788.41,788.41,788.41,788.41,83.14,115.19,30.11,13.94,0.0467,0.7846,31.12,5000.0
151.0,0.88,5312.5,4.47,83.33,4890.79,203.6,203.6,203.6,203.6,203.6,788.11,788.11,788.11,788.11,788.11,83.11,115.15,30.09,13.94,0.0467,0.7836,31.11,5000.0
152.0,0.88,5322.92,4.45,83.29,4888.04,203.54,203.54,203.54,203.54,203.54,787.81,787.81,787.81,787.81,787.81,83.08,115.12,30.07,13.94,0.0467,0.7826,31.11,5000.0
153.0,0.88,5333.33,4.43,83.26,4885.3,203.48,203.48,203.48,203.48,203.48,787.51,787.51,787.51,787.51,787.51,83.04,115.08,30.05,13.94,0.0466,0.7816,31.11,5000.0
154.0,0.88,5343.75,4.41,83.23,4882.55,203.42,203.42,203.42,203.42,203.42,787.21,787.21,787.21,787.21,787.21,83.01,115.04,30.03,13.94,0.0466,0.7807,31.1,5000.0
155.0,0.88,5354.17,4.39,83.2,4879.8,203.36,203.36,203.36,203.36,203.36,786.91,786.91,786.91,786.91,786.91,82.98,115.0,30.01,13.94,0.0466,0.7797,31.1,5000.0
156.0,0.88,5364.58,4.37,83.16,4877.06,203.3,203.3,203.3,203.3,203.3,786.61,786.61,786.61,786.61,786.61,82.94,114.96,29.99,13.94,0.0466,0.7787,31.09,5000.0
157.0,0.88,5375.0,4.35,83.13,4874.31,203.24,203.24,203.24,203.24,203.24,786.31,786.31,786.31,786.31,786.31,82.91,114.92,29.97,13.94,0.0466,0.7777,31.09,5000.0
158.0,0.88,5385.42,4.33,83.1,4871.56,203.18,203.18,203.18,203.18,203.18,786.0,786.0,786.0,786.0,786.0,82.88,114.88,29.95,13.93,0.0466,0.7767,31.09,5000.0
159.0,0.88,5395.83,4.31,83.07,4868.82,203.11,203.11,203.11,203.11,203.11,785.7,785.7,785.7,785.7,785.7,82.85,114.84,29.93,13.93,0.0466,0.7757,31.08,5000.0
160.0,0.88,5406.25,4.29,83.03,4866.07,203.05,203.05,203.05,203.05,203.05,785.4,785.4,785.4,785.4,785.4,82.81,114.8,29.91,13.93,0.0465,0.7747,31.08,5000.0
161.0,0.88,5416.67,4.27,83.0,4863.32,202.99,202.99,202.99,202.99,202.99,785.09,785.09,785.09,785.09,785.09,82.78,114.76,29.89,13.93,0.0465,0.7737,31.07,5000.0
162.0,0.87,5427.08,4.25,82.97,4860.57,202.92,202.92,202.92,202.92,202.92,784.79,784.79,784.79,784.79,784.79,82.75,114.72,29.87,13.93,0.0465,0.7727,31.07,5000.0
163.0,0.87,5437.5,4.23,82.94,4857.82,202.85,202.85,202.85,202.85,202.85,784.48,784.48,784.48,784.48,784.48,82.72,114.68,29.85,13.93,0.0465,0.7717,31.07,5000.0
164.0,0.87,5447.92,4.21,82.9,4855.07,202.79,202.79,202.79,202.79,202.79,784.18,784.18,784.18,784.18,784.18,82.68,114.64,29.83,13.93,0.0465,0.7707,31.06,5000.0
165.0,0.87,5458.33,4.19,82.87,4852.32,202.72,202.72,202.72,202.72,202.72,783.88,783.88,783.88,783.88,783.88,82.65,114.6,29.8,13.93,0.0465,0.7698,31.06,5000.0
166.0,0.87,5468.75,4.17,82.84,4849.56,202.66,202.66,202.66,202.66,202.66,783.57,783.57,783.57,783.57,783.57,82.62,114.56,29.78,13.93,0.0465,0.7688,31.05,5000.0
167.0,0.87,5479.17,4.14,82.81,4846.81,202.59,202.59,202.59,202.59,202.59,783.27,783.27,783.27,783.27,783.27,82.58,114.52,29.76,13.93,0.0464,0.7678,31.05,5000.0
168.0,0.87,5489.58,4.12,82.77,4844.06,202.52,202.52,202.52,202.52,202.52,782.96,782.96,782.96,782.96,782.96,82.55,114.48,29.74,13.93,0.0464,0.7668,31.05,5000.0
169.0,0.87,5500.0,4.1,82.74,4841.31,202.45,202.45,202.45,202.45,202.45,782.66,782.66,782.66,782.66,782.66,82.52,114.44,29.72,13.93,0.0464,0.7658,31.04,5000.0
170.0,0.87,5510.42,4.08,82.71,4838.55,202.38,202.38,202.38,202.38,202.38,782.35,782.35,782.35,782.35,782.35,82.49,114.39,29.7,13.93,0.0464,0.7648,31.04,5000.0
171.0,0.87,5520.83,4.06,82.68,4835.8,202.32,202.32,202.32,202.32,202.32,782.05,782.05,782.05,782.05,782.05,82.45,114.35,29.68,13.93,0.0464,0.7638,31.03,5000.0
172.0,0.87,5531.25,4.04,82.64,4833.04,202.25,202.25,202.25,202.25,202.25,781.74,781.74,781.74,781.74,781.74,82.42,114.31,29.66,13.92,0.0464,0.7629,31.03,5000.0
173.0,0.87,5541.67,4.02,82.61,4830.29,202.18,202.18,202.18,202.18,202.18,781.44,781.44,781.44,781.44,781.44,82.39,114.27,29.64,13.92,0.0463,0.7619,31.03,5000.0
174.0,0.87,5552.08,4.0,82.58,4827.53,202.11,202.11,202.11,202.11,202.11,781.13,781.13,781.13,781.13,781.13,82.35,114.23,29.62,13.92,0.0463,0.7609,31.02,5000.0
175.0,0.87,5562.5,3.98,82.55,4824.77,202.04,202.04,202.04,202.04,202.04,780.83,780.83,780.83,780.83,780.83,82.32,114.19,29.6,13.92,0.0463,0.7599,31.02,5000.0
176.0,0.87,5572.92,3.96,82.51,4822.02,201.97,201.97,201.97,201.97,201.97,780.52,780.52,780.52,780.52,780.52,82.29,114.15,29.58,13.92,0.0463,0.7589,31.01,5000.0
177.0,0.86,5583.33,3.94,82.48,4819.26,201.9,201.9,201.9,201.9,201.9,780.22,780.22,780.22,780.22,780.22,82.25,114.1,29.56,13.92,0.0463,0.7579,31.01,5000.0
178.0,0.86,5593.75,3.92,82.45,4816.5,201.82,201.82,201.82,201.82,201.82,779.91,779.91,779.91,779.91,779.91,82.22,114.06,29.54,13.92,0.0463,0.757,31.01,5000.0
179.0,0.86,5604.17,3.9,82.42,4813.74,201.75,201.75,201.75,201.75,201.75,779.61,779.61,779.61,779.61,779.61,82.19,114.02,29.52,13.92,0.0463,0.756,31.0,5000.0
180.0,0.86,5614.58,3.88,82.39,4810.98,201.68,201.68,201.68,201.68,201.68,779.3,779.3,779.3,779.3,779.3,82.16,113.98,29.5,13.92,0.0462,0.755,31.0,5000.0
181.0,0.86,5625.0,3.86,82.35,4808.22,201.61,201.61,201.61,201.61,201.61,779.0,779.0,779.0,779.0,779.0,82.12,113.94,29.47,13.92,0.0462,0.754,30.99,5000.0
182.0,0.86,5635.42,3.84,82.32,4805.46,201.54,201.54,201.54,201.54,201.54,778.69,778.69,778.69,778.69,778.69,82.09,113.9,29.45,13.92,0.0462,0.753,30.99,5000.0
183.0,0.86,5645.83,3.81,82.29,4802.7,201.47,201.47,201.47,201.47,201.47,778.39,778.39,778.39,778.39,778.39,82.06,113.85,29.43,13.92,0.0462,0.7521,30.99,5000.0
184.0,0.86,5656.25,3.79,82.26,4799.94,201.39,201.39,201.39,201.39,201.39,778.08,778.08,778.08,778.08,778.08,82.02,113.81,29.41,13.92,0.0462,0.7511,30.98,5000.0
185.0,0.86,5666.67,3.77,82.22,4797.18,201.32,201.32,201.32,201.32,201.32,777.77,777.77,777.77,777.77,777.77,81.99,113.77,29.39,13.92,0.0462,0.7501,30.98,5000.0
186.0,0.86,5677.08,3.75,82.19,4794.42,201.25,201.25,201.25,201.25,201.25,777.47,777.47,777.47,777.47,777.47,81.96,113.73,29.37,13.91,0.0462,0.7491,30.97,5000.0
187.0,0.86,5687.5,3.73,82.16,4791.66,201.17,201.17,201.17,201.17,201.17,777.16,777.16,777.16,777.16,777.16,81.92,113.69,29.35,13.91,0.0461,0.7482,30.97,5000.0
188.0,0.86,5697.92,3.71,82.13,4788.89,201.1,201.1,201.1,201.1,201.1,776.86,776.86,776.86,776.86,776.86,81.89,113.64,29.33,13.91,0.0461,0.7472,30.97,5000.0
189.0,0.86,5708.33,3.69,82.1,4786.13,201.03,201.03,201.03,201.03,201.03,776.55,776.55,776.55,776.55,776.55,81.86,113.6,29.31,13.91,0.0461,0.7462,30.96,5000.0
190.0,0.86,5718.75,3.67,82.06,4783.36,200.95,200.95,200.95,200.95,200.95,776.25,776.25,776.25,776.25,776.25,81.82,113.56,29.29,13.91,0.0461,0.7452,30.96,5000.0
191.0,0.86,5729.17,3.65,82.03,4780.6,200.88,200.88,200.88,200.88,200.88,775.94,775.94,775.94,775.94,775.94,81.79,113.52,29.27,13.91,0.0461,0.7443,30.95,5000.0
192.0,0.86,5739.58,3.63,82.0,4777.83,200.81,200.81,200.81,200.81,200.81,775.64,775.64,775.64,775.64,775.64,81.76,113.48,29.25,13.91,0.0461,0.7433,30.95,5000.0
193.0,0.85,5750.0,3.61,81.97,4775.07,200.73,200.73,200.73,200.73,200.73,775.33,775.33,775.33,775.33,775.33,81.73,113.43,29.23,13.91,0.046,0.7423,30.95,5000.0
194.0,0.85,5760.42,3.59,81.93,4772.3,200.66,200.66,200.66,200.66,200.66,775.02,775.02,775.02,775.02,775.02,81.69,113.39,29.21,13.91,0.046,0.7413,30.94,5000.0
195.0,0.85,5770.83,3.57,81.9,4769.54,200.58,200.58,200.58,200.58,200.58,774.72,774.72,774.72,774.72,774.72,81.66,113.35,29.19,13.91,0.046,0.7404,30.94,5000.0
196.0,0.85,5781.25,3.55,81.87,4766.77,200.51,200.51,200.51,200.51,200.51,774.41,774.41,774.41,774.41,774.41,81.63,113.31,29.17,13.91,0.046,0.7394,30.93,5000.0
197.0,0.85,5791.67,3.53,81.84,4764.0,200.43,200.43,200.43,200.43,200.43,774.11,774.11,774.11,774.11,774.11,81.59,113.26,29.14,13.91,0.046,0.7384,30.93,5000.0
198.0,0.85,5802.08,3.5,81.81,4761.23,200.36,200.36,200.36,200.36,200.36,773.8,773.8,773.8,773.8,773.8,81.56,113.22,29.12,13.91,0.046,0.7374,30.93,5000.0
199.0,0.85,5812.5,3.48,81.77,4758.46,200.28,200.28,200.28,200.28,200.28,773.49,773.49,773.49,773.49,773.49,81.53,113.18,29.1,13.91,0.046,0.7365,30.92,5000.0
200.0,0.85,5822.92,3.46,81.74,4755.69,200.21,200.21,200.21,200.21,200.21,773.19,773.19,773.19,773.19,773.19,81.49,113.14,29.08,13.9,0.0459,0.7355,30.92,5000.0
201.0,0.85,5833.33,3.44,81.71,4752.92,200.13,200.13,200.13,200.13,200.13,772.88,772.88,772.88,772.88,772.88,81.46,113.09,29.06,13.9,0.0459,0.7345,30.91,5000.0
202.0,0.85,5843.75,3.42,81.68,4750.15,200.06,200.06,200.06,200.06,200.06,772.58,772.58,772.58,772.58,772.58,81.43,113.05,29.04,13.9,0.0459,0.7336,30.91,5000.0
203.0,0.85,5854.17,3.4,81.65,4747.38,199.98,199.98,199.98,199.98,199.98,772.27,772.27,772.27,772.27,772.27,81.39,113.01,29.02,13.9,0.0459,0.7326,30.91,5000.0
204.0,0.85,5864.58,3.38,81.61,4744.61,199.91,199.91,199.91,199.91,199.91,771.96,771.96,771.96,771.96,771.96,81.36,112.97,29.0,13.9,0.0459,0.7316,30.9,5000.0
205.0,0.85,5875.0,3.36,81.58,4741.84,199.83,199.83,199.83,199.83,199.83,771.66,771.66,771.66,771.66,771.66,81.33,112.92,28.98,13.9,0.0459,0.7307,30.9,5000.0
206.0,0.85,5885.42,3.34,81.55,4739.06,199.76,199.76,199.76,199.76,199.76,771.35,771.35,771.35,771.35,771.35,81.29,112.88,28.96,13.9,0.0458,0.7297,30.89,5000.0
207.0,0.85,5895.83,3.32,81.52,4736.29,199.68,199.68,199.68,199.68,199.68,771.05,771.05,771.05,771.05,771.05,81.26,112.84,28.94,13.9,0.0458,0.7287,30.89,5000.0
208.0,0.85,5906.25,3.3,81.49,4733.52,199.61,199.61,199.61,199.61,199.61,770.74,770.74,770.74,770.74,770.74,81.23,112.8,28.92,13.9,0.0458,0.7278,30.89,5000.0
209.0,0.84,5916.67,3.28,81.45,4730.74,199.53,199.53,199.53,199.53,199.53,770.43,770.43,770.43,770.43,770.43,81.19,112.75,28.9,13.9,0.0458,0.7268,30.88,5000.0
210.0,0.84,5927.08,3.26,81.42,4727.97,199.45,199.45,199.45,199.45,199.45,770.13,770.13,770.13,770.13,770.13,81.16,112.71,28.88,13.9,0.0458,0.7259,30.88,5000.0
211.0,0.84,5937.5,3.24,81.39,4725.19,199.38,199.38,199.38,199.38,199.38,769.82,769.82,769.82,769.82,769.82,81.13,112.67,28.86,13.9,0.0458,0.7249,30.87,5000.0
212.0,0.84,5947.92,3.22,81.36,4722.42,199.3,199.3,199.3,199.3,199.3,769.51,769.51,769.51,769.51,769.51,81.09,112.63,28.84,13.9,0.0458,0.7239,30.87,5000.0
213.0,0.84,5958.33,3.2,81.33,4719.64,199.22,199.22,199.22,199.22,199.22,769.21,769.21,769.21,769.21,769.21,81.06,112.58,28.81,13.9,0.0457,0.723,30.86,5000.0
214.0,0.84,5968.75,3.17,81.29,4716.87,199.15,199.15,199.15,199.15,199.15,768.9,768.9,768.9,768.9,768.9,81.03,112.54,28.79,13.9,0.0457,0.722,30.86,5000.0
215.0,0.84,5979.17,3.15,81.26,4714.09,199.07,199.07,199.07,199.07,199.07,768.59,768.59,768.59,768.59,768.59,80.99,112.5,28.77,13.89,0.0457,0.721,30.86,5000.0
216.0,0.84,5989.58,3.13,81.23,4711.31,198.99,198.99,198.99,198.99,198.99,768.29,768.29,768.29,768.29,768.29,80.96,112.46,28.75,13.89,0.0457,0.7201,30.85,5000.0
217.0,0.84,6000.0,3.11,81.2,4708.53,198.92,198.92,198.92,198.92,198.92,767.98,767.98,767.98,767.98,767.98,80.92,112.41,28.73,13.89,0.0457,0.7191,30.85,5000.0
218.0,0.84,6010.42,3.09,81.17,4705.75,198.84,198.84,198.84,198.84,198.84,767.68,767.68,767.68,767.68,767.68,80.89,112.37,28.71,13.89,0.0457,0.7182,30.84,5000.0
219.0,0.84,6020.83,3.07,81.14,4702.97,198.76,198.76,198.76,198.76,198.76,767.37,767.37,767.37,767.37,767.37,80.86,112.33,28.69,13.89,0.0457,0.7172,30.84,5000.0
220.0,0.84,6031.25,3.05,81.1,4700.19,198.69,198.69,198.69,198.69,198.69,767.06,767.06,767.06,767.06,767.06,80.82,112.29,28.67,13.89,0.0456,0.7162,30.84,5000.0
221.0,0.84,6041.67,3.03,81.07,4697.41,198.61,198.61,198.61,198.61,198.61,766.76,766.76,766.76,766.76,766.76,80.79,112.24,28.65,13.89,0.0456,0.7153,30.83,5000.0
222.0,0.84,6052.08,3.01,81.04,4694.63,198.53,198.53,198.53,198.53,198.53,766.45,766.45,766.45,766.45,766.45,80.76,112.2,28.63,13.89,0.0456,0.7143,30.83,5000.0
223.0,0.84,6062.5,2.99,81.01,4691.85,198.46,198.46,198.46,198.46,198.46,766.14,766.14,766.14,766.14,766.14,80.72,112.16,28.61,13.89,0.0456,0.7134,30.82,5000.0
224.0,0.84,6072.92,2.97,80.98,4689.07,198.38,198.38,198.38,198.38,198.38,765.84,765.84,765.84,765.84,765.84,80.69,112.12,28.59,13.89,0.0456,0.7124,30.82,5000.0
225.0,0.83,6083.33,2.95,80.94,4686.29,198.3,198.3,198.3,198.3,198.3,765.53,765.53,765.53,765.53,765.53,80.66,112.07,28.57,13.89,0.0456,0.7115,30.82,5000.0
226.0,0.83,6093.75,2.93,80.91,4683.5,198.23,198.23,198.23,198.23,198.23,765.22,765.22,765.22,765.22,765.22,80.62,112.03,28.55,13.89,0.0455,0.7105,30.81,5000.0
227.0,0.83,6104.17,2.91,80.88,4680.72,198.15,198.15,198.15,198.15,198.15,764.92,764.92,764.92,764.92,764.92,80.59,111.99,28.53,13.89,0.0455,0.7096,30.81,5000.0
228.0,0.83,6114.58,2.89,80.85,4677.94,198.07,198.07,198.07,198.07,198.07,764.61,764.61,764.61,764.61,764.61,80.56,111.95,28.51,13.89,0.0455,0.7086,30.8,5000.0
229.0,0.83,6125.0,2.87,80.82,4675.15,197.99,197.99,197.99,197.99,197.99,764.3,764.3,764.3,764.3,764.3,80.52,111.9,28.48,13.88,0.0455,0.7076,30.8,5000.0
230.0,0.83,6135.42,2.84,80.79,4672.37,197.92,197.92,197.92,197.92,197.92,764.0,764.0,764.0,764.0,764.0,80.49,111.86,28.46,13.88,0.0455,0.7067,30.8,5000.0
231.0,0.83,6145.83,2.82,80.75,4669.58,197.84,197.84,197.84,197.84,197.84,763.69,763.69,763.69,763.69,763.69,80.45,111.82,28.44,13.88,0.0455,0.7057,30.79,5000.0
232.0,0.83,6156.25,2.8,80.72,4666.79,197.76,197.76,197.76,197.76,197.76,763.38,763.38,763.38,763.38,763.38,80.42,111.78,28.42,13.88,0.0455,0.7048,30.79,5000.0
233.0,0.83,6166.67,2.78,80.69,4664.01,197.68,197.68,197.68,197.68,197.68,763.07,763.07,763.07,763.07,763.07,80.39,111.73,28.4,13.88,0.0454,0.7038,30.78,5000.0
234.0,0.83,6177.08,2.76,80.66,4661.22,197.61,197.61,197.61,197.61,197.61,762.77,762.77,762.77,762.77,762.77,80.35,111.69,28.38,13.88,0.0454,0.7029,30.78,5000.0
235.0,0.83,6187.5,2.74,80.63,4658.43,197.53,197.53,197.53,197.53,197.53,762.46,762.46,762.46,762.46,762.46,80.32,111.65,28.36,13.88,0.0454,0.7019,30.78,5000.0
236.0,0.83,6197.92,2.72,80.59,4655.64,197.45,197.45,197.45,197.45,197.45,762.15,762.15,762.15,762.15,762.15,80.29,111.61,28.34,13.88,0.0454,0.701,30.77,5000.0
237.0,0.83,6208.33,2.7,80.56,4652.86,197.37,197.37,197.37,197.37,197.37,761.85,761.85,761.85,761.85,761.85,80.25,111.56,28.32,13.88,0.0454,0.7,30.77,5000.0
238.0,0.83,6218.75,2.68,80.53,4650.07,197.3,197.3,197.3,197.3,197.3,761.54,761.54,761.54,761.54,761.54,80.22,111.52,28.3,13.88,0.0454,0.6991,30.76,5000.0
239.0,0.83,6229.17,2.66,80.5,4647.28,197.22,197.22,197.22,197.22,197.22,761.23,761.23,761.23,761.23,761.23,80.18,111.48,28.28,13.88,0.0453,0.6981,30.76,5000.0
240.0,0.83,6239.58,2.64,80.47,4644.49,197.14,197.14,197.14,197.14,197.14,760.93,760.93,760.93,760.93,760.93,80.15,111.43,28.26,13.88,0.0453,0.6972,30.76,5000.0
241.0,0.82,6250.0,2.62,80.44,4641.69,197.06,197.06,197.06,197.06,197.06,760.62,760.62,760.62,760.62,760.62,80.12,111.39,28.24,13.88,0.0453,0.6963,30.75,5000.0
242.0,0.82,6260.42,2.6,80.4,4638.9,196.98,196.98,196.98,196.98,196.98,760.31,760.31,760.31,760.31,760.31,80.08,111.35,28.22,13.88,0.0453,0.6953,30.75,5000.0
243.0,0.82,6270.83,2.58,80.37,4636.11,196.91,196.91,196.91,196.91,196.91,760.0,760.0,760.0,760.0,760.0,80.05,111.31,28.2,13.87,0.0453,0.6944,30.74,5000.0
244.0,0.82,6281.25,2.56,80.34,4633.32,196.83,196.83,196.83,196.83,196.83,759.7,759.7,759.7,759.7,759.7,80.02,111.26,28.18,13.87,0.0453,0.6934,30.74,5000.0
245.0,0.82,6291.67,2.53,80.31,4630.53,196.75,196.75,196.75,196.75,196.75,759.39,759.39,759.39,759.39,759.39,79.98,111.22,28.15,13.87,0.0453,0.6925,30.74,5000.0
246.0,0.82,6302.08,2.51,80.28,4627.73,196.67,196.67,196.67,196.67,196.67,759.08,759.08,759.08,759.08,759.08,79.95,111.18,28.13,13.87,0.0452,0.6915,30.73,5000.0
247.0,0.82,6312.5,2.49,80.25,4624.94,196.6,196.6,196.6,196.6,196.6,758.78,758.78,758.78,758.78,758.78,79.91,111.14,28.11,13.87,0.0452,0.6906,30.73,5000.0
248.0,0.82,6322.92,2.47,80.22,4622.14,196.52,196.52,196.52,196.52,196.52,758.47,758.47,758.47,758.47,758.47,79.88,111.09,28.09,13.87,0.0452,0.6896,30.72,5000.0
249.0,0.82,6333.33,2.45,80.18,4619.35,196.44,196.44,196.44,196.44,196.44,758.16,758.16,758.16,758.16,758.16,79.85,111.05,28.07,13.87,0.0452,0.6887,30.72,5000.0
250.0,0.82,6343.75,2.43,80.15,4616.55,196.36,196.36,196.36,196.36,196.36,757.85,757.85,757.85,757.85,757.85,79.81,111.01,28.05,13.87,0.0452,0.6878,30.71,5000.0
251.0,0.82,6354.17,2.41,80.12,4613.76,196.28,196.28,196.28,196.28,196.28,757.55,757.55,757.55,757.55,757.55,79.78,110.97,28.03,13.87,0.0452,0.6868,30.71,5000.0
252.0,0.82,6364.58,2.39,80.09,4610.96,196.2,196.2,196.2,196.2,196.2,757.24,757.24,757.24,757.24,757.24,79.74,110.92,28.01,13.87,0.0452,0.6859,30.71,5000.0
253.0,0.82,6375.0,2.37,80.06,4608.16,196.13,196.13,196.13,196.13,196.13,756.93,756.93,756.93,756.93,756.93,79.71,110.88,27.99,13.87,0.0451,0.6849,30.7,5000.0
254.0,0.82,6385.42,2.35,80.03,4605.37,196.05,196.05,196.05,196.05,196.05,756.62,756.62,756.62,756.62,756.62,79.68,110.84,27.97,13.87,0.0451,0.684,30.7,5000.0
255.0,0.82,6395.83,2.33,79.99,4602.57,195.97,195.97,195.97,195.97,195.97,756.32,756.32,756.32,756.32,756.32,79.64,110.8,27.95,13.87,0.0451,0.6831,30.69,5000.0
256.0,0.82,6406.25,2.31,79.96,4599.77,195.89,195.89,195.89,195.89,195.89,756.01,756.01,756.01,756.01,756.01,79.61,110.75,27.93,13.86,0.0451,0.6821,30.69,5000.0
257.0,0.82,6416.67,2.29,79.93,4596.97,195.81,195.81,195.81,195.81,195.81,755.7,755.7,755.7,755.7,755.7,79.57,110.71,27.91,13.86,0.0451,0.6812,30.69,5000.0
258.0,0.81,6427.08,2.27,79.9,4594.17,195.74,195.74,195.74,195.74,195.74,755.39,755.39,755.39,755.39,755.39,79.54,110.67,27.89,13.86,0.0451,0.6803,30.68,5000.0
259.0,0.81,6437.5,2.25,79.87,4591.37,195.66,195.66,195.66,195.66,195.66,755.09,755.09,755.09,755.09,755.09,79.51,110.63,27.87,13.86,0.045,0.6793,30.68,5000.0
260.0,0.81,6447.92,2.23,79.84,4588.57,195.58,195.58,195.58,195.58,195.58,754.78,754.78,754.78,754.78,754.78,79.47,110.58,27.85,13.86,0.045,0.6784,30.67,5000.0
261.0,0.81,6458.33,2.2,79.81,4585.77,195.5,195.5,195.5,195.5,195.5,754.47,754.47,754.47,754.47,754.47,79.44,110.54,27.82,13.86,0.045,0.6774,30.67,5000.0
262.0,0.81,6468.75,2.18,79.77,4582.97,195.42,195.42,195.42,195.42,195.42,754.16,754.16,754.16,754.16,754.16,79.4,110.5,27.8,13.86,0.045,0.6765,30.67,5000.0
263.0,0.81,6479.17,2.16,79.74,4580.16,195.34,195.34,195.34,195.34,195.34,753.86,753.86,753.86,753.86,753.86,79.37,110.46,27.78,13.86,0.045,0.6756,30.66,5000.0
264.0,0.81,6489.58,2.14,79.71,4577.36,195.27,195.27,195.27,195.27,195.27,753.55,753.55,753.55,753.55,753.55,79.34,110.41,27.76,13.86,0.045,0.6746,30.66,5000.0
265.0,0.81,6500.0,2.12,79.68,4574.56,195.19,195.19,195.19,195.19,195.19,753.24,753.24,753.24,753.24,753.24,79.3,110.37,27.74,13.86,0.045,0.6737,30.65,5000.0
266.0,0.81,6510.42,2.1,79.65,4571.75,195.11,195.11,195.11,195.11,195.11,752.93,752.93,752.93,752.93,752.93,79.27,110.33,27.72,13.86,0.0449,0.6728,30.65,5000.0
267.0,0.81,6520.83,2.08,79.62,4568.95,195.03,195.03,195.03,195.03,195.03,752.63,752.63,752.63,752.63,752.63,79.23,110.29,27.7,13.86,0.0449,0.6718,30.65,5000.0
268.0,0.81,6531.25,2.06,79.59,4566.14,194.95,194.95,194.95,194.95,194.95,752.32,752.32,752.32,752.32,752.32,79.2,110.24,27.68,13.86,0.0449,0.6709,30.64,5000.0
269.0,0.81,6541.67,2.04,79.55,4563.34,194.87,194.87,194.87,194.87,194.87,752.01,752.01,752.01,752.01,752.01,79.16,110.2,27.66,13.86,0.0449,0.67,30.64,5000.0
270.0,0.81,6552.08,2.02,79.52,4560.53,194.79,194.79,194.79,194.79,194.79,751.7,751.7,751.7,751.7,751.7,79.13,110.16,27.64,13.85,0.0449,0.6691,30.63,5000.0
271.0,0.81,6562.5,2.0,79.49,4557.73,194.72,194.72,194.72,194.72,194.72,751.39,751.39,751.39,751.39,751.39,79.1,110.12,27.62,13.85,0.0449,0.6681,30.63,5000.0
272.0,0.81,6572.92,1.98,79.46,4554.92,194.64,194.64,194.64,194.64,194.64,751.09,751.09,751.09,751.09,751.09,79.06,110.08,27.6,13.85,0.0448,0.6672,30.63,5000.0
273.0,0.81,6583.33,1.96,79.43,4552.11,194.56,194.56,194.56,194.56,194.56,750.78,750.78,750.78,750.78,750.78,79.03,110.03,27.58,13.85,0.0448,0.6663,30.62,5000.0
274.0,0.8,6593.75,1.94,79.4,4549.3,194.48,194.48,194.48,194.48,194.48,750.47,750.47,750.47,750.47,750.47,78.99,109.99,27.56,13.85,0.0448,0.6653,30.62,5000.0
275.0,0.8,6604.17,1.92,79.37,4546.5,194.4,194.4,194.4,194.4,194.4,750.16,750.16,750.16,750.16,750.16,78.96,109.95,27.54,13.85,0.0448,0.6644,30.61,5000.0
276.0,0.8,6614.58,1.9,79.34,4543.69,194.32,194.32,194.32,194.32,194.32,749.85,749.85,749.85,749.85,749.85,78.93,109.91,27.52,13.85,0.0448,0.6635,30.61,5000.0
277.0,0.8,6625.0,1.87,79.3,4540.88,194.24,194.24,194.24,194.24,194.24,749.55,749.55,749.55,749.55,749.55,78.89,109.86,27.49,13.85,0.0448,0.6626,30.6,5000.0
278.0,0.8,6635.42,1.85,79.27,4538.07,194.17,194.17,194.17,194.17,194.17,749.24,749.24,749.24,749.24,749.24,78.86,109.82,27.47,13.85,0.0448,0.6616,30.6,5000.0
279.0,0.8,6645.83,1.83,79.24,4535.26,194.09,194.09,194.09,194.09,194.09,748.93,748.93,748.93,748.93,748.93,78.82,109.78,27.45,13.85,0.0447,0.6607,30.6,5000.0
280.0,0.8,6656.25,1.81,79.21,4532.45,194.01,194.01,194.01,194.01,194.01,748.62,748.62,748.62,748.62,748.62,78.79,109.74,27.43,13.85,0.0447,0.6598,30.59,5000.0
281.0,0.8,6666.67,1.79,79.18,4529.63,193.93,193.93,193.93,193.93,193.93,748.31,748.31,748.31,748.31,748.31,78.75,109.69,27.41,13.85,0.0447,0.6589,30.59,5000.0
282.0,0.8,6677.08,1.77,79.15,4526.82,193.85,193.85,193.85,193.85,193.85,748.01,748.01,748.01,748.01,748.01,78.72,109.65,27.39,13.85,0.0447,0.6579,30.58,5000.0
283.0,0.8,6687.5,1.75,79.12,4524.01,193.77,193.77,193.77,193.77,193.77,747.7,747.7,747.7,747.7,747.7,78.68,109.61,27.37,13.85,0.0447,0.657,30.58,5000.0
284.0,0.8,6697.92,1.73,79.09,4521.2,193.69,193.69,193.69,193.69,193.69,747.39,747.39,747.39,747.39,747.39,78.65,109.57,27.35,13.84,0.0447,0.6561,30.58,5000.0
285.0,0.8,6708.33,1.71,79.05,4518.38,193.61,193.61,193.61,193.61,193.61,747.08,747.08,747.08,747.08,747.08,78.62,109.52,27.33,13.84,0.0446,0.6552,30.57,5000.0
286.0,0.8,6718.75,1.69,79.02,4515.57,193.54,193.54,193.54,193.54,193.54,746.77,746.77,746.77,746.77,746.77,78.58,109.48,27.31,13.84,0.0446,0.6542,30.57,5000.0
287.0,0.8,6729.17,1.67,78.99,4512.75,193.46,193.46,193.46,193.46,193.46,746.46,746.46,746.46,746.46,746.46,78.55,109.44,27.29,13.84,0.0446,0.6533,30.56,5000.0
288.0,0.8,6739.58,1.65,78.96,4509.94,193.38,193.38,193.38,193.38,193.38,746.16,746.16,746.16,746.16,746.16,78.51,109.4,27.27,13.84,0.0446,0.6524,30.56,5000.0
289.0,0.8,6750.0,1.63,78.93,4507.12,193.3,193.3,193.3,193.3,193.3,745.85,745.85,745.85,745.85,745.85,78.48,109.35,27.25,13.84,0.0446,0.6515,30.56,5000.0
290.0,0.79,6760.42,1.61,78.9,4504.3,193.22,193.22,193.22,193.22,193.22,745.54,745.54,745.54,745.54,745.54,78.44,109.31,27.23,13.84,0.0446,0.6506,30.55,5000.0
291.0,0.79,6770.83,1.59,78.87,4501.49,193.14,193.14,193.14,193.14,193.14,745.23,745.23,745.23,745.23,745.23,78.41,109.27,27.21,13.84,0.0446,0.6496,30.55,5000.0
292.0,0.79,6781.25,1.56,78.84,4498.67,193.06,193.06,193.06,193.06,193.06,744.92,744.92,744.92,744.92,744.92,78.37,109.23,27.19,13.84,0.0445,0.6487,30.54,5000.0
293.0,0.79,6791.67,1.54,78.8,4495.85,192.98,192.98,192.98,192.98,192.98,744.61,744.61,744.61,744.61,744.61,78.34,109.19,27.16,13.84,0.0445,0.6478,30.54,5000.0
294.0,0.79,6802.08,1.52,78.77,4493.03,192.9,192.9,192.9,192.9,192.9,744.31,744.31,744.31,744.31,744.31,78.31,109.14,27.14,13.84,0.0445,0.6469,30.54,5000.0
295.0,0.79,6812.5,1.5,78.74,4490.22,192.83,192.83,192.83,192.83,192.83,744.0,744.0,744.0,744.0,744.0,78.27,109.1,27.12,13.84,0.0445,0.646,30.53,5000.0
296.0,0.79,6822.92,1.48,78.71,4487.4,192.75,192.75,192.75,192.75,192.75,743.69,743.69,743.69,743.69,743.69,78.24,109.06,27.1,13.84,0.0445,0.6451,30.53,5000.0
297.0,0.79,6833.33,1.46,78.68,4484.58,192.67,192.67,192.67,192.67,192.67,743.38,743.38,743.38,743.38,743.38,78.2,109.02,27.08,13.84,0.0445,0.6441,30.52,5000.0
298.0,0.79,6843.75,1.44,78.65,4481.75,192.59,192.59,192.59,192.59,192.59,743.07,743.07,743.07,743.07,743.07,78.17,108.97,27.06,13.83,0.0444,0.6432,30.52,5000.0
299.0,0.79,6854.17,1.42,78.62,4478.93,192.51,192.51,192.51,192.51,192.51,742.76,742.76,742.76,742.76,742.76,78.13,108.93,27.04,13.83,0.0444,0.6423,30.51,5000.0
300.0,0.79,6864.58,1.4,78.59,4476.11,192.43,192.43,192.43,192.43,192.43,742.45,742.45,742.45,742.45,742.45,78.1,108.89,27.02,13.83,0.0444,0.6414,30.51,5000.0
301.0,0.79,6875.0,1.38,78.56,4473.29,192.35,192.35,192.35,192.35,192.35,742.15,742.15,742.15,742.15,742.15,78.06,108.85,27.0,13.83,0.0444,0.6405,30.51,5000.0
302.0,0.79,6885.42,1.36,78.53,4470.47,192.27,192.27,192.27,192.27,192.27,741.84,741.84,741.84,741.84,741.84,78.03,108.8,26.98,13.83,0.0444,0.6396,30.5,5000.0
303.0,0.79,6895.83,1.34,78.49,4467.64,192.19,192.19,192.19,192.19,192.19,741.53,741.53,741.53,741.53,741.53,77.99,108.76,26.96,13.83,0.0444,0.6387,30.5,5000.0
304.0,0.79,6906.25,1.32,78.46,4464.82,192.11,192.11,192.11,192.11,192.11,741.22,741.22,741.22,741.22,741.22,77.96,108.72,26.94,13.83,0.0444,0.6378,30.49,5000.0
305.0,0.79,6916.67,1.3,78.43,4462.0,192.03,192.03,192.03,192.03,192.03,740.91,740.91,740.91,740.91,740.91,77.93,108.68,26.92,13.83,0.0443,0.6368,30.49,5000.0
306.0,0.78,6927.08,1.28,78.4,4459.17,191.96,191.96,191.96,191.96,191.96,740.6,740.6,740.6,740.6,740.6,77.89,108.64,26.9,13.83,0.0443,0.6359,30.49,5000.0
307.0,0.78,6937.5,1.26,78.37,4456.35,191.88,191.88,191.88,191.88,191.88,740.29,740.29,740.29,740.29,740.29,77.86,108.59,26.88,13.83,0.0443,0.635,30.48,5000.0
308.0,0.78,6947.92,1.23,78.34,4453.52,191.8,191.8,191.8,191.8,191.8,739.98,739.98,739.98,739.98,739.98,77.82,108.55,26.86,13.83,0.0443,0.6341,30.48,5000.0
309.0,0.78,6958.33,1.21,78.31,4450.69,191.72,191.72,191.72,191.72,191.72,739.68,739.68,739.68,739.68,739.68,77.79,108.51,26.83,13.83,0.0443,0.6332,30.47,5000.0
310.0,0.78,6968.75,1.19,78.28,4447.87,191.64,191.64,191.64,191.64,191.64,739.37,739.37,739.37,739.37,739.37,77.75,108.47,26.81,13.83,0.0443,0.6323,30.47,5000.0
311.0,0.78,6979.17,1.17,78.25,4445.04,191.56,191.56,191.56,191.56,191.56,739.06,739.06,739.06,739.06,739.06,77.72,108.42,26.79,13.82,0.0442,0.6314,30.47,5000.0
312.0,0.78,6989.58,1.15,78.22,4442.21,191.48,191.48,191.48,191.48,191.48,738.75,738.75,738.75,738.75,738.75,77.68,108.38,26.77,13.82,0.0442,0.6305,30.46,5000.0
313.0,0.78,7000.0,1.13,78.18,4439.38,191.4,191.4,191.4,191.4,191.4,738.44,738.44,738.44,738.44,738.44,77.65,108.34,26.75,13.82,0.0442,0.6296,30.46,5000.0
314.0,0.78,7010.42,1.11,78.15,4436.56,191.32,191.32,191.32,191.32,191.32,738.13,738.13,738.13,738.13,738.13,77.61,108.3,26.73,13.82,0.0442,0.6287,30.45,5000.0
315.0,0.78,7020.83,1.09,78.12,4433.73,191.24,191.24,191.24,191.24,191.24,737.82,737.82,737.82,737.82,737.82,77.58,108.26,26.71,13.82,0.0442,0.6278,30.45,5000.0
316.0,0.78,7031.25,1.07,78.09,4430.9,191.16,191.16,191.16,191.16,191.16,737.51,737.51,737.51,737.51,737.51,77.54,108.21,26.69,13.82,0.0442,0.6269,30.44,5000.0
317.0,0.78,7041.67,1.05,78.06,4428.07,191.08,191.08,191.08,191.08,191.08,737.2,737.2,737.2,737.2,737.2,77.51,108.17,26.67,13.82,0.0442,0.626,30.44,5000.0
318.0,0.78,7052.08,1.03,78.03,4425.23,191.01,191.01,191.01,191.01,191.01,736.9,736.9,736.9,736.9,736.9,77.47,108.13,26.65,13.82,0.0441,0.6251,30.44,5000.0
319.0,0.78,7062.5,1.01,78.0,4422.4,190.93,190.93,190.93,190.93,190.93,736.59,736.59,736.59,736.59,736.59,77.44,108.09,26.63,13.82,0.0441,0.6242,30.43,5000.0
320.0,0.78,7072.92,0.99,77.97,4419.57,190.85,190.85,190.85,190.85,190.85,736.28,736.28,736.28,736.28,736.28,77.4,108.04,26.61,13.82,0.0441,0.6233,30.43,5000.0
321.0,0.78,7083.33,0.97,77.94,4416.74,190.77,190.77,190.77,190.77,190.77,735.97,735.97,735.97,735.97,735.97,77.37,108.0,26.59,13.82,0.0441,0.6224,30.42,5000.0
322.0,0.77,7093.75,0.95,77.91,4413.91,190.69,190.69,190.69,190.69,190.69,735.66,735.66,735.66,735.66,735.66,77.33,107.96,26.57,13.82,0.0441,0.6215,30.42,5000.0
323.0,0.77,7104.17,0.93,77.88,4411.07,190.61,190.61,190.61,190.61,190.61,735.35,735.35,735.35,735.35,735.35,77.3,107.92,26.55,13.82,0.0441,0.6206,30.42,5000.0
324.0,0.77,7114.58,0.9,77.84,4408.24,190.53,190.53,190.53,190.53,190.53,735.04,735.04,735.04,735.04,735.04,77.26,107.88,26.53,13.82,0.044,0.6197,30.41,5000.0
325.0,0.77,7125.0,0.88,77.81,4405.4,190.45,190.45,190.45,190.45,190.45,734.73,734.73,734.73,734.73,734.73,77.23,107.83,26.5,13.81,0.044,0.6188,30.41,5000.0
326.0,0.77,7135.42,0.86,77.78,4402.57,190.37,190.37,190.37,190.37,190.37,734.42,734.42,734.42,734.42,734.42,77.19,107.79,26.48,13.81,0.044,0.6179,30.4,5000.0
327.0,0.77,7145.83,0.84,77.75,4399.73,190.29,190.29,190.29,190.29,190.29,734.11,734.11,734.11,734.11,734.11,77.16,107.75,26.46,13.81,0.044,0.617,30.4,5000.0
328.0,0.77,7156.25,0.82,77.72,4396.9,190.21,190.21,190.21,190.21,190.21,733.8,733.8,733.8,733.8,733.8,77.12,107.71,26.44,13.81,0.044,0.6161,30.4,5000.0
329.0,0.77,7166.67,0.8,77.69,4394.06,190.13,190.13,190.13,190.13,190.13,733.49,733.49,733.49,733.49,733.49,77.09,107.66,26.42,13.81,0.044,0.6152,30.39,5000.0
330.0,0.77,7177.08,0.78,77.66,4391.22,190.05,190.05,190.05,190.05,190.05,733.18,733.18,733.18,733.18,733.18,77.06,107.62,26.4,13.81,0.044,0.6143,30.39,5000.0
331.0,0.77,7187.5,0.76,77.63,4388.38,189.97,189.97,189.97,189.97,189.97,732.87,732.87,732.87,732.87,732.87,77.02,107.58,26.38,13.81,0.0439,0.6134,30.38,5000.0
332.0,0.77,7197.92,0.74,77.6,4385.55,189.89,189.89,189.89,189.89,189.89,732.57,732.57,732.57,732.57,732.57,76.99,107.54,26.36,13.81,0.0439,0.6125,30.38,5000.0
333.0,0.77,7208.33,0.72,77.57,4382.71,189.81,189.81,189.81,189.81,189.81,732.26,732.26,732.26,732.26,732.26,76.95,107.5,26.34,13.81,0.0439,0.6116,30.37,5000.0
334.0,0.77,7218.75,0.7,77.54,4379.87,189.73,189.73,189.73,189.73,189.73,731.95,731.95,731.95,731.95,731.95,76.92,107.45,26.32,13.81,0.0439,0.6107,30.37,5000.0
335.0,0.77,7229.17,0.68,77.51,4377.03,189.65,189.65,189.65,189.65,189.65,731.64,731.64,731.64,731.64,731.64,76.88,107.41,26.3,13.81,0.0439,0.6098,30.37,5000.0
336.0,0.77,7239.58,0.66,77.48,4374.19,189.58,189.58,189.58,189.58,189.58,731.33,731.33,731.33,731.33,731.33,76.84,107.37,26.28,13.81,0.0439,0.6089,30.36,5000.0
337.0,0.77,7250.0,0.64,77.45,4371.35,189.5,189.5,189.5,189.5,189.5,731.02,731.02,731.02,731.02,731.02,76.81,107.33,26.26,13.81,0.0438,0.608,30.36,5000.0
338.0,0.76,7260.42,0.62,77.41,4368.51,189.42,189.42,189.42,189.42,189.42,730.71,730.71,730.71,730.71,730.71,76.77,107.29,26.24,13.8,0.0438,0.6071,30.35,5000.0
339.0,0.76,7270.83,0.6,77.38,4365.66,189.34,189.34,189.34,189.34,189.34,730.4,730.4,730.4,730.4,730.4,76.74,107.24,26.22,13.8,0.0438,0.6062,30.35,5000.0
340.0,0.76,7281.25,0.57,77.35,4362.82,189.26,189.26,189.26,189.26,189.26,730.09,730.09,730.09,730.09,730.09,76.7,107.2,26.2,13.8,0.0438,0.6053,30.35,5000.0
341.0,0.76,7291.67,0.55,77.32,4359.98,189.18,189.18,189.18,189.18,189.18,729.78,729.78,729.78,729.78,729.78,76.67,107.16,26.17,13.8,0.0438,0.6045,30.34,5000.0
342.0,0.76,7302.08,0.53,77.29,4357.14,189.1,189.1,189.1,189.1,189.1,729.47,729.47,729.47,729.47,729.47,76.63,107.12,26.15,13.8,0.0438,0.6036,30.34,5000.0
343.0,0.76,7312.5,0.51,77.26,4354.29,189.02,189.02,189.02,189.02,189.02,729.16,729.16,729.16,729.16,729.16,76.6,107.08,26.13,13.8,0.0438,0.6027,30.33,5000.0
344.0,0.76,7322.92,0.49,77.23,4351.45,188.94,188.94,188.94,188.94,188.94,728.85,728.85,728.85,728.85,728.85,76.56,107.03,26.11,13.8,0.0437,0.6018,30.33,5000.0
345.0,0.76,7333.33,0.47,77.2,4348.6,188.86,188.86,188.86,188.86,188.86,728.54,728.54,728.54,728.54,728.54,76.53,106.99,26.09,13.8,0.0437,0.6009,30.33,5000.0
346.0,0.76,7343.75,0.45,77.17,4345.76,188.78,188.78,188.78,188.78,188.78,728.23,728.23,728.23,728.23,728.23,76.49,106.95,26.07,13.8,0.0437,0.6,30.32,5000.0
347.0,0.76,7354.17,0.43,77.14,4342.91,188.7,188.7,188.7,188.7,188.7,727.92,727.92,727.92,727.92,727.92,76.46,106.91,26.05,13.8,0.0437,0.5991,30.32,5000.0
348.0,0.76,7364.58,0.41,77.11,4340.06,188.62,188.62,188.62,188.62,188.62,727.61,727.61,727.61,727.61,727.61,76.42,106.86,26.03,13.8,0.0437,0.5982,30.31,5000.0
349.0,0.76,7375.0,0.39,77.08,4337.22,188.54,188.54,188.54,188.54,188.54,727.3,727.3,727.3,727.3,727.3,76.39,106.82,26.01,13.8,0.0437,0.5974,30.31,5000.0
350.0,0.76,7385.42,0.37,77.05,4334.37,188.46,188.46,188.46,188.46,188.46,726.99,726.99,726.99,726.99,726.99,76.35,106.78,25.99,13.8,0.0436,0.5965,30.3,5000.0
351.0,0.76,7395.83,0.35,77.02,4331.52,188.38,188.38,188.38,188.38,188.38,726.68,726.68,726.68,726.68,726.68,76.32,106.74,25.97,13.8,0.0436,0.5956,30.3,5000.0
352.0,0.76,7406.25,0.33,76.99,4328.67,188.3,188.3,188.3,188.3,188.3,726.37,726.37,726.37,726.37,726.37,76.28,106.7,25.95,13.79,0.0436,0.5947,30.3,5000.0
353.0,0.76,7416.67,0.31,76.96,4325.82,188.22,188.22,188.22,188.22,188.22,726.06,726.06,726.06,726.06,726.06,76.25,106.65,25.93,13.79,0.0436,0.5938,30.29,5000.0
354.0,0.75,7427.08,0.29,76.93,4322.97,188.14,188.14,188.14,188.14,188.14,725.75,725.75,725.75,725.75,725.75,76.21,106.61,25.91,13.79,0.0436,0.5929,30.29,5000.0
355.0,0.75,7437.5,0.26,76.89,4320.12,188.06,188.06,188.06,188.06,188.06,725.44,725.44,725.44,725.44,725.44,76.18,106.57,25.89,13.79,0.0436,0.5921,30.28,5000.0
356.0,0.75,7447.92,0.24,76.86,4317.27,187.98,187.98,187.98,187.98,187.98,725.13,725.13,725.13,725.13,725.13,76.14,106.53,25.87,13.79,0.0435,0.5912,30.28,5000.0
357.0,0.75,7458.33,0.22,76.83,4314.42,187.9,187.9,187.9,187.9,187.9,724.82,724.82,724.82,724.82,724.82,76.11,106.49,25.84,13.79,0.0435,0.5903,30.28,5000.0
358.0,0.75,7468.75,0.2,76.8,4311.57,187.82,187.82,187.82,187.82,187.82,724.51,724.51,724.51,724.51,724.51,76.07,106.44,25.82,13.79,0.0435,0.5894,30.27,5000.0
359.0,0.75,7479.17,0.18,76.77,4308.72,187.74,187.74,187.74,187.74,187.74,724.2,724.2,724.2,724.2,724.2,76.04,106.4,25.8,13.79,0.0435,0.5885,30.27,5000.0
360.0,0.75,7489.58,0.16,76.74,4305.86,187.66,187.66,187.66,187.66,187.66,723.89,723.89,723.89,723.89,723.89,76.0,106.36,25.78,13.79,0.0435,0.5877,30.26,5000.0
361.0,0.75,7500.0,0.14,76.71,4303.01,187.58,187.58,187.58,187.58,187.58,723.58,723.58,723.58,723.58,723.58,75.96,106.32,25.76,13.79,0.0435,0.5868,30.26,5000.0
362.0,0.75,7510.42,0.12,76.68,4300.07,187.5,187.5,187.5,187.5,187.5,723.27,723.27,723.27,723.27,723.27,75.93,106.28,25.74,13.79,0.0435,0.5859,30.25,5000.0
363.0,0.75,7520.83,0.1,76.65,4297.07,187.42,187.42,187.42,187.42,187.42,722.96,722.96,722.96,722.96,722.96,75.89,106.23,25.72,13.79,0.0434,0.585,30.25,5000.0
364.0,0.75,7531.25,0.08,76.62,4294.06,187.34,187.34,187.34,187.34,187.34,722.64,722.64,722.64,722.64,722.64,75.85,106.19,25.7,13.79,0.0434,0.5841,30.25,5000.0
365.0,0.75,7541.67,0.06,76.59,4291.03,187.26,187.26,187.26,187.26,187.26,722.33,722.33,722.33,722.33,722.33,75.82,106.15,25.68,13.78,0.0434,0.5832,30.24,5000.0
366.0,0.75,7552.08,0.04,76.56,4288.0,187.18,187.18,187.18,187.18,187.18,722.02,722.02,722.02,722.02,722.02,75.78,106.11,25.66,13.78,0.0434,0.5823,30.24,5000.0
367.0,0.75,7562.5,0.02,76.53,4284.97,187.1,187.1,187.1,187.1,187.1,721.71,721.71,721.71,721.71,721.71,75.74,106.07,25.63,13.78,0.0434,0.5814,30.23,5000.0
368.0,0.75,7572.92,-0.0,76.5,4281.94,187.02,187.02,187.02,187.02,187.02,721.39,721.39,721.39,721.39,721.39,75.7,106.03,25.61,13.78,0.0434,0.5805,30.23,5000.0
369.0,0.74,7583.33,-0.02,76.47,4278.9,186.94,186.94,186.94,186.94,186.94,721.08,721.08,721.08,721.08,721.08,75.66,105.98,25.59,13.78,0.0433,0.5796,30.22,5000.0
370.0,0.74,7593.75,-0.04,76.44,4275.87,186.86,186.86,186.86,186.86,186.86,720.76,720.76,720.76,720.76,720.76,75.63,105.94,25.57,13.78,0.0433,0.5787,30.22,5000.0
371.0,0.74,7604.17,-0.07,76.41,4272.84,186.78,186.78,186.78,186.78,186.78,720.45,720.45,720.45,720.45,720.45,75.59,105.9,25.55,13.78,0.0433,0.5778,30.22,5000.0
372.0,0.74,7614.58,-0.09,76.38,4269.8,186.7,186.7,186.7,186.7,186.7,720.13,720.13,720.13,720.13,720.13,75.55,105.86,25.53,13.78,0.0433,0.5769,30.21,5000.0
373.0,0.74,7625.0,-0.11,76.35,4266.77,186.61,186.61,186.61,186.61,186.61,719.82,719.82,719.82,719.82,719.82,75.51,105.82,25.51,13.78,0.0433,0.576,30.21,5000.0
374.0,0.74,7635.42,-0.13,76.32,4263.74,186.53,186.53,186.53,186.53,186.53,719.5,719.5,719.5,719.5,719.5,75.47,105.77,25.49,13.78,0.0433,0.5751,30.2,5000.0
375.0,0.74,7645.83,-0.15,76.29,4260.71,186.45,186.45,186.45,186.45,186.45,719.19,719.19,719.19,719.19,719.19,75.43,105.73,25.47,13.78,0.0432,0.5742,30.2,5000.0
376.0,0.74,7656.25,-0.17,76.26,4257.69,186.37,186.37,186.37,186.37,186.37,718.87,718.87,718.87,718.87,718.87,75.4,105.69,25.44,13.78,0.0432,0.5733,30.19,5000.0
377.0,0.74,7666.67,-0.19,76.23,4254.66,186.29,186.29,186.29,186.29,186.29,718.56,718.56,718.56,718.56,718.56,75.36,105.65,25.42,13.77,0.0432,0.5724,30.19,5000.0
378.0,0.74,7677.08,-0.21,76.2,4251.63,186.21,186.21,186.21,186.21,186.21,718.24,718.24,718.24,718.24,718.24,75.32,105.61,25.4,13.77,0.0432,0.5716,30.18,5000.0
379.0,0.74,7687.5,-0.23,76.17,4248.61,186.13,186.13,186.13,186.13,186.13,717.93,717.93,717.93,717.93,717.93,75.28,105.56,25.38,13.77,0.0432,0.5707,30.18,5000.0
380.0,0.74,7697.92,-0.25,76.13,4245.59,186.04,186.04,186.04,186.04,186.04,717.61,717.61,717.61,717.61,717.61,75.24,105.52,25.36,13.77,0.0432,0.5698,30.18,5000.0
381.0,0.74,7708.33,-0.27,76.1,4242.56,185.96,185.96,185.96,185.96,185.96,717.29,717.29,717.29,717.29,717.29,75.2,105.48,25.34,13.77,0.0431,0.5689,30.17,5000.0
382.0,0.74,7718.75,-0.29,76.07,4239.54,185.88,185.88,185.88,185.88,185.88,716.98,716.98,716.98,716.98,716.98,75.17,105.44,25.32,13.77,0.0431,0.568,30.17,5000.0
383.0,0.74,7729.17,-0.31,76.04,4236.52,185.8,185.8,185.8,185.8,185.8,716.66,716.66,716.66,716.66,716.66,75.13,105.4,25.3,13.77,0.0431,0.5671,30.16,5000.0
384.0,0.74,7739.58,-0.33,76.01,4233.5,185.72,185.72,185.72,185.72,185.72,716.35,716.35,716.35,716.35,716.35,75.09,105.35,25.27,13.77,0.0431,0.5662,30.16,5000.0
385.0,0.73,7750.0,-0.35,75.98,4230.48,185.64,185.64,185.64,185.64,185.64,716.03,716.03,716.03,716.03,716.03,75.05,105.31,25.25,13.77,0.0431,0.5653,30.15,5000.0
386.0,0.73,7760.42,-0.37,75.95,4227.47,185.55,185.55,185.55,185.55,185.55,715.71,715.71,715.71,715.71,715.71,75.01,105.27,25.23,13.77,0.0431,0.5645,30.15,5000.0
387.0,0.73,7770.83,-0.4,75.92,4224.45,185.47,185.47,185.47,185.47,185.47,715.4,715.4,715.4,715.4,715.4,74.97,105.23,25.21,13.77,0.043,0.5636,30.14,5000.0
388.0,0.73,7781.25,-0.42,75.89,4221.44,185.39,185.39,185.39,185.39,185.39,715.08,715.08,715.08,715.08,715.08,74.94,105.19,25.19,13.77,0.043,0.5627,30.14,5000.0
389.0,0.73,7791.67,-0.44,75.86,4218.42,185.31,185.31,185.31,185.31,185.31,714.77,714.77,714.77,714.77,714.77,74.9,105.15,25.17,13.76,0.043,0.5618,30.14,5000.0
390.0,0.73,7802.08,-0.46,75.83,4215.41,185.23,185.23,185.23,185.23,185.23,714.45,714.45,714.45,714.45,714.45,74.86,105.1,25.15,13.76,0.043,0.5609,30.13,5000.0
391.0,0.73,7812.5,-0.48,75.8,4212.4,185.14,185.14,185.14,185.14,185.14,714.13,714.13,714.13,714.13,714.13,74.82,105.06,25.13,13.76,0.043,0.5601,30.13,5000.0
392.0,0.73,7822.92,-0.5,75.77,4209.39,185.06,185.06,185.06,185.06,185.06,713.82,713.82,713.82,713.82,713.82,74.78,105.02,25.11,13.76,0.043,0.5592,30.12,5000.0
393.0,0.73,7833.33,-0.52,75.74,4206.38,184.98,184.98,184.98,184.98,184.98,713.5,713.5,713.5,713.5,713.5,74.74,104.98,25.08,13.76,0.0429,0.5583,30.12,5000.0
394.0,0.73,7843.75,-0.54,75.71,4203.37,184.9,184.9,184.9,184.9,184.9,713.19,713.19,713.19,713.19,713.19,74.71,104.94,25.06,13.76,0.0429,0.5574,30.11,5000.0
395.0,0.73,7854.17,-0.56,75.68,4200.36,184.81,184.81,184.81,184.81,184.81,712.87,712.87,712.87,712.87,712.87,74.67,104.89,25.04,13.76,0.0429,0.5565,30.11,5000.0
396.0,0.73,7864.58,-0.58,75.65,4197.35,184.73,184.73,184.73,184.73,184.73,712.56,712.56,712.56,712.56,712.56,74.63,104.85,25.02,13.76,0.0429,0.5557,30.11,5000.0
397.0,0.73,7875.0,-0.6,75.62,4194.35,184.65,184.65,184.65,184.65,184.65,712.24,712.24,712.24,712.24,712.24,74.59,104.81,25.0,13.76,0.0429,0.5548,30.1,5000.0
398.0,0.73,7885.42,-0.62,75.59,4191.34,184.57,184.57,184.57,184.57,184.57,711.92,711.92,711.92,711.92,711.92,74.55,104.77,24.98,13.76,0.0429,0.5539,30.1,5000.0
399.0,0.73,7895.83,-0.64,75.56,4188.34,184.49,184.49,184.49,184.49,184.49,711.61,711.61,711.61,711.61,711.61,74.52,104.73,24.96,13.76,0.0428,0.5531,30.09,5000.0
400.0,0.73,7906.25,-0.66,75.53,4185.34,184.4,184.4,184.4,184.4,184.4,711.29,711.29,711.29,711.29,711.29,74.48,104.69,24.94,13.76,0.0428,0.5522,30.09,5000.0
401.0,0.72,7916.67,-0.68,75.5,4182.33,184.32,184.32,184.32,184.32,184.32,710.98,710.98,710.98,710.98,710.98,74.44,104.64,24.92,13.76,0.0428,0.5513,30.08,5000.0
402.0,0.72,7927.08,-0.71,75.47,4179.33,184.24,184.24,184.24,184.24,184.24,710.66,710.66,710.66,710.66,710.66,74.4,104.6,24.9,13.75,0.0428,0.5504,30.08,5000.0
403.0,0.72,7937.5,-0.73,75.44,4176.33,184.16,184.16,184.16,184.16,184.16,710.34,710.34,710.34,710.34,710.34,74.36,104.56,24.87,13.75,0.0428,0.5496,30.07,5000.0
404.0,0.72,7947.92,-0.75,75.41,4173.34,184.07,184.07,184.07,184.07,184.07,710.03,710.03,710.03,710.03,710.03,74.33,104.52,24.85,13.75,0.0428,0.5487,30.07,5000.0
405.0,0.72,7958.33,-0.77,75.38,4170.34,183.99,183.99,183.99,183.99,183.99,709.71,709.71,709.71,709.71,709.71,74.29,104.48,24.83,13.75,0.0427,0.5478,30.07,5000.0
406.0,0.72,7968.75,-0.79,75.35,4167.34,183.91,183.91,183.91,183.91,183.91,709.4,709.4,709.4,709.4,709.4,74.25,104.44,24.81,13.75,0.0427,0.547,30.06,5000.0
407.0,0.72,7979.17,-0.81,75.32,4164.35,183.83,183.83,183.83,183.83,183.83,709.08,709.08,709.08,709.08,709.08,74.21,104.39,24.79,13.75,0.0427,0.5461,30.06,5000.0
408.0,0.72,7989.58,-0.83,75.29,4161.35,183.74,183.74,183.74,183.74,183.74,708.77,708.77,708.77,708.77,708.77,74.17,104.35,24.77,13.75,0.0427,0.5452,30.05,5000.0
409.0,0.72,8000.0,-0.85,75.26,4158.36,183.66,183.66,183.66,183.66,183.66,708.45,708.45,708.45,708.45,708.45,74.14,104.31,24.75,13.75,0.0427,0.5444,30.05,5000.0
410.0,0.72,8010.42,-0.87,75.23,4155.37,183.58,183.58,183.58,183.58,183.58,708.13,708.13,708.13,708.13,708.13,74.1,104.27,24.73,13.75,0.0427,0.5435,30.04,5000.0
411.0,0.72,8020.83,-0.89,75.2,4152.37,183.5,183.5,183.5,183.5,183.5,707.82,707.82,707.82,707.82,707.82,74.06,104.23,24.71,13.75,0.0426,0.5426,30.04,5000.0
412.0,0.72,8031.25,-0.91,75.17,4149.38,183.41,183.41,183.41,183.41,183.41,707.5,707.5,707.5,707.5,707.5,74.02,104.18,24.69,13.75,0.0426,0.5418,30.04,5000.0
413.0,0.72,8041.67,-0.93,75.14,4146.4,183.33,183.33,183.33,183.33,183.33,707.19,707.19,707.19,707.19,707.19,73.98,104.14,24.66,13.75,0.0426,0.5409,30.03,5000.0
414.0,0.72,8052.08,-0.95,75.11,4143.41,183.25,183.25,183.25,183.25,183.25,706.87,706.87,706.87,706.87,706.87,73.95,104.1,24.64,13.74,0.0426,0.5401,30.03,5000.0
415.0,0.72,8062.5,-0.97,75.08,4140.42,183.17,183.17,183.17,183.17,183.17,706.56,706.56,706.56,706.56,706.56,73.91,104.06,24.62,13.74,0.0426,0.5392,30.02,5000.0
416.0,0.72,8072.92,-0.99,75.05,4137.43,183.08,183.08,183.08,183.08,183.08,706.24,706.24,706.24,706.24,706.24,73.87,104.02,24.6,13.74,0.0426,0.5383,30.02,5000.0
417.0,0.71,8083.33,-1.01,75.02,4134.45,183.0,183.0,183.0,183.0,183.0,705.93,705.93,705.93,705.93,705.93,73.83,103.98,24.58,13.74,0.0426,0.5375,30.01,5000.0
418.0,0.71,8093.75,-1.04,74.99,4131.47,182.92,182.92,182.92,182.92,182.92,705.61,705.61,705.61,705.61,705.61,73.79,103.93,24.56,13.74,0.0425,0.5366,30.01,5000.0
419.0,0.71,8104.17,-1.06,74.96,4128.48,182.84,182.84,182.84,182.84,182.84,705.3,705.3,705.3,705.3,705.3,73.76,103.89,24.54,13.74,0.0425,0.5358,30.01,5000.0
420.0,0.71,8114.58,-1.08,74.93,4125.5,182.75,182.75,182.75,182.75,182.75,704.98,704.98,704.98,704.98,704.98,73.72,103.85,24.52,13.74,0.0425,0.5349,30.0,5000.0
421.0,0.71,8125.0,-1.1,74.9,4122.52,182.67,182.67,182.67,182.67,182.67,704.66,704.66,704.66,704.66,704.66,73.68,103.81,24.5,13.74,0.0425,0.5341,30.0,5000.0
422.0,0.71,8135.42,-1.12,74.87,4119.54,182.59,182.59,182.59,182.59,182.59,704.35,704.35,704.35,704.35,704.35,73.64,103.77,24.48,13.74,0.0425,0.5332,29.99,5000.0
423.0,0.71,8145.83,-1.14,74.84,4116.56,182.51,182.51,182.51,182.51,182.51,704.03,704.03,704.03,704.03,704.03,73.61,103.73,24.45,13.74,0.0425,0.5323,29.99,5000.0
424.0,0.71,8156.25,-1.16,74.81,4113.58,182.42,182.42,182.42,182.42,182.42,703.72,703.72,703.72,703.72,703.72,73.57,103.68,24.43,13.74,0.0424,0.5315,29.98,5000.0
425.0,0.71,8166.67,-1.18,74.78,4110.61,182.34,182.34,182.34,182.34,182.34,703.4,703.4,703.4,703.4,703.4,73.53,103.64,24.41,13.74,0.0424,0.5306,29.98,5000.0
426.0,0.71,8177.08,-1.2,74.75,4107.63,182.26,182.26,182.26,182.26,182.26,703.09,703.09,703.09,703.09,703.09,73.49,103.6,24.39,13.74,0.0424,0.5298,29.97,5000.0
427.0,0.71,8187.5,-1.22,74.72,4104.66,182.18,182.18,182.18,182.18,182.18,702.77,702.77,702.77,702.77,702.77,73.45,103.56,24.37,13.73,0.0424,0.5289,29.97,5000.0
428.0,0.71,8197.92,-1.24,74.69,4101.68,182.09,182.09,182.09,182.09,182.09,702.46,702.46,702.46,702.46,702.46,73.42,103.52,24.35,13.73,0.0424,0.5281,29.97,5000.0
429.0,0.71,8208.33,-1.26,74.66,4098.71,182.01,182.01,182.01,182.01,182.01,702.14,702.14,702.14,702.14,702.14,73.38,103.48,24.33,13.73,0.0424,0.5272,29.96,5000.0
430.0,0.71,8218.75,-1.28,74.63,4095.74,181.93,181.93,181.93,181.93,181.93,701.83,701.83,701.83,701.83,701.83,73.34,103.43,24.31,13.73,0.0423,0.5264,29.96,5000.0
431.0,0.71,8229.17,-1.3,74.6,4092.77,181.85,181.85,181.85,181.85,181.85,701.51,701.51,701.51,701.51,701.51,73.3,103.39,24.29,13.73,0.0423,0.5255,29.95,5000.0
432.0,0.71,8239.58,-1.32,74.57,4089.8,181.76,181.76,181.76,181.76,181.76,701.2,701.2,701.2,701.2,701.2,73.27,103.35,24.27,13.73,0.0423,0.5247,29.95,5000.0
433.0,0.7,8250.0,-1.34,74.54,4086.83,181.68,181.68,181.68,181.68,181.68,700.88,700.88,700.88,700.88,700.88,73.23,103.31,24.25,13.73,0.0423,0.5239,29.94,5000.0
434.0,0.7,8260.42,-1.37,74.51,4083.86,181.6,181.6,181.6,181.6,181.6,700.57,700.57,700.57,700.57,700.57,73.19,103.27,24.22,13.73,0.0423,0.523,29.94,5000.0
435.0,0.7,8270.83,-1.39,74.49,4080.9,181.52,181.52,181.52,181.52,181.52,700.25,700.25,700.25,700.25,700.25,73.15,103.23,24.2,13.73,0.0423,0.5222,29.94,5000.0
436.0,0.7,8281.25,-1.41,74.46,4077.93,181.43,181.43,181.43,181.43,181.43,699.94,699.94,699.94,699.94,699.94,73.12,103.19,24.18,13.73,0.0422,0.5213,29.93,5000.0
437.0,0.7,8291.67,-1.43,74.43,4074.97,181.35,181.35,181.35,181.35,181.35,699.62,699.62,699.62,699.62,699.62,73.08,103.14,24.16,13.73,0.0422,0.5205,29.93,5000.0
438.0,0.7,8302.08,-1.45,74.4,4072.01,181.27,181.27,181.27,181.27,181.27,699.31,699.31,699.31,699.31,699.31,73.04,103.1,24.14,13.73,0.0422,0.5196,29.92,5000.0
439.0,0.7,8312.5,-1.47,74.37,4069.04,181.19,181.19,181.19,181.19,181.19,698.99,698.99,698.99,698.99,698.99,73.0,103.06,24.12,13.73,0.0422,0.5188,29.92,5000.0
440.0,0.7,8322.92,-1.49,74.34,4066.08,181.1,181.1,181.1,181.1,181.1,698.68,698.68,698.68,698.68,698.68,72.97,103.02,24.1,13.72,0.0422,0.518,29.91,5000.0
441.0,0.7,8333.33,-1.51,74.31,4063.12,181.02,181.02,181.02,181.02,181.02,698.36,698.36,698.36,698.36,698.36,72.93,102.98,24.08,13.72,0.0422,0.5171,29.91,5000.0
442.0,0.7,8343.75,-1.53,74.28,4060.16,180.94,180.94,180.94,180.94,180.94,698.05,698.05,698.05,698.05,698.05,72.89,102.94,24.06,13.72,0.0421,0.5163,29.91,5000.0
443.0,0.7,8354.17,-1.55,74.25,4057.21,180.86,180.86,180.86,180.86,180.86,697.73,697.73,697.73,697.73,697.73,72.85,102.89,24.04,13.72,0.0421,0.5154,29.9,5000.0
444.0,0.7,8364.58,-1.57,74.22,4054.25,180.77,180.77,180.77,180.77,180.77,697.42,697.42,697.42,697.42,697.42,72.82,102.85,24.02,13.72,0.0421,0.5146,29.9,5000.0
445.0,0.7,8375.0,-1.59,74.19,4051.29,180.69,180.69,180.69,180.69,180.69,697.11,697.11,697.11,697.11,697.11,72.78,102.81,24.0,13.72,0.0421,0.5138,29.89,5000.0
446.0,0.7,8385.42,-1.61,74.16,4048.34,180.61,180.61,180.61,180.61,180.61,696.79,696.79,696.79,696.79,696.79,72.74,102.77,23.97,13.72,0.0421,0.5129,29.89,5000.0
447.0,0.7,8395.83,-1.63,74.13,4045.39,180.53,180.53,180.53,180.53,180.53,696.48,696.48,696.48,696.48,696.48,72.7,102.73,23.95,13.72,0.0421,0.5121,29.88,5000.0
448.0,0.7,8406.25,-1.65,74.1,4042.43,180.44,180.44,180.44,180.44,180.44,696.16,696.16,696.16,696.16,696.16,72.67,102.69,23.93,13.72,0.042,0.5113,29.88,5000.0
449.0,0.69,8416.67,-1.68,74.07,4039.48,180.36,180.36,180.36,180.36,180.36,695.85,695.85,695.85,695.85,695.85,72.63,102.64,23.91,13.72,0.042,0.5104,29.88,5000.0
450.0,0.69,8427.08,-1.7,74.04,4036.53,180.28,180.28,180.28,180.28,180.28,695.53,695.53,695.53,695.53,695.53,72.59,102.6,23.89,13.72,0.042,0.5096,29.87,5000.0
451.0,0.69,8437.5,-1.72,74.01,4033.58,180.2,180.2,180.2,180.2,180.2,695.22,695.22,695.22,695.22,695.22,72.55,102.56,23.87,13.72,0.042,0.5088,29.87,5000.0
452.0,0.69,8447.92,-1.74,73.98,4030.63,180.11,180.11,180.11,180.11,180.11,694.9,694.9,694.9,694.9,694.9,72.52,102.52,23.85,13.71,0.042,0.508,29.86,5000.0
453.0,0.69,8458.33,-1.76,73.95,4027.69,180.03,180.03,180.03,180.03,180.03,694.59,694.59,694.59,694.59,694.59,72.48,102.48,23.83,13.71,0.042,0.5071,29.86,5000.0
454.0,0.69,8468.75,-1.78,73.92,4024.74,179.95,179.95,179.95,179.95,179.95,694.27,694.27,694.27,694.27,694.27,72.44,102.44,23.81,13.71,0.042,0.5063,29.85,5000.0
455.0,0.69,8479.17,-1.8,73.89,4021.79,179.87,179.87,179.87,179.87,179.87,693.96,693.96,693.96,693.96,693.96,72.4,102.4,23.79,13.71,0.0419,0.5055,29.85,5000.0
456.0,0.69,8489.58,-1.82,73.86,4018.85,179.78,179.78,179.78,179.78,179.78,693.65,693.65,693.65,693.65,693.65,72.37,102.35,23.77,13.71,0.0419,0.5046,29.85,5000.0
457.0,0.69,8500.0,-1.84,73.83,4015.91,179.7,179.7,179.7,179.7,179.7,693.33,693.33,693.33,693.33,693.33,72.33,102.31,23.75,13.71,0.0419,0.5038,29.84,5000.0
458.0,0.69,8510.42,-1.86,73.8,4012.96,179.62,179.62,179.62,179.62,179.62,693.02,693.02,693.02,693.02,693.02,72.29,102.27,23.73,13.71,0.0419,0.503,29.84,5000.0
459.0,0.69,8520.83,-1.88,73.77,4010.02,179.54,179.54,179.54,179.54,179.54,692.7,692.7,692.7,692.7,692.7,72.25,102.23,23.7,13.71,0.0419,0.5022,29.83,5000.0
460.0,0.69,8531.25,-1.9,73.74,4007.08,179.46,179.46,179.46,179.46,179.46,692.39,692.39,692.39,692.39,692.39,72.22,102.19,23.68,13.71,0.0419,0.5013,29.83,5000.0
461.0,0.69,8541.67,-1.92,73.72,4004.14,179.37,179.37,179.37,179.37,179.37,692.07,692.07,692.07,692.07,692.07,72.18,102.15,23.66,13.71,0.0418,0.5005,29.82,5000.0
462.0,0.69,8552.08,-1.94,73.69,4001.2,179.29,179.29,179.29,179.29,179.29,691.76,691.76,691.76,691.76,691.76,72.14,102.11,23.64,13.71,0.0418,0.4997,29.82,5000.0
463.0,0.69,8562.5,-1.96,73.66,3998.27,179.21,179.21,179.21,179.21,179.21,691.45,691.45,691.45,691.45,691.45,72.11,102.06,23.62,13.71,0.0418,0.4989,29.82,5000.0
464.0,0.69,8572.92,-1.98,73.63,3995.33,179.13,179.13,179.13,179.13,179.13,691.13,691.13,691.13,691.13,691.13,72.07,102.02,23.6,13.71,0.0418,0.4981,29.81,5000.0
465.0,0.69,8583.33,-2.01,73.6,3992.4,179.04,179.04,179.04,179.04,179.04,690.82,690.82,690.82,690.82,690.82,72.03,101.98,23.58,13.7,0.0418,0.4972,29.81,5000.0
466.0,0.68,8593.75,-2.03,73.57,3989.46,178.96,178.96,178.96,178.96,178.96,690.5,690.5,690.5,690.5,690.5,71.99,101.94,23.56,13.7,0.0418,0.4964,29.8,5000.0
467.0,0.68,8604.17,-2.05,73.54,3986.53,178.88,178.88,178.88,178.88,178.88,690.19,690.19,690.19,690.19,690.19,71.96,101.9,23.54,13.7,0.0417,0.4956,29.8,5000.0
468.0,0.68,8614.58,-2.07,73.51,3983.6,178.8,178.8,178.8,178.8,178.8,689.87,689.87,689.87,689.87,689.87,71.92,101.86,23.52,13.7,0.0417,0.4948,29.79,5000.0
469.0,0.68,8625.0,-2.09,73.48,3980.67,178.72,178.72,178.72,178.72,178.72,689.56,689.56,689.56,689.56,689.56,71.88,101.82,23.5,13.7,0.0417,0.494,29.79,5000.0
470.0,0.68,8635.42,-2.11,73.45,3977.74,178.63,178.63,178.63,178.63,178.63,689.25,689.25,689.25,689.25,689.25,71.85,101.77,23.48,13.7,0.0417,0.4931,29.79,5000.0
471.0,0.68,8645.83,-2.13,73.42,3974.81,178.55,178.55,178.55,178.55,178.55,688.93,688.93,688.93,688.93,688.93,71.81,101.73,23.46,13.7,0.0417,0.4923,29.78,5000.0
472.0,0.68,8656.25,-2.15,73.39,3971.88,178.47,178.47,178.47,178.47,178.47,688.62,688.62,688.62,688.62,688.62,71.77,101.69,23.44,13.7,0.0417,0.4915,29.78,5000.0
473.0,0.68,8666.67,-2.17,73.36,3968.95,178.39,178.39,178.39,178.39,178.39,688.3,688.3,688.3,688.3,688.3,71.73,101.65,23.41,13.7,0.0416,0.4907,29.77,5000.0
474.0,0.68,8677.08,-2.19,73.33,3966.03,178.3,178.3,178.3,178.3,178.3,687.99,687.99,687.99,687.99,687.99,71.7,101.61,23.39,13.7,0.0416,0.4899,29.77,5000.0
475.0,0.68,8687.5,-2.21,73.3,3963.1,178.22,178.22,178.22,178.22,178.22,687.68,687.68,687.68,687.68,687.68,71.66,101.57,23.37,13.7,0.0416,0.4891,29.76,5000.0
476.0,0.68,8697.92,-2.23,73.27,3960.18,178.14,178.14,178.14,178.14,178.14,687.36,687.36,687.36,687.36,687.36,71.62,101.53,23.35,13.7,0.0416,0.4883,29.76,5000.0
477.0,0.68,8708.33,-2.25,73.24,3957.26,178.06,178.06,178.06,178.06,178.06,687.05,687.05,687.05,687.05,687.05,71.59,101.48,23.33,13.7,0.0416,0.4875,29.76,5000.0
478.0,0.68,8718.75,-2.27,73.22,3954.34,177.98,177.98,177.98,177.98,177.98,686.74,686.74,686.74,686.74,686.74,71.55,101.44,23.31,13.69,0.0416,0.4867,29.75,5000.0
479.0,0.68,8729.17,-2.29,73.19,3951.42,177.89,177.89,177.89,177.89,177.89,686.42,686.42,686.42,686.42,686.42,71.51,101.4,23.29,13.69,0.0416,0.4858,29.75,5000.0
480.0,0.68,8739.58,-2.31,73.16,3948.5,177.81,177.81,177.81,177.81,177.81,686.11,686.11,686.11,686.11,686.11,71.47,101.36,23.27,13.69,0.0415,0.485,29.74,5000.0
481.0,0.68,8750.0,-2.34,73.13,3945.58,177.73,177.73,177.73,177.73,177.73,685.79,685.79,685.79,685.79,685.79,71.44,101.32,23.25,13.69,0.0415,0.4842,29.74,5000.0
482.0,0.67,8760.42,-2.36,73.1,3942.66,177.65,177.65,177.65,177.65,177.65,685.48,685.48,685.48,685.48,685.48,71.4,101.28,23.23,13.69,0.0415,0.4834,29.73,5000.0
483.0,0.67,8770.83,-2.38,73.07,3939.75,177.57,177.57,177.57,177.57,177.57,685.17,685.17,685.17,685.17,685.17,71.36,101.24,23.21,13.69,0.0415,0.4826,29.73,5000.0
484.0,0.67,8781.25,-2.4,73.04,3936.83,177.48,177.48,177.48,177.48,177.48,684.85,684.85,684.85,684.85,684.85,71.33,101.2,23.19,13.69,0.0415,0.4818,29.73,5000.0
485.0,0.67,8791.67,-2.42,73.01,3933.92,177.4,177.4,177.4,177.4,177.4,684.54,684.54,684.54,684.54,684.54,71.29,101.15,23.17,13.69,0.0415,0.481,29.72,5000.0
486.0,0.67,8802.08,-2.44,72.98,3931.0,177.32,177.32,177.32,177.32,177.32,684.23,684.23,684.23,684.23,684.23,71.25,101.11,23.15,13.69,0.0414,0.4802,29.72,5000.0
487.0,0.67,8812.5,-2.46,72.95,3928.09,177.24,177.24,177.24,177.24,177.24,683.91,683.91,683.91,683.91,683.91,71.22,101.07,23.13,13.69,0.0414,0.4794,29.71,5000.0
488.0,0.67,8822.92,-2.48,72.92,3925.18,177.16,177.16,177.16,177.16,177.16,683.6,683.6,683.6,683.6,683.6,71.18,101.03,23.11,13.69,0.0414,0.4786,29.71,5000.0
489.0,0.67,8833.33,-2.5,72.89,3922.27,177.07,177.07,177.07,177.07,177.07,683.28,683.28,683.28,683.28,683.28,71.14,100.99,23.08,13.69,0.0414,0.4778,29.71,5000.0
490.0,0.67,8843.75,-2.52,72.86,3919.36,176.99,176.99,176.99,176.99,176.99,682.97,682.97,682.97,682.97,682.97,71.1,100.95,23.06,13.68,0.0414,0.477,29.7,5000.0
491.0,0.67,8854.17,-2.54,72.84,3916.45,176.91,176.91,176.91,176.91,176.91,682.66,682.66,682.66,682.66,682.66,71.07,100.91,23.04,13.68,0.0414,0.4762,29.7,5000.0
492.0,0.67,8864.58,-2.56,72.81,3913.55,176.83,176.83,176.83,176.83,176.83,682.34,682.34,682.34,682.34,682.34,71.03,100.86,23.02,13.68,0.0413,0.4754,29.69,5000.0
493.0,0.67,8875.0,-2.58,72.78,3910.64,176.75,176.75,176.75,176.75,176.75,682.03,682.03,682.03,682.03,682.03,70.99,100.82,23.0,13.68,0.0413,0.4746,29.69,5000.0
494.0,0.67,8885.42,-2.6,72.75,3907.74,176.66,176.66,176.66,176.66,176.66,681.72,681.72,681.72,681.72,681.72,70.96,100.78,22.98,13.68,0.0413,0.4738,29.68,5000.0
495.0,0.67,8895.83,-2.62,72.72,3904.83,176.58,176.58,176.58,176.58,176.58,681.4,681.4,681.4,681.4,681.4,70.92,100.74,22.96,13.68,0.0413,0.473,29.68,5000.0
496.0,0.67,8906.25,-2.65,72.69,3901.93,176.5,176.5,176.5,176.5,176.5,681.09,681.09,681.09,681.09,681.09,70.88,100.7,22.94,13.68,0.0413,0.4722,29.68,5000.0
497.0,0.67,8916.67,-2.67,72.66,3899.03,176.42,176.42,176.42,176.42,176.42,680.78,680.78,680.78,680.78,680.78,70.85,100.66,22.92,13.68,0.0413,0.4714,29.67,5000.0
498.0,0.66,8927.08,-2.69,72.63,3896.13,176.34,176.34,176.34,176.34,176.34,680.46,680.46,680.46,680.46,680.46,70.81,100.62,22.9,13.68,0.0413,0.4706,29.67,5000.0
499.0,0.66,8937.5,-2.71,72.6,3893.23,176.25,176.25,176.25,176.25,176.25,680.15,680.15,680.15,680.15,680.15,70.77,100.58,22.88,13.68,0.0412,0.4698,29.66,5000.0
500.0,0.66,8947.92,-2.73,72.57,3890.33,176.17,176.17,176.17,176.17,176.17,679.84,679.84,679.84,679.84,679.84,70.74,100.53,22.86,13.68,0.0412,0.469,29.66,5000.0
501.0,0.66,8958.33,-2.75,72.54,3887.43,176.09,176.09,176.09,176.09,176.09,679.52,679.52,679.52,679.52,679.52,70.7,100.49,22.84,13.68,0.0412,0.4683,29.65,5000.0
502.0,0.66,8968.75,-2.77,72.51,3884.54,176.01,176.01,176.01,176.01,176.01,679.21,679.21,679.21,679.21,679.21,70.66,100.45,22.82,13.68,0.0412,0.4675,29.65,5000.0
503.0,0.66,8979.17,-2.79,72.49,3881.64,175.93,175.93,175.93,175.93,175.93,678.9,678.9,678.9,678.9,678.9,70.63,100.41,22.8,13.67,0.0412,0.4667,29.65,5000.0
504.0,0.66,8989.58,-2.81,72.46,3878.75,175.85,175.85,175.85,175.85,175.85,678.58,678.58,678.58,678.58,678.58,70.59,100.37,22.78,13.67,0.0412,0.4659,29.64,5000.0
505.0,0.66,9000.0,-2.83,72.43,3875.85,175.76,175.76,175.76,175.76,175.76,678.27,678.27,678.27,678.27,678.27,70.55,100.33,22.76,13.67,0.0411,0.4651,29.64,5000.0
506.0,0.66,9010.42,-2.85,72.4,3872.96,175.68,175.68,175.68,175.68,175.68,677.96,677.96,677.96,677.96,677.96,70.52,100.29,22.74,13.67,0.0411,0.4643,29.63,5000.0
507.0,0.66,9020.83,-2.87,72.37,3870.07,175.6,175.6,175.6,175.6,175.6,677.65,677.65,677.65,677.65,677.65,70.48,100.25,22.71,13.67,0.0411,0.4635,29.63,5000.0
508.0,0.66,9031.25,-2.89,72.34,3867.18,175.52,175.52,175.52,175.52,175.52,677.33,677.33,677.33,677.33,677.33,70.44,100.2,22.69,13.67,0.0411,0.4627,29.62,5000.0
509.0,0.66,9041.67,-2.91,72.31,3864.29,175.44,175.44,175.44,175.44,175.44,677.02,677.02,677.02,677.02,677.02,70.41,100.16,22.67,13.67,0.0411,0.462,29.62,5000.0
510.0,0.66,9052.08,-2.93,72.28,3861.4,175.36,175.36,175.36,175.36,175.36,676.71,676.71,676.71,676.71,676.71,70.37,100.12,22.65,13.67,0.0411,0.4612,29.62,5000.0
511.0,0.66,9062.5,-2.95,72.25,3858.52,175.27,175.27,175.27,175.27,175.27,676.39,676.39,676.39,676.39,676.39,70.33,100.08,22.63,13.67,0.041,0.4604,29.61,5000.0
512.0,0.66,9072.92,-2.98,72.22,3855.63,175.19,175.19,175.19,175.19,175.19,676.08,676.08,676.08,676.08,676.08,70.3,100.04,22.61,13.67,0.041,0.4596,29.61,5000.0
513.0,0.66,9083.33,-3.0,72.2,3852.74,175.11,175.11,175.11,175.11,175.11,675.77,675.77,675.77,675.77,675.77,70.26,100.0,22.59,13.67,0.041,0.4588,29.6,5000.0
514.0,0.65,9093.75,-3.02,72.17,3849.86,175.03,175.03,175.03,175.03,175.03,675.45,675.45,675.45,675.45,675.45,70.22,99.96,22.57,13.67,0.041,0.458,29.6,5000.0
515.0,0.65,9104.17,-3.04,72.14,3846.98,174.95,174.95,174.95,174.95,174.95,675.14,675.14,675.14,675.14,675.14,70.19,99.92,22.55,13.67,0.041,0.4573,29.6,5000.0
516.0,0.65,9114.58,-3.06,72.11,3844.1,174.87,174.87,174.87,174.87,174.87,674.83,674.83,674.83,674.83,674.83,70.15,99.87,22.53,13.66,0.041,0.4565,29.59,5000.0
517.0,0.65,9125.0,-3.08,72.08,3841.21,174.78,174.78,174.78,174.78,174.78,674.52,674.52,674.52,674.52,674.52,70.11,99.83,22.51,13.66,0.041,0.4557,29.59,5000.0
518.0,0.65,9135.42,-3.1,72.05,3838.33,174.7,174.7,174.7,174.7,174.7,674.2,674.2,674.2,674.2,674.2,70.08,99.79,22.49,13.66,0.0409,0.4549,29.58,5000.0
519.0,0.65,9145.83,-3.12,72.02,3835.46,174.62,174.62,174.62,174.62,174.62,673.89,673.89,673.89,673.89,673.89,70.04,99.75,22.47,13.66,0.0409,0.4542,29.58,5000.0
520.0,0.65,9156.25,-3.14,71.99,3832.58,174.54,174.54,174.54,174.54,174.54,673.58,673.58,673.58,673.58,673.58,70.0,99.71,22.45,13.66,0.0409,0.4534,29.57,5000.0
521.0,0.65,9166.67,-3.16,71.96,3829.7,174.46,174.46,174.46,174.46,174.46,673.27,673.27,673.27,673.27,673.27,69.97,99.67,22.43,13.66,0.0409,0.4526,29.57,5000.0
522.0,0.65,9177.08,-3.18,71.93,3826.83,174.38,174.38,174.38,174.38,174.38,672.95,672.95,672.95,672.95,672.95,69.93,99.63,22.41,13.66,0.0409,0.4518,29.57,5000.0
523.0,0.65,9187.5,-3.2,71.91,3823.95,174.29,174.29,174.29,174.29,174.29,672.64,672.64,672.64,672.64,672.64,69.89,99.59,22.39,13.66,0.0409,0.4511,29.56,5000.0
524.0,0.65,9197.92,-3.22,71.88,3821.08,174.21,174.21,174.21,174.21,174.21,672.33,672.33,672.33,672.33,672.33,69.86,99.55,22.37,13.66,0.0408,0.4503,29.56,5000.0
525.0,0.65,9208.33,-3.24,71.85,3818.21,174.13,174.13,174.13,174.13,174.13,672.01,672.01,672.01,672.01,672.01,69.82,99.5,22.35,13.66,0.0408,0.4495,29.55,5000.0
526.0,0.65,9218.75,-3.26,71.82,3815.33,174.05,174.05,174.05,174.05,174.05,671.7,671.7,671.7,671.7,671.7,69.78,99.46,22.33,13.66,0.0408,0.4487,29.55,5000.0
527.0,0.65,9229.17,-3.28,71.79,3812.46,173.97,173.97,173.97,173.97,173.97,671.39,671.39,671.39,671.39,671.39,69.75,99.42,22.31,13.66,0.0408,0.448,29.55,5000.0
528.0,0.65,9239.58,-3.31,71.76,3809.59,173.89,173.89,173.89,173.89,173.89,671.08,671.08,671.08,671.08,671.08,69.71,99.38,22.29,13.66,0.0408,0.4472,29.54,5000.0
529.0,0.65,9250.0,-3.33,71.73,3806.73,173.8,173.8,173.8,173.8,173.8,670.76,670.76,670.76,670.76,670.76,69.68,99.34,22.27,13.65,0.0408,0.4464,29.54,5000.0
530.0,0.64,9260.42,-3.35,71.7,3803.86,173.72,173.72,173.72,173.72,173.72,670.45,670.45,670.45,670.45,670.45,69.64,99.3,22.24,13.65,0.0407,0.4457,29.53,5000.0
531.0,0.64,9270.83,-3.37,71.68,3800.99,173.64,173.64,173.64,173.64,173.64,670.14,670.14,670.14,670.14,670.14,69.6,99.26,22.22,13.65,0.0407,0.4449,29.53,5000.0
532.0,0.64,9281.25,-3.39,71.65,3798.13,173.56,173.56,173.56,173.56,173.56,669.83,669.83,669.83,669.83,669.83,69.57,99.22,22.2,13.65,0.0407,0.4441,29.52,5000.0
533.0,0.64,9291.67,-3.41,71.62,3795.26,173.48,173.48,173.48,173.48,173.48,669.51,669.51,669.51,669.51,669.51,69.53,99.18,22.18,13.65,0.0407,0.4434,29.52,5000.0
534.0,0.64,9302.08,-3.43,71.59,3792.4,173.4,173.4,173.4,173.4,173.4,669.2,669.2,669.2,669.2,669.2,69.49,99.13,22.16,13.65,0.0407,0.4426,29.52,5000.0
535.0,0.64,9312.5,-3.45,71.56,3789.54,173.32,173.32,173.32,173.32,173.32,668.89,668.89,668.89,668.89,668.89,69.46,99.09,22.14,13.65,0.0407,0.4418,29.51,5000.0
536.0,0.64,9322.92,-3.47,71.53,3786.68,173.24,173.24,173.24,173.24,173.24,668.58,668.58,668.58,668.58,668.58,69.42,99.05,22.12,13.65,0.0407,0.4411,29.51,5000.0
537.0,0.64,9333.33,-3.49,71.5,3783.82,173.15,173.15,173.15,173.15,173.15,668.27,668.27,668.27,668.27,668.27,69.39,99.01,22.1,13.65,0.0406,0.4403,29.5,5000.0
538.0,0.64,9343.75,-3.51,71.47,3780.96,173.07,173.07,173.07,173.07,173.07,667.95,667.95,667.95,667.95,667.95,69.35,98.97,22.08,13.65,0.0406,0.4395,29.5,5000.0
539.0,0.64,9354.17,-3.53,71.44,3778.1,172.99,172.99,172.99,172.99,172.99,667.64,667.64,667.64,667.64,667.64,69.31,98.93,22.06,13.65,0.0406,0.4388,29.5,5000.0
540.0,0.64,9364.58,-3.55,71.42,3775.24,172.91,172.91,172.91,172.91,172.91,667.33,667.33,667.33,667.33,667.33,69.28,98.89,22.04,13.65,0.0406,0.438,29.49,5000.0
541.0,0.64,9375.0,-3.57,71.39,3772.39,172.83,172.83,172.83,172.83,172.83,667.02,667.02,667.02,667.02,667.02,69.24,98.85,22.02,13.65,0.0406,0.4373,29.49,5000.0
542.0,0.64,9385.42,-3.59,71.36,3769.53,172.75,172.75,172.75,172.75,172.75,666.7,666.7,666.7,666.7,666.7,69.2,98.81,22.0,13.64,0.0406,0.4365,29.48,5000.0
543.0,0.64,9395.83,-3.62,71.33,3766.68,172.67,172.67,172.67,172.67,172.67,666.39,666.39,666.39,666.39,666.39,69.17,98.77,21.98,13.64,0.0405,0.4357,29.48,5000.0
544.0,0.64,9406.25,-3.64,71.3,3763.83,172.58,172.58,172.58,172.58,172.58,666.08,666.08,666.08,666.08,666.08,69.13,98.72,21.96,13.64,0.0405,0.435,29.47,5000.0
545.0,0.64,9416.67,-3.66,71.27,3760.98,172.5,172.5,172.5,172.5,172.5,665.77,665.77,665.77,665.77,665.77,69.1,98.68,21.94,13.64,0.0405,0.4342,29.47,5000.0
546.0,0.63,9427.08,-3.68,71.24,3758.12,172.42,172.42,172.42,172.42,172.42,665.46,665.46,665.46,665.46,665.46,69.06,98.64,21.92,13.64,0.0405,0.4335,29.47,5000.0
547.0,0.63,9437.5,-3.7,71.22,3755.28,172.34,172.34,172.34,172.34,172.34,665.14,665.14,665.14,665.14,665.14,69.02,98.6,21.9,13.64,0.0405,0.4327,29.46,5000.0
548.0,0.63,9447.92,-3.72,71.19,3752.43,172.26,172.26,172.26,172.26,172.26,664.83,664.83,664.83,664.83,664.83,68.99,98.56,21.88,13.64,0.0405,0.432,29.46,5000.0
549.0,0.63,9458.33,-3.74,71.16,3749.58,172.18,172.18,172.18,172.18,172.18,664.52,664.52,664.52,664.52,664.52,68.95,98.52,21.86,13.64,0.0405,0.4312,29.45,5000.0
550.0,0.63,9468.75,-3.76,71.13,3746.73,172.1,172.1,172.1,172.1,172.1,664.21,664.21,664.21,664.21,664.21,68.91,98.48,21.84,13.64,0.0404,0.4304,29.45,5000.0
551.0,0.63,9479.17,-3.78,71.1,3743.89,172.02,172.02,172.02,172.02,172.02,663.9,663.9,663.9,663.9,663.9,68.88,98.44,21.82,13.64,0.0404,0.4297,29.45,5000.0
552.0,0.63,9489.58,-3.8,71.07,3741.04,171.93,171.93,171.93,171.93,171.93,663.58,663.58,663.58,663.58,663.58,68.84,98.4,21.8,13.64,0.0404,0.4289,29.44,5000.0
553.0,0.63,9500.0,-3.82,71.04,3738.2,171.85,171.85,171.85,171.85,171.85,663.27,663.27,663.27,663.27,663.27,68.81,98.36,21.78,13.64,0.0404,0.4282,29.44,5000.0
554.0,0.63,9510.42,-3.84,71.01,3735.36,171.77,171.77,171.77,171.77,171.77,662.96,662.96,662.96,662.96,662.96,68.77,98.31,21.76,13.64,0.0404,0.4274,29.43,5000.0
555.0,0.63,9520.83,-3.86,70.99,3732.52,171.69,171.69,171.69,171.69,171.69,662.65,662.65,662.65,662.65,662.65,68.73,98.27,21.74,13.63,0.0404,0.4267,29.43,5000.0
556.0,0.63,9531.25,-3.88,70.96,3729.68,171.61,171.61,171.61,171.61,171.61,662.34,662.34,662.34,662.34,662.34,68.7,98.23,21.72,13.63,0.0403,0.4259,29.42,5000.0
557.0,0.63,9541.67,-3.9,70.93,3726.84,171.53,171.53,171.53,171.53,171.53,662.03,662.03,662.03,662.03,662.03,68.66,98.19,21.7,13.63,0.0403,0.4252,29.42,5000.0
558.0,0.63,9552.08,-3.92,70.9,3724.0,171.45,171.45,171.45,171.45,171.45,661.71,661.71,661.71,661.71,661.71,68.63,98.15,21.68,13.63,0.0403,0.4245,29.42,5000.0
559.0,0.63,9562.5,-3.95,70.87,3721.16,171.37,171.37,171.37,171.37,171.37,661.4,661.4,661.4,661.4,661.4,68.59,98.11,21.66,13.63,0.0403,0.4237,29.41,5000.0
560.0,0.63,9572.92,-3.97,70.84,3718.33,171.29,171.29,171.29,171.29,171.29,661.09,661.09,661.09,661.09,661.09,68.55,98.07,21.64,13.63,0.0403,0.423,29.41,5000.0
561.0,0.62,9583.33,-3.99,70.81,3715.49,171.2,171.2,171.2,171.2,171.2,660.78,660.78,660.78,660.78,660.78,68.52,98.03,21.62,13.63,0.0403,0.4222,29.4,5000.0
562.0,0.62,9593.75,-4.01,70.79,3712.66,171.12,171.12,171.12,171.12,171.12,660.47,660.47,660.47,660.47,660.47,68.48,97.99,21.6,13.63,0.0403,0.4215,29.4,5000.0
563.0,0.62,9604.17,-4.03,70.76,3709.82,171.04,171.04,171.04,171.04,171.04,660.15,660.15,660.15,660.15,660.15,68.45,97.95,21.58,13.63,0.0402,0.4207,29.4,5000.0
564.0,0.62,9614.58,-4.05,70.73,3706.99,170.96,170.96,170.96,170.96,170.96,659.84,659.84,659.84,659.84,659.84,68.41,97.9,21.56,13.63,0.0402,0.42,29.39,5000.0
565.0,0.62,9625.0,-4.07,70.7,3704.16,170.88,170.88,170.88,170.88,170.88,659.53,659.53,659.53,659.53,659.53,68.37,97.86,21.54,13.63,0.0402,0.4192,29.39,5000.0
566.0,0.62,9635.42,-4.09,70.67,3701.33,170.8,170.8,170.8,170.8,170.8,659.22,659.22,659.22,659.22,659.22,68.34,97.82,21.51,13.63,0.0402,0.4185,29.38,5000.0
567.0,0.62,9645.83,-4.11,70.64,3698.5,170.72,170.72,170.72,170.72,170.72,658.91,658.91,658.91,658.91,658.91,68.3,97.78,21.49,13.63,0.0402,0.4178,29.38,5000.0
568.0,0.62,9656.25,-4.13,70.62,3695.68,170.64,170.64,170.64,170.64,170.64,658.6,658.6,658.6,658.6,658.6,68.27,97.74,21.47,13.63,0.0402,0.417,29.38,5000.0
569.0,0.62,9666.67,-4.15,70.59,3692.85,170.56,170.56,170.56,170.56,170.56,658.29,658.29,658.29,658.29,658.29,68.23,97.7,21.45,13.62,0.0401,0.4163,29.37,5000.0
570.0,0.62,9677.08,-4.17,70.56,3690.02,170.48,170.48,170.48,170.48,170.48,657.97,657.97,657.97,657.97,657.97,68.19,97.66,21.43,13.62,0.0401,0.4155,29.37,5000.0
571.0,0.62,9687.5,-4.19,70.53,3687.2,170.4,170.4,170.4,170.4,170.4,657.66,657.66,657.66,657.66,657.66,68.16,97.62,21.41,13.62,0.0401,0.4148,29.36,5000.0
572.0,0.62,9697.92,-4.21,70.5,3684.38,170.31,170.31,170.31,170.31,170.31,657.35,657.35,657.35,657.35,657.35,68.12,97.58,21.39,13.62,0.0401,0.4141,29.36,5000.0
573.0,0.62,9708.33,-4.23,70.47,3681.55,170.23,170.23,170.23,170.23,170.23,657.04,657.04,657.04,657.04,657.04,68.09,97.54,21.37,13.62,0.0401,0.4133,29.35,5000.0
574.0,0.62,9718.75,-4.25,70.44,3678.73,170.15,170.15,170.15,170.15,170.15,656.73,656.73,656.73,656.73,656.73,68.05,97.5,21.35,13.62,0.0401,0.4126,29.35,5000.0
575.0,0.62,9729.17,-4.28,70.42,3675.91,170.07,170.07,170.07,170.07,170.07,656.42,656.42,656.42,656.42,656.42,68.02,97.46,21.33,13.62,0.0401,0.4119,29.35,5000.0
576.0,0.62,9739.58,-4.3,70.39,3673.09,169.99,169.99,169.99,169.99,169.99,656.11,656.11,656.11,656.11,656.11,67.98,97.41,21.31,13.62,0.04,0.4111,29.34,5000.0
577.0,0.61,9750.0,-4.32,70.36,3670.27,169.91,169.91,169.91,169.91,169.91,655.8,655.8,655.8,655.8,655.8,67.94,97.37,21.29,13.62,0.04,0.4104,29.34,5000.0
578.0,0.61,9760.42,-4.34,70.33,3667.46,169.83,169.83,169.83,169.83,169.83,655.48,655.48,655.48,655.48,655.48,67.91,97.33,21.27,13.62,0.04,0.4097,29.33,5000.0
579.0,0.61,9770.83,-4.36,70.3,3664.64,169.75,169.75,169.75,169.75,169.75,655.17,655.17,655.17,655.17,655.17,67.87,97.29,21.25,13.62,0.04,0.4089,29.33,5000.0
580.0,0.61,9781.25,-4.38,70.27,3661.83,169.67,169.67,169.67,169.67,169.67,654.86,654.86,654.86,654.86,654.86,67.84,97.25,21.23,13.62,0.04,0.4082,29.33,5000.0
581.0,0.61,9791.67,-4.4,70.25,3659.01,169.59,169.59,169.59,169.59,169.59,654.55,654.55,654.55,654.55,654.55,67.8,97.21,21.21,13.62,0.04,0.4075,29.32,5000.0
582.0,0.61,9802.08,-4.42,70.22,3656.2,169.51,169.51,169.51,169.51,169.51,654.24,654.24,654.24,654.24,654.24,67.77,97.17,21.19,13.61,0.0399,0.4068,29.32,5000.0
583.0,0.61,9812.5,-4.44,70.19,3653.39,169.42,169.42,169.42,169.42,169.42,653.93,653.93,653.93,653.93,653.93,67.73,97.13,21.17,13.61,0.0399,0.406,29.31,5000.0
584.0,0.61,9822.92,-4.46,70.16,3650.57,169.34,169.34,169.34,169.34,169.34,653.62,653.62,653.62,653.62,653.62,67.69,97.09,21.15,13.61,0.0399,0.4053,29.31,5000.0
585.0,0.61,9833.33,-4.48,70.13,3647.76,169.26,169.26,169.26,169.26,169.26,653.31,653.31,653.31,653.31,653.31,67.66,97.05,21.13,13.61,0.0399,0.4046,29.31,5000.0
586.0,0.61,9843.75,-4.5,70.1,3644.96,169.18,169.18,169.18,169.18,169.18,653.0,653.0,653.0,653.0,653.0,67.62,97.01,21.11,13.61,0.0399,0.4038,29.3,5000.0
587.0,0.61,9854.17,-4.52,70.08,3642.15,169.1,169.1,169.1,169.1,169.1,652.68,652.68,652.68,652.68,652.68,67.59,96.97,21.09,13.61,0.0399,0.4031,29.3,5000.0
588.0,0.61,9864.58,-4.54,70.05,3639.34,169.02,169.02,169.02,169.02,169.02,652.37,652.37,652.37,652.37,652.37,67.55,96.92,21.07,13.61,0.0399,0.4024,29.29,5000.0
589.0,0.61,9875.0,-4.56,70.02,3636.54,168.94,168.94,168.94,168.94,168.94,652.06,652.06,652.06,652.06,652.06,67.52,96.88,21.05,13.61,0.0398,0.4017,29.29,5000.0
590.0,0.61,9885.42,-4.58,69.99,3633.73,168.86,168.86,168.86,168.86,168.86,651.75,651.75,651.75,651.75,651.75,67.48,96.84,21.03,13.61,0.0398,0.4009,29.29,5000.0
591.0,0.61,9895.83,-4.61,69.96,3630.93,168.78,168.78,168.78,168.78,168.78,651.44,651.44,651.44,651.44,651.44,67.44,96.8,21.01,13.61,0.0398,0.4002,29.28,5000.0
592.0,0.61,9906.25,-4.63,69.93,3628.12,168.7,168.7,168.7,168.7,168.7,651.13,651.13,651.13,651.13,651.13,67.41,96.76,20.99,13.61,0.0398,0.3995,29.28,5000.0
593.0,0.6,9916.67,-4.65,69.91,3625.32,168.62,168.62,168.62,168.62,168.62,650.82,650.82,650.82,650.82,650.82,67.37,96.72,20.97,13.61,0.0398,0.3988,29.27,5000.0
594.0,0.6,9927.08,-4.67,69.88,3622.52,168.54,168.54,168.54,168.54,168.54,650.51,650.51,650.51,650.51,650.51,67.34,96.68,20.95,13.61,0.0398,0.3981,29.27,5000.0
595.0,0.6,9937.5,-4.69,69.85,3619.72,168.46,168.46,168.46,168.46,168.46,650.2,650.2,650.2,650.2,650.2,67.3,96.64,20.93,13.6,0.0397,0.3973,29.27,5000.0
596.0,0.6,9947.92,-4.71,69.82,3616.92,168.38,168.38,168.38,168.38,168.38,649.89,649.89,649.89,649.89,649.89,67.27,96.6,20.91,13.6,0.0397,0.3966,29.26,5000.0
597.0,0.6,9958.33,-4.73,69.79,3614.13,168.3,168.3,168.3,168.3,168.3,649.58,649.58,649.58,649.58,649.58,67.23,96.56,20.89,13.6,0.0397,0.3959,29.26,5000.0
598.0,0.6,9968.75,-4.75,69.77,3611.33,168.21,168.21,168.21,168.21,168.21,649.26,649.26,649.26,649.26,649.26,67.2,96.52,20.87,13.6,0.0397,0.3952,29.25,5000.0
599.0,0.6,9979.17,-4.77,69.74,3608.53,168.13,168.13,168.13,168.13,168.13,648.95,648.95,648.95,648.95,648.95,67.16,96.48,20.85,13.6,0.0397,0.3945,29.25,5000.0
600.0,0.6,9989.58,-4.79,69.71,3605.74,168.05,168.05,168.05,168.05,168.05,648.64,648.64,648.64,648.64,648.64,67.13,96.44,20.83,13.6,0.0397,0.3938,29.24,5000.0
601.0,0.6,10000.0,-4.81,69.68,3602.95,167.97,167.97,167.97,167.97,167.97,648.33,648.33,648.33,648.33,648.33,67.09,96.39,20.81,13.6,0.0397,0.393,29.24,5000.0
602.0,0.6,10000.0,-4.81,69.68,3601.51,167.9,167.9,167.9,167.9,167.9,648.06,648.06,648.06,648.06,648.06,67.06,96.36,20.8,13.6,0.0396,0.3929,29.24,5000.0
603.0,0.6,10000.0,-4.81,69.68,3600.78,167.82,167.82,167.82,167.82,167.82,647.82,647.82,647.82,647.82,647.82,67.05,96.32,20.8,13.6,0.0396,0.3928,29.24,5000.0
604.0,0.6,10000.0,-4.81,69.68,3600.4,167.75,167.75,167.75,167.75,167.75,647.6,647.6,647.6,647.6,647.6,67.03,96.28,20.8,13.6,0.0396,0.3928,29.24,5000.0
605.0,0.6,10000.0,-4.81,69.68,3600.2,167.68,167.68,167.68,167.68,167.68,647.41,647.41,647.41,647.41,647.41,67.02,96.25,20.8,13.6,0.0396,0.3927,29.24,5000.0
606.0,0.6,10000.0,-4.81,69.68,3600.11,167.62,167.62,167.62,167.62,167.62,647.25,647.25,647.25,647.25,647.25,67.02,96.22,20.8,13.6,0.0396,0.3927,29.24,5000.0
607.0,0.6,10000.0,-4.81,69.68,3600.05,167.55,167.55,167.55,167.55,167.55,647.1,647.1,647.1,647.1,647.1,67.01,96.19,20.8,13.6,0.0396,0.3927,29.24,5000.0
608.0,0.6,10000.0,-4.81,69.68,3600.03,167.49,167.49,167.49,167.49,167.49,646.97,646.97,646.97,646.97,646.97,67.01,96.16,20.8,13.6,0.0396,0.3927,29.24,5000.0
609.0,0.6,10000.0,-4.81,69.68,3600.01,167.43,167.43,167.43,167.43,167.43,646.86,646.86,646.86,646.86,646.86,67.01,96.13,20.8,13.6,0.0396,0.3927,29.24,5000.0
610.0,0.6,10000.0,-4.81,69.68,3600.01,167.38,167.38,167.38,167.38,167.38,646.76,646.76,646.76,646.76,646.76,67.0,96.11,20.8,13.6,0.0396,0.3927,29.24,5000.0
611.0,0.6,10000.0,-4.81,69.68,3600.0,167.32,167.32,167.32,167.32,167.32,646.67,646.67,646.67,646.67,646.67,67.0,96.08,20.8,13.6,0.0396,0.3927,29.24,5000.0
612.0,0.6,10000.0,-4.81,69.68,3600.0,167.27,167.27,167.27,167.27,167.27,646.59,646.59,646.59,646.59,646.59,67.0,96.06,20.8,13.6,0.0396,0.3927,29.24,5000.0
613.0,0.6,10000.0,-4.81,69.68,3600.0,167.22,167.22,167.22,167.22,167.22,646.52,646.52,646.52,646.52,646.52,67.0,96.04,20.8,13.6,0.0396,0.3927,29.24,5000.0
614.0,0.6,10000.0,-4.81,69.68,3600.0,167.17,167.17,167.17,167.17,167.17,646.46,646.46,646.46,646.46,646.46,67.0,96.01,20.8,13.6,0.0396,0.3927,29.24,5000.0
615.0,0.6,10000.0,-4.81,69.68,3600.0,167.13,167.13,167.13,167.13,167.13,646.41,646.41,646.41,646.41,646.41,67.0,95.99,20.8,13.6,0.0396,0.3927,29.24,5000.0
616.0,0.6,10000.0,-4.81,69.68,3600.0,167.08,167.08,167.08,167.08,167.08,646.36,646.36,646.36,646.36,646.36,67.0,95.98,20.8,13.6,0.0396,0.3927,29.24,5000.0
617.0,0.6,10000.0,-4.81,69.68,3600.0,167.04,167.04,167.04,167.04,167.04,646.32,646.32,646.32,646.32,646.32,67.0,95.96,20.8,13.6,0.0396,0.3927,29.24,5000.0
618.0,0.6,10000.0,-4.81,69.68,3600.0,167.0,167.0,167.0,167.0,167.0,646.28,646.28,646.28,646.28,646.28,67.0,95.94,20.8,13.6,0.0396,0.3927,29.24,5000.0
619.0,0.6,10000.0,-4.81,69.68,3600.0,166.96,166.96,166.96,166.96,166.96,646.25,646.25,646.25,646.25,646.25,67.0,95.92,20.8,13.6,0.0396,0.3927,29.24,5000.0
620.0,0.6,10000.0,-4.81,69.68,3600.0,166.92,166.92,166.92,166.92,166.92,646.22,646.22,646.22,646.22,646.22,67.0,95.91,20.8,13.6,0.0396,0.3927,29.24,5000.0
621.0,0.6,10000.0,-4.81,69.68,3600.0,166.89,166.89,166.89,166.89,166.89,646.19,646.19,646.19,646.19,646.19,67.0,95.89,20.8,13.6,0.0396,0.3927,29.24,5000.0
622.0,0.6,10000.0,-4.81,69.68,3600.0,166.85,166.85,166.85,166.85,166.85,646.17,646.17,646.17,646.17,646.17,67.0,95.88,20.8,13.6,0.0396,0.3927,29.24,5000.0
623.0,0.6,10000.0,-4.81,69.68,3600.0,166.82,166.82,166.82,166.82,166.82,646.15,646.15,646.15,646.15,646.15,67.0,95.86,20.8,13.6,0.0396,0.3927,29.24,5000.0
624.0,0.6,10000.0,-4.81,69.68,3600.0,166.79,166.79,166.79,166.79,166.79,646.13,646.13,646.13,646.13,646.13,67.0,95.85,20.8,13.6,0.0396,0.3927,29.24,5000.0
625.0,0.6,10000.0,-4.81,69.68,3600.0,166.76,166.76,166.76,166.76,166.76,646.12,646.12,646.12,646.12,646.12,67.0,95.84,20.8,13.6,0.0396,0.3927,29.24,5000.0
626.0,0.6,10000.0,-4.81,69.68,3600.0,166.73,166.73,166.73,166.73,166.73,646.1,646.1,646.1,646.1,646.1,67.0,95.83,20.8,13.6,0.0396,0.3927,29.24,5000.0
627.0,0.6,10000.0,-4.81,69.68,3600.0,166.7,166.7,166.7,166.7,166.7,646.09,646.09,646.09,646.09,646.09,67.0,95.82,20.8,13.6,0.0396,0.3927,29.24,5000.0
628.0,0.6,10000.0,-4.81,69.68,3600.0,166.67,166.67,166.67,166.67,166.67,646.08,646.08,646.08,646.08,646.08,67.0,95.81,20.8,13.6,0.0396,0.3927,29.24,5000.0
629.0,0.6,10000.0,-4.81,69.68,3600.0,166.64,166.64,166.64,166.64,166.64,646.07,646.07,646.07,646.07,646.07,67.0,95.8,20.8,13.6,0.0396,0.3927,29.24,5000.0
630.0,0.6,10000.0,-4.81,69.68,3600.0,166.62,166.62,166.62,166.62,166.62,646.06,646.06,646.06,646.06,646.06,67.0,95.79,20.8,13.6,0.0396,0.3927,29.24,5000.0
631.0,0.6,10000.0,-4.81,69.68,3600.0,166.59,166.59,166.59,166.59,166.59,646.05,646.05,646.05,646.05,646.05,67.0,95.78,20.8,13.6,0.0396,0.3927,29.24,5000.0
632.0,0.6,10000.0,-4.81,69.68,3600.0,166.57,166.57,166.57,166.57,166.57,646.05,646.05,646.05,646.05,646.05,67.0,95.77,20.8,13.6,0.0396,0.3927,29.24,5000.0
633.0,0.6,10000.0,-4.81,69.68,3600.0,166.55,166.55,166.55,166.55,166.55,646.04,646.04,646.04,646.04,646.04,67.0,95.76,20.8,13.6,0.0396,0.3927,29.24,5000.0
634.0,0.6,10000.0,-4.81,69.68,3600.0,166.53,166.53,166.53,166.53,166.53,646.04,646.04,646.04,646.04,646.04,67.0,95.75,20.8,13.6,0.0396,0.3927,29.24,5000.0
635.0,0.6,10000.0,-4.81,69.68,3600.0,166.51,166.51,166.51,166.51,166.51,646.03,646.03,646.03,646.03,646.03,67.0,95.75,20.8,13.6,0.0396,0.3927,29.24,5000.0
636.0,0.6,10000.0,-4.81,69.68,3600.0,166.49,166.49,166.49,166.49,166.49,646.03,646.03,646.03,646.03,646.03,67.0,95.74,20.8,13.6,0.0396,0.3927,29.24,5000.0
637.0,0.6,10000.0,-4.81,69.68,3600.0,166.47,166.47,166.47,166.47,166.47,646.03,646.03,646.03,646.03,646.03,67.0,95.73,20.8,13.6,0.0396,0.3927,29.24,5000.0
638.0,0.6,10000.0,-4.81,69.68,3600.0,166.45,166.45,166.45,166.45,166.45,646.02,646.02,646.02,646.02,646.02,67.0,95.72,20.8,13.6,0.0396,0.3927,29.24,5000.0
639.0,0.6,10000.0,-4.81,69.68,3600.0,166.43,166.43,166.43,166.43,166.43,646.02,646.02,646.02,646.02,646.02,67.0,95.72,20.8,13.6,0.0396,0.3927,29.24,5000.0
640.0,0.6,10000.0,-4.81,69.68,3600.0,166.41,166.41,166.41,166.41,166.41,646.02,646.02,646.02,646.02,646.02,67.0,95.71,20.8,13.6,0.0396,0.3927,29.24,5000.0
641.0,0.6,10000.0,-4.81,69.68,3600.0,166.4,166.4,166.4,166.4,166.4,646.02,646.02,646.02,646.02,646.02,67.0,95.71,20.8,13.6,0.0396,0.3927,29.24,5000.0
642.0,0.6,10000.0,-4.81,69.68,3600.0,166.38,166.38,166.38,166.38,166.38,646.01,646.01,646.01,646.01,646.01,67.0,95.7,20.8,13.6,0.0396,0.3927,29.24,5000.0
643.0,0.6,10000.0,-4.81,69.68,3600.0,166.37,166.37,166.37,166.37,166.37,646.01,646.01,646.01,646.01,646.01,67.0,95.7,20.8,13.6,0.0396,0.3927,29.24,5000.0
644.0,0.6,10000.0,-4.81,69.68,3600.0,166.35,166.35,166.35,166.35,166.35,646.01,646.01,646.01,646.01,646.01,67.0,95.69,20.8,13.6,0.0396,0.3927,29.24,5000.0
645.0,0.6,10000.0,-4.81,69.68,3600.0,166.34,166.34,166.34,166.34,166.34,646.01,646.01,646.01,646.01,646.01,67.0,95.69,20.8,13.6,0.0396,0.3927,29.24,5000.0
646.0,0.6,10000.0,-4.81,69.68,3600.0,166.33,166.33,166.33,166.33,166.33,646.01,646.01,646.01,646.01,646.01,67.0,95.68,20.8,13.6,0.0396,0.3927,29.24,5000.0
647.0,0.6,10000.0,-4.81,69.68,3600.0,166.31,166.31,166.31,166.31,166.31,646.01,646.01,646.01,646.01,646.01,67.0,95.68,20.8,13.6,0.0396,0.3927,29.24,5000.0
648.0,0.6,10000.0,-4.81,69.68,3600.0,166.3,166.3,166.3,166.3,166.3,646.01,646.01,646.01,646.01,646.01,67.0,95.68,20.8,13.6,0.0396,0.3927,29.24,5000.0
649.0,0.6,10000.0,-4.81,69.68,3600.0,166.29,166.29,166.29,166.29,166.29,646.01,646.01,646.01,646.01,646.01,67.0,95.67,20.8,13.6,0.0396,0.3927,29.24,5000.0
650.0,0.6,10000.0,-4.81,69.68,3600.0,166.28,166.28,166.28,166.28,166.28,646.01,646.01,646.01,646.01,646.01,67.0,95.67,20.8,13.6,0.0396,0.3927,29.24,5000.0
651.0,0.6,10000.0,-4.81,69.68,3600.0,166.27,166.27,166.27,166.27,166.27,646.0,646.0,646.0,646.0,646.0,67.0,95.67,20.8,13.6,0.0396,0.3927,29.24,5000.0
652.0,0.6,10000.0,-4.81,69.68,3600.0,166.26,166.26,166.26,166.26,166.26,646.0,646.0,646.0,646.0,646.0,67.0,95.66,20.8,13.6,0.0396,0.3927,29.24,5000.0
653.0,0.6,10000.0,-4.81,69.68,3600.0,166.25,166.25,166.25,166.25,166.25,646.0,646.0,646.0,646.0,646.0,67.0,95.66,20.8,13.6,0.0396,0.3927,29.24,5000.0
654.0,0.6,10000.0,-4.81,69.68,3600.0,166.24,166.24,166.24,166.24,166.24,646.0,646.0,646.0,646.0,646.0,67.0,95.66,20.8,13.6,0.0396,0.3927,29.24,5000.0
655.0,0.6,10000.0,-4.81,69.68,3600.0,166.23,166.23,166.23,166.23,166.23,646.0,646.0,646.0,646.0,646.0,67.0,95.65,20.8,13.6,0.0396,0.3927,29.24,5000.0
656.0,0.6,10000.0,-4.81,69.68,3600.0,166.22,166.22,166.22,166.22,166.22,646.0,646.0,646.0,646.0,646.0,67.0,95.65,20.8,13.6,0.0396,0.3927,29.24,5000.0
657.0,0.6,10000.0,-4.81,69.68,3600.0,166.21,166.21,166.21,166.21,166.21,646.0,646.0,646.0,646.0,646.0,67.0,95.65,20.8,13.6,0.0396,0.3927,29.24,5000.0
658.0,0.6,10000.0,-4.81,69.68,3600.0,166.2,166.2,166.2,166.2,166.2,646.0,646.0,646.0,646.0,646.0,67.0,95.65,20.8,13.6,0.0396,0.3927,29.24,5000.0
659.0,0.6,10000.0,-4.81,69.68,3600.0,166.19,166.19,166.19,166.19,166.19,646.0,646.0,646.0,646.0,646.0,67.0,95.64,20.8,13.6,0.0396,0.3927,29.24,5000.0
660.0,0.6,10000.0,-4.81,69.68,3600.0,166.19,166.19,166.19,166.19,166.19,646.0,646.0,646.0,646.0,646.0,67.0,95.64,20.8,13.6,0.0396,0.3927,29.24,5000.0
661.0,0.6,10000.0,-4.81,69.68,3600.0,166.18,166.18,166.18,166.18,166.18,646.0,646.0,646.0,646.0,646.0,67.0,95.64,20.8,13.6,0.0396,0.3927,29.24,5000.0
662.0,0.6,10000.0,-4.81,69.68,3600.0,166.17,166.17,166.17,166.17,166.17,646.0,646.0,646.0,646.0,646.0,67.0,95.64,20.8,13.6,0.0396,0.3927,29.24,5000.0
663.0,0.6,10000.0,-4.81,69.68,3600.0,166.17,166.17,166.17,166.17,166.17,646.0,646.0,646.0,646.0,646.0,67.0,95.64,20.8,13.6,0.0396,0.3927,29.24,5000.0
664.0,0.6,10000.0,-4.81,69.68,3600.0,166.16,166.16,166.16,166.16,166.16,646.0,646.0,646.0,646.0,646.0,67.0,95.63,20.8,13.6,0.0396,0.3927,29.24,5000.0
665.0,0.6,10000.0,-4.81,69.68,3600.0,166.15,166.15,166.15,166.15,166.15,646.0,646.0,646.0,646.0,646.0,67.0,95.63,20.8,13.6,0.0396,0.3927,29.24,5000.0
666.0,0.6,10000.0,-4.81,69.68,3600.0,166.15,166.15,166.15,166.15,166.15,646.0,646.0,646.0,646.0,646.0,67.0,95.63,20.8,13.6,0.0396,0.3927,29.24,5000.0
667.0,0.6,10000.0,-4.81,69.68,3600.0,166.14,166.14,166.14,166.14,166.14,646.0,646.0,646.0,646.0,646.0,67.0,95.63,20.8,13.6,0.0396,0.3927,29.24,5000.0
668.0,0.6,10000.0,-4.81,69.68,3600.0,166.14,166.14,166.14,166.14,166.14,646.0,646.0,646.0,646.0,646.0,67.0,95.63,20.8,13.6,0.0396,0.3927,29.24,5000.0
669.0,0.6,10000.0,-4.81,69.68,3600.0,166.13,166.13,166.13,166.13,166.13,646.0,646.0,646.0,646.0,646.0,67.0,95.63,20.8,13.6,0.0396,0.3927,29.24,5000.0
670.0,0.6,10000.0,-4.81,69.68,3600.0,166.12,166.12,166.12,166.12,166.12,646.0,646.0,646.0,646.0,646.0,67.0,95.63,20.8,13.6,0.0396,0.3927,29.24,5000.0
671.0,0.6,10000.0,-4.81,69.68,3600.0,166.12,166.12,166.12,166.12,166.12,646.0,646.0,646.0,646.0,646.0,67.0,95.62,20.8,13.6,0.0396,0.3927,29.24,5000.0
672.0,0.6,10000.0,-4.81,69.68,3600.0,166.12,166.12,166.12,166.12,166.12,646.0,646.0,646.0,646.0,646.0,67.0,95.62,20.8,13.6,0.0396,0.3927,29.24,5000.0
673.0,0.6,10000.0,-4.81,69.68,3600.0,166.11,166.11,166.11,166.11,166.11,646.0,646.0,646.0,646.0,646.0,67.0,95.62,20.8,13.6,0.0396,0.3927,29.24,5000.0
674.0,0.6,10000.0,-4.81,69.68,3600.0,166.11,166.11,166.11,166.11,166.11,646.0,646.0,646.0,646.0,646.0,67.0,95.62,20.8,13.6,0.0396,0.3927,29.24,5000.0
675.0,0.6,10000.0,-4.81,69.68,3600.0,166.1,166.1,166.1,166.1,166.1,646.0,646.0,646.0,646.0,646.0,67.0,95.62,20.8,13.6,0.0396,0.3927,29.24,5000.0
676.0,0.6,10000.0,-4.81,69.68,3600.0,166.1,166.1,166.1,166.1,166.1,646.0,646.0,646.0,646.0,646.0,67.0,95.62,20.8,13.6,0.0396,0.3927,29.24,5000.0
677.0,0.6,10000.0,-4.81,69.68,3600.0,166.09,166.09,166.09,166.09,166.09,646.0,646.0,646.0,646.0,646.0,67.0,95.62,20.8,13.6,0.0396,0.3927,29.24,5000.0
678.0,0.6,10000.0,-4.81,69.68,3600.0,166.09,166.09,166.09,166.09,166.09,646.0,646.0,646.0,646.0,646.0,67.0,95.62,20.8,13.6,0.0396,0.3927,29.24,5000.0
679.0,0.6,10000.0,-4.81,69.68,3600.0,166.09,166.09,166.09,166.09,166.09,646.0,646.0,646.0,646.0,646.0,67.0,95.62,20.8,13.6,0.0396,0.3927,29.24,5000.0
680.0,0.6,10000.0,-4.81,69.68,3600.0,166.08,166.08,166.08,166.08,166.08,646.0,646.0,646.0,646.0,646.0,67.0,95.62,20.8,13.6,0.0396,0.3927,29.24,5000.0
681.0,0.6,10000.0,-4.81,69.68,3600.0,166.08,166.08,166.08,166.08,166.08,646.0,646.0,646.0,646.0,646.0,67.0,95.61,20.8,13.6,0.0396,0.3927,29.24,5000.0
682.0,0.6,10000.0,-4.81,69.68,3600.0,166.08,166.08,166.08,166.08,166.08,646.0,646.0,646.0,646.0,646.0,67.0,95.61,20.8,13.6,0.0396,0.3927,29.24,5000.0
683.0,0.6,10000.0,-4.81,69.68,3600.0,166.07,166.07,166.07,166.07,166.07,646.0,646.0,646.0,646.0,646.0,67.0,95.61,20.8,13.6,0.0396,0.3927,29.24,5000.0
684.0,0.6,10000.0,-4.81,69.68,3600.0,166.07,166.07,166.07,166.07,166.07,646.0,646.0,646.0,646.0,646.0,67.0,95.61,20.8,13.6,0.0396,0.3927,29.24,5000.0
685.0,0.6,10000.0,-4.81,69.68,3600.0,166.07,166.07,166.07,166.07,166.07,646.0,646.0,646.0,646.0,646.0,67.0,95.61,20.8,13.6,0.0396,0.3927,29.24,5000.0
686.0,0.6,10000.0,-4.81,69.68,3600.0,166.07,166.07,166.07,166.07,166.07,646.0,646.0,646.0,646.0,646.0,67.0,95.61,20.8,13.6,0.0396,0.3927,29.24,5000.0
687.0,0.6,10000.0,-4.81,69.68,3600.0,166.06,166.06,166.06,166.06,166.06,646.0,646.0,646.0,646.0,646.0,67.0,95.61,20.8,13.6,0.0396,0.3927,29.24,5000.0
688.0,0.6,10000.0,-4.81,69.68,3600.0,166.06,166.06,166.06,166.06,166.06,646.0,646.0,646.0,646.0,646.0,67.0,95.61,20.8,13.6,0.0396,0.3927,29.24,5000.0
689.0,0.6,10000.0,-4.81,69.68,3600.0,166.06,166.06,166.06,166.06,166.06,646.0,646.0,646.0,646.0,646.0,67.0,95.61,20.8,13.6,0.0396,0.3927,29.24,5000.0
690.0,0.6,10000.0,-4.81,69.68,3600.0,166.06,166.06,166.06,166.06,166.06,646.0,646.0,646.0,646.0,646.0,67.0,95.61,20.8,13.6,0.0396,0.3927,29.24,5000.0
691.0,0.6,10000.0,-4.81,69.68,3600.0,166.05,166.05,166.05,166.05,166.05,646.0,646.0,646.0,646.0,646.0,67.0,95.61,20.8,13.6,0.0396,0.3927,29.24,5000.0
692.0,0.6,10000.0,-4.81,69.68,3600.0,166.05,166.05,166.05,166.05,166.05,646.0,646.0,646.0,646.0,646.0,67.0,95.61,20.8,13.6,0.0396,0.3927,29.24,5000.0
693.0,0.6,10000.0,-4.81,69.68,3600.0,166.05,166.05,166.05,166.05,166.05,646.0,646.0,646.0,646.0,646.0,67.0,95.61,20.8,13.6,0.0396,0.3927,29.24,5000.0
694.0,0.6,10000.0,-4.81,69.68,3600.0,166.05,166.05,166.05,166.05,166.05,646.0,646.0,646.0,646.0,646.0,67.0,95.61,20.8,13.6,0.0396,0.3927,29.24,5000.0
695.0,0.6,10000.0,-4.81,69.68,3600.0,166.05,166.05,166.05,166.05,166.05,646.0,646.0,646.0,646.0,646.0,67.0,95.61,20.8,13.6,0.0396,0.3927,29.24,5000.0
696.0,0.6,10000.0,-4.81,69.68,3600.0,166.04,166.04,166.04,166.04,166.04,646.0,646.0,646.0,646.0,646.0,67.0,95.61,20.8,13.6,0.0396,0.3927,29.24,5000.0
697.0,0.6,10000.0,-4.81,69.68,3600.0,166.04,166.04,166.04,166.04,166.04,646.0,646.0,646.0,646.0,646.0,67.0,95.61,20.8,13.6,0.0396,0.3927,29.24,5000.0
698.0,0.6,10000.0,-4.81,69.68,3600.0,166.04,166.04,166.04,166.04,166.04,646.0,646.0,646.0,646.0,646.0,67.0,95.61,20.8,13.6,0.0396,0.3927,29.24,5000.0
699.0,0.6,10000.0,-4.81,69.68,3600.0,166.04,166.04,166.04,166.04,166.04,646.0,646.0,646.0,646.0,646.0,67.0,95.61,20.8,13.6,0.0396,0.3927,29.24,5000.0
700.0,0.6,10000.0,-4.81,69.68,3600.0,166.04,166.04,166.04,166.04,166.04,646.0,646.0,646.0,646.0,646.0,67.0,95.61,20.8,13.6,0.0396,0.3927,29.24,5000.0
701.0,0.6,10000.0,-4.81,69.68,3600.0,166.04,166.04,166.04,166.04,166.04,646.0,646.0,646.0,646.0,646.0,67.0,95.61,20.8,13.6,0.0396,0.3927,29.24,5000.0
702.0,0.6,10000.0,-4.81,69.68,3600.0,166.03,166.03,166.03,166.03,166.03,646.0,646.0,646.0,646.0,646.0,67.0,95.61,20.8,13.6,0.0396,0.3927,29.24,5000.0
703.0,0.6,10000.0,-4.81,69.68,3600.0,166.03,166.03,166.03,166.03,166.03,646.0,646.0,646.0,646.0,646.0,67.0,95.6,20.8,13.6,0.0396,0.3927,29.24,5000.0
704.0,0.6,10000.0,-4.81,69.68,3600.0,166.03,166.03,166.03,166.03,166.03,646.0,646.0,646.0,646.0,646.0,67.0,95.6,20.8,13.6,0.0396,0.3927,29.24,5000.0
705.0,0.6,10000.0,-4.81,69.68,3600.0,166.03,166.03,166.03,166.03,166.03,646.0,646.0,646.0,646.0,646.0,67.0,95.6,20.8,13.6,0.0396,0.3927,29.24,5000.0
706.0,0.6,10000.0,-4.81,69.68,3600.0,166.03,166.03,166.03,166.03,166.03,646.0,646.0,646.0,646.0,646.0,67.0,95.6,20.8,13.6,0.0396,0.3927,29.24,5000.0
707.0,0.6,10000.0,-4.81,69.68,3600.0,166.03,166.03,166.03,166.03,166.03,646.0,646.0,646.0,646.0,646.0,67.0,95.6,20.8,13.6,0.0396,0.3927,29.24,5000.0
708.0,0.6,10000.0,-4.81,69.68,3600.0,166.03,166.03,166.03,166.03,166.03,646.0,646.0,646.0,646.0,646.0,67.0,95.6,20.8,13.6,0.0396,0.3927,29.24,5000.0
709.0,0.6,10000.0,-4.81,69.68,3600.0,166.03,166.03,166.03,166.03,166.03,646.0,646.0,646.0,646.0,646.0,67.0,95.6,20.8,13.6,0.0396,0.3927,29.24,5000.0
710.0,0.6,10000.0,-4.81,69.68,3600.0,166.03,166.03,166.03,166.03,166.03,646.0,646.0,646.0,646.0,646.0,67.0,95.6,20.8,13.6,0.0396,0.3927,29.24,5000.0
711.0,0.6,10000.0,-4.81,69.68,3600.0,166.02,166.02,166.02,166.02,166.02,646.0,646.0,646.0,646.0,646.0,67.0,95.6,20.8,13.6,0.0396,0.3927,29.24,5000.0
712.0,0.6,10000.0,-4.81,69.68,3600.0,166.02,166.02,166.02,166.02,166.02,646.0,646.0,646.0,646.0,646.0,67.0,95.6,20.8,13.6,0.0396,0.3927,29.24,5000.0
713.0,0.6,10000.0,-4.81,69.68,3600.0,166.02,166.02,166.02,166.02,166.02,646.0,646.0,646.0,646.0,646.0,67.0,95.6,20.8,13.6,0.0396,0.3927,29.24,5000.0
714.0,0.6,10000.0,-4.81,69.68,3600.0,166.02,166.02,166.02,166.02,166.02,646.0,646.0,646.0,646.0,646.0,67.0,95.6,20.8,13.6,0.0396,0.3927,29.24,5000.0
715.0,0.6,10000.0,-4.81,69.68,3600.0,166.02,166.02,166.02,166.02,166.02,646.0,646.0,646.0,646.0,646.0,67.0,95.6,20.8,13.6,0.0396,0.3927,29.24,5000.0
716.0,0.6,10000.0,-4.81,69.68,3600.0,166.02,166.02,166.02,166.02,166.02,646.0,646.0,646.0,646.0,646.0,67.0,95.6,20.8,13.6,0.0396,0.3927,29.24,5000.0
717.0,0.6,10000.0,-4.81,69.68,3600.0,166.02,166.02,166.02,166.02,166.02,646.0,646.0,646.0,646.0,646.0,67.0,95.6,20.8,13.6,0.0396,0.3927,29.24,5000.0
718.0,0.6,10000.0,-4.81,69.68,3600.0,166.02,166.02,166.02,166.02,166.02,646.0,646.0,646.0,646.0,646.0,67.0,95.6,20.8,13.6,0.0396,0.3927,29.24,5000.0
719.0,0.6,10000.0,-4.81,69.68,3600.0,166.02,166.02,166.02,166.02,166.02,646.0,646.0,646.0,646.0,646.0,67.0,95.6,20.8,13.6,0.0396,0.3927,29.24,5000.0
720.0,0.6,10000.0,-4.81,69.68,3600.0,166.02,166.02,166.02,166.02,166.02,646.0,646.0,646.0,646.0,646.0,67.0,95.6,20.8,13.6,0.0396,0.3927,29.24,5000.0
721.0,0.6,10000.0,-4.81,69.68,3600.0,166.02,166.02,166.02,166.02,166.02,646.0,646.0,646.0,646.0,646.0,67.0,95.6,20.8,13.6,0.0396,0.3927,29.24,5000.0
722.0,0.6,10000.0,-4.81,69.68,3600.0,166.02,166.02,166.02,166.02,166.02,646.0,646.0,646.0,646.0,646.0,67.0,95.6,20.8,13.6,0.0396,0.3927,29.24,5000.0
723.0,0.6,10000.0,-4.81,69.68,3600.0,166.01,166.01,166.01,166.01,166.01,646.0,646.0,646.0,646.0,646.0,67.0,95.6,20.8,13.6,0.0396,0.3927,29.24,5000.0
724.0,0.6,10000.0,-4.81,69.68,3600.0,166.01,166.01,166.01,166.01,166.01,646.0,646.0,646.0,646.0,646.0,67.0,95.6,20.8,13.6,0.0396,0.3927,29.24,5000.0
725.0,0.6,10000.0,-4.81,69.68,3600.0,166.01,166.01,166.01,166.01,166.01,646.0,646.0,646.0,646.0,646.0,67.0,95.6,20.8,13.6,0.0396,0.3927,29.24,5000.0
726.0,0.6,10000.0,-4.81,69.68,3600.0,166.01,166.01,166.01,166.01,166.01,646.0,646.0,646.0,646.0,646.0,67.0,95.6,20.8,13.6,0.0396,0.3927,29.24,5000.0
727.0,0.6,10000.0,-4.81,69.68,3600.0,166.01,166.01,166.01,166.01,166.01,646.0,646.0,646.0,646.0,646.0,67.0,95.6,20.8,13.6,0.0396,0.3927,29.24,5000.0
728.0,0.6,10000.0,-4.81,69.68,3600.0,166.01,166.01,166.01,166.01,166.01,646.0,646.0,646.0,646.0,646.0,67.0,95.6,20.8,13.6,0.0396,0.3927,29.24,5000.0
729.0,0.6,10000.0,-4.81,69.68,3600.0,166.01,166.01,166.01,166.01,166.01,646.0,646.0,646.0,646.0,646.0,67.0,95.6,20.8,13.6,0.0396,0.3927,29.24,5000.0
730.0,0.6,10000.0,-4.81,69.68,3600.0,166.01,166.01,166.01,166.01,166.01,646.0,646.0,646.0,646.0,646.0,67.0,95.6,20.8,13.6,0.0396,0.3927,29.24,5000.0
731.0,0.6,10000.0,-4.81,69.68,3600.0,166.01,166.01,166.01,166.01,166.01,646.0,646.0,646.0,646.0,646.0,67.0,95.6,20.8,13.6,0.0396,0.3927,29.24,5000.0
732.0,0.6,10000.0,-4.81,69.68,3600.0,166.01,166.01,166.01,166.01,166.01,646.0,646.0,646.0,646.0,646.0,67.0,95.6,20.8,13.6,0.0396,0.3927,29.24,5000.0
733.0,0.6,10000.0,-4.81,69.68,3600.0,166.01,166.01,166.01,166.01,166.01,646.0,646.0,646.0,646.0,646.0,67.0,95.6,20.8,13.6,0.0396,0.3927,29.24,5000.0
734.0,0.6,10000.0,-4.81,69.68,3600.0,166.01,166.01,166.01,166.01,166.01,646.0,646.0,646.0,646.0,646.0,67.0,95.6,20.8,13.6,0.0396,0.3927,29.24,5000.0
735.0,0.6,10000.0,-4.81,69.68,3600.0,166.01,166.01,166.01,166.01,166.01,646.0,646.0,646.0,646.0,646.0,67.0,95.6,20.8,13.6,0.0396,0.3927,29.24,5000.0
736.0,0.6,10000.0,-4.81,69.68,3600.0,166.01,166.01,166.01,166.01,166.01,646.0,646.0,646.0,646.0,646.0,67.0,95.6,20.8,13.6,0.0396,0.3927,29.24,5000.0
737.0,0.6,10000.0,-4.81,69.68,3600.0,166.01,166.01,166.01,166.01,166.01,646.0,646.0,646.0,646.0,646.0,67.0,95.6,20.8,13.6,0.0396,0.3927,29.24,5000.0
738.0,0.6,10000.0,-4.81,69.68,3600.0,166.01,166.01,166.01,166.01,166.01,646.0,646.0,646.0,646.0,646.0,67.0,95.6,20.8,13.6,0.0396,0.3927,29.24,5000.0
739.0,0.6,10000.0,-4.81,69.68,3600.0,166.01,166.01,166.01,166.01,166.01,646.0,646.0,646.0,646.0,646.0,67.0,95.6,20.8,13.6,0.0396,0.3927,29.24,5000.0
740.0,0.6,10000.0,-4.81,69.68,3600.0,166.01,166.01,166.01,166.01,166.01,646.0,646.0,646.0,646.0,646.0,67.0,95.6,20.8,13.6,0.0396,0.3927,29.24,5000.0
741.0,0.6,10000.0,-4.81,69.68,3600.0,166.01,166.01,166.01,166.01,166.01,646.0,646.0,646.0,646.0,646.0,67.0,95.6,20.8,13.6,0.0396,0.3927,29.24,5000.0
742.0,0.6,10000.0,-4.81,69.68,3600.0,166.01,166.01,166.01,166.01,166.01,646.0,646.0,646.0,646.0,646.0,67.0,95.6,20.8,13.6,0.0396,0.3927,29.24,5000.0
743.0,0.6,10000.0,-4.81,69.68,3600.0,166.01,166.01,166.01,166.01,166.01,646.0,646.0,646.0,646.0,646.0,67.0,95.6,20.8,13.6,0.0396,0.3927,29.24,5000.0
744.0,0.6,10000.0,-4.81,69.68,3600.0,166.01,166.01,166.01,166.01,166.01,646.0,646.0,646.0,646.0,646.0,67.0,95.6,20.8,13.6,0.0396,0.3927,29.24,5000.0
745.0,0.6,10000.0,-4.81,69.68,3600.0,166.01,166.01,166.01,166.01,166.01,646.0,646.0,646.0,646.0,646.0,67.0,95.6,20.8,13.6,0.0396,0.3927,29.24,5000.0
746.0,0.6,10000.0,-4.81,69.68,3600.0,166.01,166.01,166.01,166.01,166.01,646.0,646.0,646.0,646.0,646.0,67.0,95.6,20.8,13.6,0.0396,0.3927,29.24,5000.0
747.0,0.6,10000.0,-4.81,69.68,3600.0,166.01,166.01,166.01,166.01,166.01,646.0,646.0,646.0,646.0,646.0,67.0,95.6,20.8,13.6,0.0396,0.3927,29.24,5000.0
748.0,0.6,10000.0,-4.81,69.68,3600.0,166.01,166.01,166.01,166.01,166.01,646.0,646.0,646.0,646.0,646.0,67.0,95.6,20.8,13.6,0.0396,0.3927,29.24,5000.0
749.0,0.6,10000.0,-4.81,69.68,3600.0,166.01,166.01,166.01,166.01,166.01,646.0,646.0,646.0,646.0,646.0,67.0,95.6,20.8,13.6,0.0396,0.3927,29.24,5000.0
750.0,0.6,10000.0,-4.81,69.68,3600.0,166.01,166.01,166.01,166.01,166.01,646.0,646.0,646.0,646.0,646.0,67.0,95.6,20.8,13.6,0.0396,0.3927,29.24,5000.0
751.0,0.6,10000.0,-4.81,69.68,3600.0,166.0,166.0,166.0,166.0,166.0,646.0,646.0,646.0,646.0,646.0,67.0,95.6,20.8,13.6,0.0396,0.3927,29.24,5000.0
752.0,0.6,10000.0,-4.81,69.68,3600.0,166.0,166.0,166.0,166.0,166.0,646.0,646.0,646.0,646.0,646.0,67.0,95.6,20.8,13.6,0.0396,0.3927,29.24,5000.0
753.0,0.6,10000.0,-4.81,69.68,3600.0,166.0,166.0,166.0,166.0,166.0,646.0,646.0,646.0,646.0,646.0,67.0,95.6,20.8,13.6,0.0396,0.3927,29.24,5000.0
754.0,0.6,10000.0,-4.81,69.68,3600.0,166.0,166.0,166.0,166.0,166.0,646.0,646.0,646.0,646.0,646.0,67.0,95.6,20.8,13.6,0.0396,0.3927,29.24,5000.0
755.0,0.6,10000.0,-4.81,69.68,3600.0,166.0,166.0,166.0,166.0,166.0,646.0,646.0,646.0,646.0,646.0,67.0,95.6,20.8,13.6,0.0396,0.3927,29.24,5000.0
756.0,0.6,10000.0,-4.81,69.68,3600.0,166.0,166.0,166.0,166.0,166.0,646.0,646.0,646.0,646.0,646.0,67.0,95.6,20.8,13.6,0.0396,0.3927,29.24,5000.0
757.0,0.6,10000.0,-4.81,69.68,3600.0,166.0,166.0,166.0,166.0,166.0,646.0,646.0,646.0,646.0,646.0,67.0,95.6,20.8,13.6,0.0396,0.3927,29.24,5000.0
758.0,0.6,10000.0,-4.81,69.68,3600.0,166.0,166.0,166.0,166.0,166.0,646.0,646.0,646.0,646.0,646.0,67.0,95.6,20.8,13.6,0.0396,0.3927,29.24,5000.0
759.0,0.6,10000.0,-4.81,69.68,3600.0,166.0,166.0,166.0,166.0,166.0,646.0,646.0,646.0,646.0,646.0,67.0,95.6,20.8,13.6,0.0396,0.3927,29.24,5000.0
760.0,0.6,10000.0,-4.81,69.68,3600.0,166.0,166.0,166.0,166.0,166.0,646.0,646.0,646.0,646.0,646.0,67.0,95.6,20.8,13.6,0.0396,0.3927,29.24,5000.0
761.0,0.6,10000.0,-4.81,69.68,3600.0,166.0,166.0,166.0,166.0,166.0,646.0,646.0,646.0,646.0,646.0,67.0,95.6,20.8,13.6,0.0396,0.3927,29.24,5000.0
762.0,0.6,10000.0,-4.81,69.68,3600.0,166.0,166.0,166.0,166.0,166.0,646.0,646.0,646.0,646.0,646.0,67.0,95.6,20.8,13.6,0.0396,0.3927,29.24,5000.0
763.0,0.6,10000.0,-4.81,69.68,3600.0,166.0,166.0,166.0,166.0,166.0,646.0,646.0,646.0,646.0,646.0,67.0,95.6,20.8,13.6,0.0396,0.3927,29.24,5000.0
764.0,0.6,10000.0,-4.81,69.68,3600.0,166.0,166.0,166.0,166.0,166.0,646.0,646.0,646.0,646.0,646.0,67.0,95.6,20.8,13.6,0.0396,0.3927,29.24,5000.0
765.0,0.6,10000.0,-4.81,69.68,3600.0,166.0,166.0,166.0,166.0,166.0,646.0,646.0,646.0,646.0,646.0,67.0,95.6,20.8,13.6,0.0396,0.3927,29.24,5000.0
766.0,0.6,10000.0,-4.81,69.68,3600.0,166.0,166.0,166.0,166.0,166.0,646.0,646.0,646.0,646.0,646.0,67.0,95.6,20.8,13.6,0.0396,0.3927,29.24,5000.0
767.0,0.6,10000.0,-4.81,69.68,3600.0,166.0,166.0,166.0,166.0,166.0,646.0,646.0,646.0,646.0,646.0,67.0,95.6,20.8,13.6,0.0396,0.3927,29.24,5000.0
768.0,0.6,10000.0,-4.81,69.68,3600.0,166.0,166.0,166.0,166.0,166.0,646.0,646.0,646.0,646.0,646.0,67.0,95.6,20.8,13.6,0.0396,0.3927,29.24,5000.0
769.0,0.6,10000.0,-4.81,69.68,3600.0,166.0,166.0,166.0,166.0,166.0,646.0,646.0,646.0,646.0,646.0,67.0,95.6,20.8,13.6,0.0396,0.3927,29.24,5000.0
770.0,0.6,10000.0,-4.81,69.68,3600.0,166.0,166.0,166.0,166.0,166.0,646.0,646.0,646.0,646.0,646.0,67.0,95.6,20.8,13.6,0.0396,0.3927,29.24,5000.0
771.0,0.6,10000.0,-4.81,69.68,3600.0,166.0,166.0,166.0,166.0,166.0,646.0,646.0,646.0,646.0,646.0,67.0,95.6,20.8,13.6,0.0396,0.3927,29.24,5000.0
772.0,0.6,10000.0,-4.81,69.68,3600.0,166.0,166.0,166.0,166.0,166.0,646.0,646.0,646.0,646.0,646.0,67.0,95.6,20.8,13.6,0.0396,0.3927,29.24,5000.0
773.0,0.6,10000.0,-4.81,69.68,3600.0,166.0,166.0,166.0,166.0,166.0,646.0,646.0,646.0,646.0,646.0,67.0,95.6,20.8,13.6,0.0396,0.3927,29.24,5000.0
774.0,0.6,10000.0,-4.81,69.68,3600.0,166.0,166.0,166.0,166.0,166.0,646.0,646.0,646.0,646.0,646.0,67.0,95.6,20.8,13.6,0.0396,0.3927,29.24,5000.0
775.0,0.6,10000.0,-4.81,69.68,3600.0,166.0,166.0,166.0,166.0,166.0,646.0,646.0,646.0,646.0,646.0,67.0,95.6,20.8,13.6,0.0396,0.3927,29.24,5000.0
776.0,0.6,10000.0,-4.81,69.68,3600.0,166.0,166.0,166.0,166.0,166.0,646.0,646.0,646.0,646.0,646.0,67.0,95.6,20.8,13.6,0.0396,0.3927,29.24,5000.0
777.0,0.6,10000.0,-4.81,69.68,3600.0,166.0,166.0,166.0,166.0,166.0,646.0,646.0,646.0,646.0,646.0,67.0,95.6,20.8,13.6,0.0396,0.3927,29.24,5000.0
778.0,0.6,10000.0,-4.81,69.68,3600.0,166.0,166.0,166.0,166.0,166.0,646.0,646.0,646.0,646.0,646.0,67.0,95.6,20.8,13.6,0.0396,0.3927,29.24,5000.0
779.0,0.6,10000.0,-4.81,69.68,3600.0,166.0,166.0,166.0,166.0,166.0,646.0,646.0,646.0,646.0,646.0,67.0,95.6,20.8,13.6,0.0396,0.3927,29.24,5000.0
780.0,0.6,10000.0,-4.81,69.68,3600.0,166.0,166.0,166.0,166.0,166.0,646.0,646.0,646.0,646.0,646.0,67.0,95.6,20.8,13.6,0.0396,0.3927,29.24,5000.0
781.0,0.6,10000.0,-4.81,69.68,3600.0,166.0,166.0,166.0,166.0,166.0,646.0,646.0,646.0,646.0,646.0,67.0,95.6,20.8,13.6,0.0396,0.3927,29.24,5000.0
782.0,0.6,10000.0,-4.81,69.68,3600.0,166.0,166.0,166.0,166.0,166.0,646.0,646.0,646.0,646.0,646.0,67.0,95.6,20.8,13.6,0.0396,0.3927,29.24,5000.0
783.0,0.6,10000.0,-4.81,69.68,3600.0,166.0,166.0,166.0,166.0,166.0,646.0,646.0,646.0,646.0,646.0,67.0,95.6,20.8,13.6,0.0396,0.3927,29.24,5000.0
784.0,0.6,10000.0,-4.81,69.68,3600.0,166.0,166.0,166.0,166.0,166.0,646.0,646.0,646.0,646.0,646.0,67.0,95.6,20.8,13.6,0.0396,0.3927,29.24,5000.0
785.0,0.6,10000.0,-4.81,69.68,3600.0,166.0,166.0,166.0,166.0,166.0,646.0,646.0,646.0,646.0,646.0,67.0,95.6,20.8,13.6,0.0396,0.3927,29.24,5000.0
786.0,0.6,10000.0,-4.81,69.68,3600.0,166.0,166.0,166.0,166.0,166.0,646.0,646.0,646.0,646.0,646.0,67.0,95.6,20.8,13.6,0.0396,0.3927,29.24,5000.0
787.0,0.6,10000.0,-4.81,69.68,3600.0,166.0,166.0,166.0,166.0,166.0,646.0,646.0,646.0,646.0,646.0,67.0,95.6,20.8,13.6,0.0396,0.3927,29.24,5000.0
788.0,0.6,10000.0,-4.81,69.68,3600.0,166.0,166.0,166.0,166.0,166.0,646.0,646.0,646.0,646.0,646.0,67.0,95.6,20.8,13.6,0.0396,0.3927,29.24,5000.0
789.0,0.6,10000.0,-4.81,69.68,3600.0,166.0,166.0,166.0,166.0,166.0,646.0,646.0,646.0,646.0,646.0,67.0,95.6,20.8,13.6,0.0396,0.3927,29.24,5000.0
790.0,0.6,10000.0,-4.81,69.68,3600.0,166.0,166.0,166.0,166.0,166.0,646.0,646.0,646.0,646.0,646.0,67.0,95.6,20.8,13.6,0.0396,0.3927,29.24,5000.0
791.0,0.6,10000.0,-4.81,69.68,3600.0,166.0,166.0,166.0,166.0,166.0,646.0,646.0,646.0,646.0,646.0,67.0,95.6,20.8,13.6,0.0396,0.3927,29.24,5000.0
792.0,0.6,10000.0,-4.81,69.68,3600.0,166.0,166.0,166.0,166.0,166.0,646.0,646.0,646.0,646.0,646.0,67.0,95.6,20.8,13.6,0.0396,0.3927,29.24,5000.0
793.0,0.6,10000.0,-4.81,69.68,3600.0,166.0,166.0,166.0,166.0,166.0,646.0,646.0,646.0,646.0,646.0,67.0,95.6,20.8,13.6,0.0396,0.3927,29.24,5000.0
794.0,0.6,10000.0,-4.81,69.68,3600.0,166.0,166.0,166.0,166.0,166.0,646.0,646.0,646.0,646.0,646.0,67.0,95.6,20.8,13.6,0.0396,0.3927,29.24,5000.0
795.0,0.6,10000.0,-4.81,69.68,3600.0,166.0,166.0,166.0,166.0,166.0,646.0,646.0,646.0,646.0,646.0,67.0,95.6,20.8,13.6,0.0396,0.3927,29.24,5000.0
796.0,0.6,10000.0,-4.81,69.68,3600.0,166.0,166.0,166.0,166.0,166.0,646.0,646.0,646.0,646.0,646.0,67.0,95.6,20.8,13.6,0.0396,0.3927,29.24,5000.0
797.0,0.6,10000.0,-4.81,69.68,3600.0,166.0,166.0,166.0,166.0,166.0,646.0,646.0,646.0,646.0,646.0,67.0,95.6,20.8,13.6,0.0396,0.3927,29.24,5000.0
798.0,0.6,10000.0,-4.81,69.68,3600.0,166.0,166.0,166.0,166.0,166.0,646.0,646.0,646.0,646.0,646.0,67.0,95.6,20.8,13.6,0.0396,0.3927,29.24,5000.0
799.0,0.6,10000.0,-4.81,69.68,3600.0,166.0,166.0,166.0,166.0,166.0,646.0,646.0,646.0,646.0,646.0,67.0,95.6,20.8,13.6,0.0396,0.3927,29.24,5000.0
800.0,0.6,10000.0,-4.81,69.68,3600.0,166.0,166.0,166.0,166.0,166.0,646.0,646.0,646.0,646.0,646.0,67.0,95.6,20.8,13.6,0.0396,0.3927,29.24,5000.0
801.0,0.6,10000.0,-4.81,69.68,3600.0,166.0,166.0,166.0,166.0,166.0,646.0,646.0,646.0,646.0,646.0,67.0,95.6,20.8,13.6,0.0396,0.3927,29.24,5000.0
802.0,0.6,10000.0,-4.81,69.68,3600.0,166.0,166.0,166.0,166.0,166.0,646.0,646.0,646.0,646.0,646.0,67.0,95.6,20.8,13.6,0.0396,0.3927,29.24,5000.0
803.0,0.6,10000.0,-4.81,69.68,3600.0,166.0,166.0,166.0,166.0,166.0,646.0,646.0,646.0,646.0,646.0,67.0,95.6,20.8,13.6,0.0396,0.3927,29.24,5000.0
804.0,0.6,10000.0,-4.81,69.68,3600.0,166.0,166.0,166.0,166.0,166.0,646.0,646.0,646.0,646.0,646.0,67.0,95.6,20.8,13.6,0.0396,0.3927,29.24,5000.0
805.0,0.6,10000.0,-4.81,69.68,3600.0,166.0,166.0,166.0,166.0,166.0,646.0,646.0,646.0,646.0,646.0,67.0,95.6,20.8,13.6,0.0396,0.3927,29.24,5000.0
806.0,0.6,10000.0,-4.81,69.68,3600.0,166.0,166.0,166.0,166.0,166.0,646.0,646.0,646.0,646.0,646.0,67.0,95.6,20.8,13.6,0.0396,0.3927,29.24,5000.0
807.0,0.6,10000.0,-4.81,69.68,3600.0,166.0,166.0,166.0,166.0,166.0,646.0,646.0,646.0,646.0,646.0,67.0,95.6,20.8,13.6,0.0396,0.3927,29.24,5000.0
808.0,0.6,10000.0,-4.81,69.68,3600.0,166.0,166.0,166.0,166.0,166.0,646.0,646.0,646.0,646.0,646.0,67.0,95.6,20.8,13.6,0.0396,0.3927,29.24,5000.0
809.0,0.6,10000.0,-4.81,69.68,3600.0,166.0,166.0,166.0,166.0,166.0,646.0,646.0,646.0,646.0,646.0,67.0,95.6,20.8,13.6,0.0396,0.3927,29.24,5000.0
810.0,0.6,10000.0,-4.81,69.68,3600.0,166.0,166.0,166.0,166.0,166.0,646.0,646.0,646.0,646.0,646.0,67.0,95.6,20.8,13.6,0.0396,0.3927,29.24,5000.0
811.0,0.6,10000.0,-4.81,69.68,3600.0,166.0,166.0,166.0,166.0,166.0,646.0,646.0,646.0,646.0,646.0,67.0,95.6,20.8,13.6,0.0396,0.3927,29.24,5000.0
812.0,0.6,10000.0,-4.81,69.68,3600.0,166.0,166.0,166.0,166.0,166.0,646.0,646.0,646.0,646.0,646.0,67.0,95.6,20.8,13.6,0.0396,0.3927,29.24,5000.0
813.0,0.6,10000.0,-4.81,69.68,3600.0,166.0,166.0,166.0,166.0,166.0,646.0,646.0,646.0,646.0,646.0,67.0,95.6,20.8,13.6,0.0396,0.3927,29.24,5000.0
814.0,0.6,10000.0,-4.81,69.68,3600.0,166.0,166.0,166.0,166.0,166.0,646.0,646.0,646.0,646.0,646.0,67.0,95.6,20.8,13.6,0.0396,0.3927,29.24,5000.0
815.0,0.6,10000.0,-4.81,69.68,3600.0,166.0,166.0,166.0,166.0,166.0,646.0,646.0,646.0,646.0,646.0,67.0,95.6,20.8,13.6,0.0396,0.3927,29.24,5000.0
816.0,0.6,10000.0,-4.81,69.68,3600.0,166.0,166.0,166.0,166.0,166.0,646.0,646.0,646.0,646.0,646.0,67.0,95.6,20.8,13.6,0.0396,0.3927,29.24,5000.0
817.0,0.6,10000.0,-4.81,69.68,3600.0,166.0,166.0,166.0,166.0,166.0,646.0,646.0,646.0,646.0,646.0,67.0,95.6,20.8,13.6,0.0396,0.3927,29.24,5000.0
818.0,0.6,10000.0,-4.81,69.68,3600.0,166.0,166.0,166.0,166.0,166.0,646.0,646.0,646.0,646.0,646.0,67.0,95.6,20.8,13.6,0.0396,0.3927,29.24,5000.0
819.0,0.6,10000.0,-4.81,69.68,3600.0,166.0,166.0,166.0,166.0,166.0,646.0,646.0,646.0,646.0,646.0,67.0,95.6,20.8,13.6,0.0396,0.3927,29.24,5000.0
820.0,0.6,10000.0,-4.81,69.68,3600.0,166.0,166.0,166.0,166.0,166.0,646.0,646.0,646.0,646.0,646.0,67.0,95.6,20.8,13.6,0.0396,0.3927,29.24,5000.0
821.0,0.6,10000.0,-4.81,69.68,3600.0,166.0,166.0,166.0,166.0,166.0,646.0,646.0,646.0,646.0,646.0,67.0,95.6,20.8,13.6,0.0396,0.3927,29.24,5000.0
822.0,0.6,10000.0,-4.81,69.68,3600.0,166.0,166.0,166.0,166.0,166.0,646.0,646.0,646.0,646.0,646.0,67.0,95.6,20.8,13.6,0.0396,0.3927,29.24,5000.0
823.0,0.6,10000.0,-4.81,69.68,3600.0,166.0,166.0,166.0,166.0,166.0,646.0,646.0,646.0,646.0,646.0,67.0,95.6,20.8,13.6,0.0396,0.3927,29.24,5000.0
824.0,0.6,10000.0,-4.81,69.68,3600.0,166.0,166.0,166.0,166.0,166.0,646.0,646.0,646.0,646.0,646.0,67.0,95.6,20.8,13.6,0.0396,0.3927,29.24,5000.0
825.0,0.6,10000.0,-4.81,69.68,3600.0,166.0,166.0,166.0,166.0,166.0,646.0,646.0,646.0,646.0,646.0,67.0,95.6,20.8,13.6,0.0396,0.3927,29.24,5000.0
826.0,0.6,10000.0,-4.81,69.68,3600.0,166.0,166.0,166.0,166.0,166.0,646.0,646.0,646.0,646.0,646.0,67.0,95.6,20.8,13.6,0.0396,0.3927,29.24,5000.0
827.0,0.6,10000.0,-4.81,69.68,3600.0,166.0,166.0,166.0,166.0,166.0,646.0,646.0,646.0,646.0,646.0,67.0,95.6,20.8,13.6,0.0396,0.3927,29.24,5000.0
828.0,0.6,10000.0,-4.81,69.68,3600.0,166.0,166.0,166.0,166.0,166.0,646.0,646.0,646.0,646.0,646.0,67.0,95.6,20.8,13.6,0.0396,0.3927,29.24,5000.0
829.0,0.6,10000.0,-4.81,69.68,3600.0,166.0,166.0,166.0,166.0,166.0,646.0,646.0,646.0,646.0,646.0,67.0,95.6,20.8,13.6,0.0396,0.3927,29.24,5000.0
830.0,0.6,10000.0,-4.81,69.68,3600.0,166.0,166.0,166.0,166.0,166.0,646.0,646.0,646.0,646.0,646.0,67.0,95.6,20.8,13.6,0.0396,0.3927,29.24,5000.0
831.0,0.6,10000.0,-4.81,69.68,3600.0,166.0,166.0,166.0,166.0,166.0,646.0,646.0,646.0,646.0,646.0,67.0,95.6,20.8,13.6,0.0396,0.3927,29.24,5000.0
832.0,0.6,10000.0,-4.81,69.68,3600.0,166.0,166.0,166.0,166.0,166.0,646.0,646.0,646.0,646.0,646.0,67.0,95.6,20.8,13.6,0.0396,0.3927,29.24,5000.0
833.0,0.6,10000.0,-4.81,69.68,3600.0,166.0,166.0,166.0,166.0,166.0,646.0,646.0,646.0,646.0,646.0,67.0,95.6,20.8,13.6,0.0396,0.3927,29.24,5000.0
834.0,0.6,10000.0,-4.81,69.68,3600.0,166.0,166.0,166.0,166.0,166.0,646.0,646.0,646.0,646.0,646.0,67.0,95.6,20.8,13.6,0.0396,0.3927,29.24,5000.0
835.0,0.6,10000.0,-4.81,69.68,3600.0,166.0,166.0,166.0,166.0,166.0,646.0,646.0,646.0,646.0,646.0,67.0,95.6,20.8,13.6,0.0396,0.3927,29.24,5000.0
836.0,0.6,10000.0,-4.81,69.68,3600.0,166.0,166.0,166.0,166.0,166.0,646.0,646.0,646.0,646.0,646.0,67.0,95.6,20.8,13.6,0.0396,0.3927,29.24,5000.0
837.0,0.6,10000.0,-4.81,69.68,3600.0,166.0,166.0,166.0,166.0,166.0,646.0,646.0,646.0,646.0,646.0,67.0,95.6,20.8,13.6,0.0396,0.3927,29.24,5000.0
838.0,0.6,10000.0,-4.81,69.68,3600.0,166.0,166.0,166.0,166.0,166.0,646.0,646.0,646.0,646.0,646.0,67.0,95.6,20.8,13.6,0.0396,0.3927,29.24,5000.0
839.0,0.6,10000.0,-4.81,69.68,3600.0,166.0,166.0,166.0,166.0,166.0,646.0,646.0,646.0,646.0,646.0,67.0,95.6,20.8,13.6,0.0396,0.3927,29.24,5000.0
840.0,0.6,10000.0,-4.81,69.68,3600.0,166.0,166.0,166.0,166.0,166.0,646.0,646.0,646.0,646.0,646.0,67.0,95.6,20.8,13.6,0.0396,0.3927,29.24,5000.0
841.0,0.6,10000.0,-4.81,69.68,3600.0,166.0,166.0,166.0,166.0,166.0,646.0,646.0,646.0,646.0,646.0,67.0,95.6,20.8,13.6,0.0396,0.3927,29.24,5000.0
842.0,0.6,10000.0,-4.81,69.68,3600.0,166.0,166.0,166.0,166.0,166.0,646.0,646.0,646.0,646.0,646.0,67.0,95.6,20.8,13.6,0.0396,0.3927,29.24,5000.0
843.0,0.6,10000.0,-4.81,69.68,3600.0,166.0,166.0,166.0,166.0,166.0,646.0,646.0,646.0,646.0,646.0,67.0,95.6,20.8,13.6,0.0396,0.3927,29.24,5000.0
844.0,0.6,10000.0,-4.81,69.68,3600.0,166.0,166.0,166.0,166.0,166.0,646.0,646.0,646.0,646.0,646.0,67.0,95.6,20.8,13.6,0.0396,0.3927,29.24,5000.0
845.0,0.6,10000.0,-4.81,69.68,3600.0,166.0,166.0,166.0,166.0,166.0,646.0,646.0,646.0,646.0,646.0,67.0,95.6,20.8,13.6,0.0396,0.3927,29.24,5000.0
846.0,0.6,10000.0,-4.81,69.68,3600.0,166.0,166.0,166.0,166.0,166.0,646.0,646.0,646.0,646.0,646.0,67.0,95.6,20.8,13.6,0.0396,0.3927,29.24,5000.0
847.0,0.6,10000.0,-4.81,69.68,3600.0,166.0,166.0,166.0,166.0,166.0,646.0,646.0,646.0,646.0,646.0,67.0,95.6,20.8,13.6,0.0396,0.3927,29.24,5000.0
848.0,0.6,10000.0,-4.81,69.68,3600.0,166.0,166.0,166.0,166.0,166.0,646.0,646.0,646.0,646.0,646.0,67.0,95.6,20.8,13.6,0.0396,0.3927,29.24,5000.0
849.0,0.6,10000.0,-4.81,69.68,3600.0,166.0,166.0,166.0,166.0,166.0,646.0,646.0,646.0,646.0,646.0,67.0,95.6,20.8,13.6,0.0396,0.3927,29.24,5000.0
850.0,0.6,10000.0,-4.81,69.68,3600.0,166.0,166.0,166.0,166.0,166.0,646.0,646.0,646.0,646.0,646.0,67.0,95.6,20.8,13.6,0.0396,0.3927,29.24,5000.0
851.0,0.6,10000.0,-4.81,69.68,3600.0,166.0,166.0,166.0,166.0,166.0,646.0,646.0,646.0,646.0,646.0,67.0,95.6,20.8,13.6,0.0396,0.3927,29.24,5000.0
852.0,0.6,10000.0,-4.81,69.68,3600.0,166.0,166.0,166.0,166.0,166.0,646.0,646.0,646.0,646.0,646.0,67.0,95.6,20.8,13.6,0.0396,0.3927,29.24,5000.0
853.0,0.6,10000.0,-4.81,69.68,3600.0,166.0,166.0,166.0,166.0,166.0,646.0,646.0,646.0,646.0,646.0,67.0,95.6,20.8,13.6,0.0396,0.3927,29.24,5000.0
854.0,0.6,10000.0,-4.81,69.68,3600.0,166.0,166.0,166.0,166.0,166.0,646.0,646.0,646.0,646.0,646.0,67.0,95.6,20.8,13.6,0.0396,0.3927,29.24,5000.0
855.0,0.6,10000.0,-4.81,69.68,3600.0,166.0,166.0,166.0,166.0,166.0,646.0,646.0,646.0,646.0,646.0,67.0,95.6,20.8,13.6,0.0396,0.3927,29.24,5000.0
856.0,0.6,10000.0,-4.81,69.68,3600.0,166.0,166.0,166.0,166.0,166.0,646.0,646.0,646.0,646.0,646.0,67.0,95.6,20.8,13.6,0.0396,0.3927,29.24,5000.0
857.0,0.6,10000.0,-4.81,69.68,3600.0,166.0,166.0,166.0,166.0,166.0,646.0,646.0,646.0,646.0,646.0,67.0,95.6,20.8,13.6,0.0396,0.3927,29.24,5000.0
858.0,0.6,10000.0,-4.81,69.68,3600.0,166.0,166.0,166.0,166.0,166.0,646.0,646.0,646.0,646.0,646.0,67.0,95.6,20.8,13.6,0.0396,0.3927,29.24,5000.0
859.0,0.6,10000.0,-4.81,69.68,3600.0,166.0,166.0,166.0,166.0,166.0,646.0,646.0,646.0,646.0,646.0,67.0,95.6,20.8,13.6,0.0396,0.3927,29.24,5000.0
860.0,0.6,10000.0,-4.81,69.68,3600.0,166.96,166.96,166.96,166.96,166.96,646.0,646.0,646.0,646.0,646.0,67.0,96.8,20.8,13.6,0.0396,0.3927,29.24,1200.0
861.0,0.6,10000.0,-4.81,69.68,3600.0,167.89,167.89,167.89,167.89,167.89,646.0,646.0,646.0,646.0,646.0,67.0,97.94,20.8,13.6,0.0396,0.3927,29.24,1200.0
862.0,0.6,10000.0,-4.81,69.68,3600.0,168.79,168.79,168.79,168.79,168.79,646.0,646.0,646.0,646.0,646.0,67.0,99.05,20.8,13.6,0.0396,0.3927,29.24,1200.0
863.0,0.6,10000.0,-4.81,69.68,3600.0,169.66,169.66,169.66,169.66,169.66,646.0,646.0,646.0,646.0,646.0,67.0,100.11,20.8,13.6,0.0396,0.3927,29.24,1200.0
864.0,0.6,10000.0,-4.81,69.68,3600.0,170.51,170.51,170.51,170.51,170.51,646.0,646.0,646.0,646.0,646.0,67.0,101.13,20.8,13.6,0.0396,0.3927,29.24,1200.0
865.0,0.6,10000.0,-4.81,69.68,3600.0,171.33,171.33,171.33,171.33,171.33,646.0,646.0,646.0,646.0,646.0,67.0,102.11,20.8,13.6,0.0396,0.3927,29.24,1200.0
866.0,0.6,10000.0,-4.81,69.68,3600.0,172.12,172.12,172.12,172.12,172.12,646.0,646.0,646.0,646.0,646.0,67.0,103.05,20.8,13.6,0.0396,0.3927,29.24,1200.0
867.0,0.6,10000.0,-4.81,69.68,3600.0,172.89,172.89,172.89,172.89,172.89,646.0,646.0,646.0,646.0,646.0,67.0,103.95,20.8,13.6,0.0396,0.3927,29.24,1200.0
868.0,0.6,10000.0,-4.81,69.68,3600.0,173.63,173.63,173.63,173.63,173.63,646.0,646.0,646.0,646.0,646.0,67.0,104.82,20.8,13.6,0.0396,0.3927,29.24,1200.0
869.0,0.6,10000.0,-4.81,69.68,3600.0,174.35,174.35,174.35,174.35,174.35,646.0,646.0,646.0,646.0,646.0,67.0,105.66,20.8,13.6,0.0396,0.3927,29.24,1190.0
870.0,0.6,10000.0,-4.81,69.68,3600.0,175.05,175.05,175.05,175.05,175.05,646.0,646.0,646.0,646.0,646.0,67.0,106.46,20.8,13.6,0.0396,0.3927,29.24,1190.0
871.0,0.6,10000.0,-4.81,69.68,3600.0,175.73,175.73,175.73,175.73,175.73,646.0,646.0,646.0,646.0,646.0,67.0,107.23,20.8,13.6,0.0396,0.3927,29.24,1190.0
872.0,0.6,10000.0,-4.81,69.68,3600.0,176.38,176.38,176.38,176.38,176.38,646.0,646.0,646.0,646.0,646.0,67.0,107.97,20.8,13.6,0.0396,0.3927,29.24,1190.0
873.0,0.6,10000.0,-4.81,69.68,3600.0,177.01,177.01,177.01,177.01,177.01,646.0,646.0,646.0,646.0,646.0,67.0,108.68,20.8,13.6,0.0396,0.3927,29.24,1190.0
874.0,0.6,10000.0,-4.81,69.68,3600.0,177.63,177.63,177.63,177.63,177.63,646.0,646.0,646.0,646.0,646.0,67.0,109.37,20.8,13.6,0.0396,0.3927,29.24,1190.0
875.0,0.6,10000.0,-4.81,69.68,3600.0,178.22,178.22,178.22,178.22,178.22,646.0,646.0,646.0,646.0,646.0,67.0,110.02,20.8,13.6,0.0396,0.3927,29.24,1190.0
876.0,0.6,10000.0,-4.81,69.68,3600.0,178.8,178.8,178.8,178.8,178.8,646.0,646.0,646.0,646.0,646.0,67.0,110.66,20.8,13.6,0.0396,0.3927,29.24,1190.0
877.0,0.6,10000.0,-4.81,69.68,3600.0,179.36,179.36,179.36,179.36,179.36,646.0,646.0,646.0,646.0,646.0,67.0,111.26,20.8,13.6,0.0396,0.3927,29.24,1190.0
878.0,0.6,10000.0,-4.81,69.68,3600.0,179.9,179.9,179.9,179.9,179.9,646.0,646.0,646.0,646.0,646.0,67.0,111.85,20.8,13.6,0.0396,0.3927,29.24,1190.0
879.0,0.6,10000.0,-4.81,69.68,3600.0,180.42,180.42,180.42,180.42,180.42,646.0,646.0,646.0,646.0,646.0,67.0,112.41,20.8,13.6,0.0396,0.3927,29.24,1180.0
880.0,0.6,10000.0,-4.81,69.68,3600.0,180.93,180.93,180.93,180.93,180.93,646.0,646.0,646.0,646.0,646.0,67.0,112.95,20.8,13.6,0.0396,0.3927,29.24,1180.0
881.0,0.6,10000.0,-4.81,69.68,3600.0,181.42,181.42,181.42,181.42,181.42,646.0,646.0,646.0,646.0,646.0,67.0,113.46,20.8,13.6,0.0396,0.3927,29.24,1180.0
882.0,0.6,10000.0,-4.81,69.68,3600.0,181.9,181.9,181.9,181.9,181.9,646.0,646.0,646.0,646.0,646.0,67.0,113.96,20.8,13.6,0.0396,0.3927,29.24,1180.0
883.0,0.6,10000.0,-4.81,69.68,3600.0,182.36,182.36,182.36,182.36,182.36,646.0,646.0,646.0,646.0,646.0,67.0,114.44,20.8,13.6,0.0396,0.3927,29.24,1180.0
884.0,0.6,10000.0,-4.81,69.68,3600.0,182.81,182.81,182.81,182.81,182.81,646.0,646.0,646.0,646.0,646.0,67.0,114.9,20.8,13.6,0.0396,0.3927,29.24,1180.0
885.0,0.6,10000.0,-4.81,69.68,3600.0,183.24,183.24,183.24,183.24,183.24,646.0,646.0,646.0,646.0,646.0,67.0,115.34,20.8,13.6,0.0396,0.3927,29.24,1180.0
886.0,0.6,10000.0,-4.81,69.68,3600.0,183.66,183.66,183.66,183.66,183.66,646.0,646.0,646.0,646.0,646.0,67.0,115.76,20.8,13.6,0.0396,0.3927,29.24,1180.0
887.0,0.6,10000.0,-4.81,69.68,3600.0,184.06,184.06,184.06,184.06,184.06,646.0,646.0,646.0,646.0,646.0,67.0,116.17,20.8,13.6,0.0396,0.3927,29.24,1180.0
888.0,0.6,10000.0,-4.81,69.68,3600.0,184.46,184.46,184.46,184.46,184.46,646.0,646.0,646.0,646.0,646.0,67.0,116.56,20.8,13.6,0.0396,0.3927,29.24,1180.0
889.0,0.6,10000.0,-4.81,69.68,3600.0,184.84,184.84,184.84,184.84,184.84,646.0,646.0,646.0,646.0,646.0,67.0,116.94,20.8,13.6,0.0396,0.3927,29.24,1170.0
890.0,0.6,10000.0,-4.81,69.68,3600.0,185.21,185.21,185.21,185.21,185.21,646.0,646.0,646.0,646.0,646.0,67.0,117.3,20.8,13.6,0.0396,0.3927,29.24,1170.0
891.0,0.6,10000.0,-4.81,69.68,3600.0,185.56,185.56,185.56,185.56,185.56,646.0,646.0,646.0,646.0,646.0,67.0,117.65,20.8,13.6,0.0396,0.3927,29.24,1170.0
892.0,0.6,10000.0,-4.81,69.68,3600.0,185.91,185.91,185.91,185.91,185.91,646.0,646.0,646.0,646.0,646.0,67.0,117.98,20.8,13.6,0.0396,0.3927,29.24,1170.0
893.0,0.6,10000.0,-4.81,69.68,3600.0,186.25,186.25,186.25,186.25,186.25,646.0,646.0,646.0,646.0,646.0,67.0,118.3,20.8,13.6,0.0396,0.3927,29.24,1170.0
894.0,0.6,10000.0,-4.81,69.68,3600.0,186.57,186.57,186.57,186.57,186.57,646.0,646.0,646.0,646.0,646.0,67.0,118.61,20.8,13.6,0.0396,0.3927,29.24,1170.0
895.0,0.6,10000.0,-4.81,69.68,3600.0,186.89,186.89,186.89,186.89,186.89,646.0,646.0,646.0,646.0,646.0,67.0,118.91,20.8,13.6,0.0396,0.3927,29.24,1170.0
896.0,0.6,10000.0,-4.81,69.68,3600.0,187.19,187.19,187.19,187.19,187.19,646.0,646.0,646.0,646.0,646.0,67.0,119.19,20.8,13.6,0.0396,0.3927,29.24,1170.0
897.0,0.6,10000.0,-4.81,69.68,3600.0,187.49,187.49,187.49,187.49,187.49,646.0,646.0,646.0,646.0,646.0,67.0,119.47,20.8,13.6,0.0396,0.3927,29.24,1170.0
898.0,0.6,10000.0,-4.81,69.68,3600.0,187.77,187.77,187.77,187.77,187.77,646.0,646.0,646.0,646.0,646.0,67.0,119.73,20.8,13.6,0.0396,0.3927,29.24,1170.0
899.0,0.6,10000.0,-4.81,69.68,3600.0,188.05,188.05,188.05,188.05,188.05,646.0,646.0,646.0,646.0,646.0,67.0,119.98,20.8,13.6,0.0396,0.3927,29.24,1160.0
900.0,0.6,10000.0,-4.81,69.68,3600.0,188.32,188.32,188.32,188.32,188.32,646.0,646.0,646.0,646.0,646.0,67.0,120.23,20.8,13.6,0.0396,0.3927,29.24,1160.0
901.0,0.6,10000.0,-4.81,69.68,3600.0,188.58,188.58,188.58,188.58,188.58,646.0,646.0,646.0,646.0,646.0,67.0,120.46,20.8,13.6,0.0396,0.3927,29.24,1160.0
902.0,0.6,10000.0,-4.81,69.68,3600.0,188.83,188.83,188.83,188.83,188.83,646.0,646.0,646.0,646.0,646.0,67.0,120.68,20.8,13.6,0.0396,0.3927,29.24,1160.0
903.0,0.6,10000.0,-4.81,69.68,3600.0,189.07,189.07,189.07,189.07,189.07,646.0,646.0,646.0,646.0,646.0,67.0,120.9,20.8,13.6,0.0396,0.3927,29.24,1160.0
904.0,0.6,10000.0,-4.81,69.68,3600.0,189.31,189.31,189.31,189.31,189.31,646.0,646.0,646.0,646.0,646.0,67.0,121.11,20.8,13.6,0.0396,0.3927,29.24,1160.0
905.0,0.6,10000.0,-4.81,69.68,3600.0,189.54,189.54,189.54,189.54,189.54,646.0,646.0,646.0,646.0,646.0,67.0,121.3,20.8,13.6,0.0396,0.3927,29.24,1160.0
906.0,0.6,10000.0,-4.81,69.68,3600.0,189.76,189.76,189.76,189.76,189.76,646.0,646.0,646.0,646.0,646.0,67.0,121.5,20.8,13.6,0.0396,0.3927,29.24,1160.0
907.0,0.6,10000.0,-4.81,69.68,3600.0,189.97,189.97,189.97,189.97,189.97,646.0,646.0,646.0,646.0,646.0,67.0,121.68,20.8,13.6,0.0396,0.3927,29.24,1160.0
908.0,0.6,10000.0,-4.81,69.68,3600.0,190.18,190.18,190.18,190.18,190.18,646.0,646.0,646.0,646.0,646.0,67.0,121.86,20.8,13.6,0.0396,0.3927,29.24,1160.0
909.0,0.6,10000.0,-4.81,69.68,3600.0,190.38,190.38,190.38,190.38,190.38,646.0,646.0,646.0,646.0,646.0,67.0,122.03,20.8,13.6,0.0396,0.3927,29.24,1150.0
910.0,0.6,10000.0,-4.81,69.68,3600.0,190.58,190.58,190.58,190.58,190.58,646.0,646.0,646.0,646.0,646.0,67.0,122.19,20.8,13.6,0.0396,0.3927,29.24,1150.0
911.0,0.6,10000.0,-4.81,69.68,3600.0,190.77,190.77,190.77,190.77,190.77,646.0,646.0,646.0,646.0,646.0,67.0,122.35,20.8,13.6,0.0396,0.3927,29.24,1150.0
912.0,0.6,10000.0,-4.81,69.68,3600.0,190.95,190.95,190.95,190.95,190.95,646.0,646.0,646.0,646.0,646.0,67.0,122.5,20.8,13.6,0.0396,0.3927,29.24,1150.0
913.0,0.6,10000.0,-4.81,69.68,3600.0,191.13,191.13,191.13,191.13,191.13,646.0,646.0,646.0,646.0,646.0,67.0,122.64,20.8,13.6,0.0396,0.3927,29.24,1150.0
914.0,0.6,10000.0,-4.81,69.68,3600.0,191.3,191.3,191.3,191.3,191.3,646.0,646.0,646.0,646.0,646.0,67.0,122.78,20.8,13.6,0.0396,0.3927,29.24,1150.0
915.0,0.6,10000.0,-4.81,69.68,3600.0,191.46,191.46,191.46,191.46,191.46,646.0,646.0,646.0,646.0,646.0,67.0,122.91,20.8,13.6,0.0396,0.3927,29.24,1150.0
916.0,0.6,10000.0,-4.81,69.68,3600.0,191.63,191.63,191.63,191.63,191.63,646.0,646.0,646.0,646.0,646.0,67.0,123.04,20.8,13.6,0.0396,0.3927,29.24,1150.0
917.0,0.6,10000.0,-4.81,69.68,3600.0,191.78,191.78,191.78,191.78,191.78,646.0,646.0,646.0,646.0,646.0,67.0,123.16,20.8,13.6,0.0396,0.3927,29.24,1150.0
918.0,0.6,10000.0,-4.81,69.68,3600.0,191.93,191.93,191.93,191.93,191.93,646.0,646.0,646.0,646.0,646.0,67.0,123.28,20.8,13.6,0.0396,0.3927,29.24,1150.0
919.0,0.6,10000.0,-4.81,69.68,3600.0,192.08,192.08,192.08,192.08,192.08,646.0,646.0,646.0,646.0,646.0,67.0,123.4,20.8,13.6,0.0396,0.3927,29.24,1140.0
920.0,0.6,10000.0,-4.81,69.68,3600.0,192.22,192.22,192.22,192.22,192.22,646.0,646.0,646.0,646.0,646.0,67.0,123.51,20.8,13.6,0.0396,0.3927,29.24,1140.0
921.0,0.6,10000.0,-4.81,69.68,3600.0,192.36,192.36,192.36,192.36,192.36,646.0,646.0,646.0,646.0,646.0,67.0,123.61,20.8,13.6,0.0396,0.3927,29.24,1140.0
922.0,0.6,10000.0,-4.81,69.68,3600.0,192.49,192.49,192.49,192.49,192.49,646.0,646.0,646.0,646.0,646.0,67.0,123.71,20.8,13.6,0.0396,0.3927,29.24,1140.0
923.0,0.6,10000.0,-4.81,69.68,3600.0,192.62,192.62,192.62,192.62,192.62,646.0,646.0,646.0,646.0,646.0,67.0,123.81,20.8,13.6,0.0396,0.3927,29.24,1140.0
924.0,0.6,10000.0,-4.81,69.68,3600.0,192.75,192.75,192.75,192.75,192.75,646.0,646.0,646.0,646.0,646.0,67.0,123.9,20.8,13.6,0.0396,0.3927,29.24,1140.0
925.0,0.6,10000.0,-4.81,69.68,3600.0,192.87,192.87,192.87,192.87,192.87,646.0,646.0,646.0,646.0,646.0,67.0,123.99,20.8,13.6,0.0396,0.3927,29.24,1140.0
926.0,0.6,10000.0,-4.81,69.68,3600.0,192.98,192.98,192.98,192.98,192.98,646.0,646.0,646.0,646.0,646.0,67.0,124.08,20.8,13.6,0.0396,0.3927,29.24,1140.0
927.0,0.6,10000.0,-4.81,69.68,3600.0,193.1,193.1,193.1,193.1,193.1,646.0,646.0,646.0,646.0,646.0,67.0,124.16,20.8,13.6,0.0396,0.3927,29.24,1140.0
928.0,0.6,10000.0,-4.81,69.68,3600.0,193.21,193.21,193.21,193.21,193.21,646.0,646.0,646.0,646.0,646.0,67.0,124.24,20.8,13.6,0.0396,0.3927,29.24,1140.0
929.0,0.6,10000.0,-4.81,69.68,3600.0,193.31,193.31,193.31,193.31,193.31,646.0,646.0,646.0,646.0,646.0,67.0,124.32,20.8,13.6,0.0396,0.3927,29.24,1130.0
930.0,0.6,10000.0,-4.81,69.68,3600.0,193.42,193.42,193.42,193.42,193.42,646.0,646.0,646.0,646.0,646.0,67.0,124.39,20.8,13.6,0.0396,0.3927,29.24,1130.0
931.0,0.6,10000.0,-4.81,69.68,3600.0,193.52,193.52,193.52,193.52,193.52,646.0,646.0,646.0,646.0,646.0,67.0,124.46,20.8,13.6,0.0396,0.3927,29.24,1130.0
932.0,0.6,10000.0,-4.81,69.68,3600.0,193.61,193.61,193.61,193.61,193.61,646.0,646.0,646.0,646.0,646.0,67.0,124.53,20.8,13.6,0.0396,0.3927,29.24,1130.0
933.0,0.6,10000.0,-4.81,69.68,3600.0,193.71,193.71,193.71,193.71,193.71,646.0,646.0,646.0,646.0,646.0,67.0,124.6,20.8,13.6,0.0396,0.3927,29.24,1130.0
934.0,0.6,10000.0,-4.81,69.68,3600.0,193.8,193.8,193.8,193.8,193.8,646.0,646.0,646.0,646.0,646.0,67.0,124.66,20.8,13.6,0.0396,0.3927,29.24,1130.0
935.0,0.6,10000.0,-4.81,69.68,3600.0,193.89,193.89,193.89,193.89,193.89,646.0,646.0,646.0,646.0,646.0,67.0,124.72,20.8,13.6,0.0396,0.3927,29.24,1130.0
936.0,0.6,10000.0,-4.81,69.68,3600.0,193.97,193.97,193.97,193.97,193.97,646.0,646.0,646.0,646.0,646.0,67.0,124.78,20.8,13.6,0.0396,0.3927,29.24,1130.0
937.0,0.6,10000.0,-4.81,69.68,3600.0,194.05,194.05,194.05,194.05,194.05,646.0,646.0,646.0,646.0,646.0,67.0,124.83,20.8,13.6,0.0396,0.3927,29.24,1130.0
938.0,0.6,10000.0,-4.81,69.68,3600.0,194.13,194.13,194.13,194.13,194.13,646.0,646.0,646.0,646.0,646.0,67.0,124.89,20.8,13.6,0.0396,0.3927,29.24,1130.0
939.0,0.6,10000.0,-4.81,69.68,3600.0,194.21,194.21,194.21,194.21,194.21,646.0,646.0,646.0,646.0,646.0,67.0,124.94,20.8,13.6,0.0396,0.3927,29.24,1120.0
940.0,0.6,10000.0,-4.81,69.68,3600.0,194.29,194.29,194.29,194.29,194.29,646.0,646.0,646.0,646.0,646.0,67.0,124.99,20.8,13.6,0.0396,0.3927,29.24,1120.0
941.0,0.6,10000.0,-4.81,69.68,3600.0,194.36,194.36,194.36,194.36,194.36,646.0,646.0,646.0,646.0,646.0,67.0,125.03,20.8,13.6,0.0396,0.3927,29.24,1120.0
942.0,0.6,10000.0,-4.81,69.68,3600.0,194.43,194.43,194.43,194.43,194.43,646.0,646.0,646.0,646.0,646.0,67.0,125.08,20.8,13.6,0.0396,0.3927,29.24,1120.0
943.0,0.6,10000.0,-4.81,69.68,3600.0,194.5,194.5,194.5,194.5,194.5,646.0,646.0,646.0,646.0,646.0,67.0,125.12,20.8,13.6,0.0396,0.3927,29.24,1120.0
944.0,0.6,10000.0,-4.81,69.68,3600.0,194.56,194.56,194.56,194.56,194.56,646.0,646.0,646.0,646.0,646.0,67.0,125.16,20.8,13.6,0.0396,0.3927,29.24,1120.0
945.0,0.6,10000.0,-4.81,69.68,3600.0,194.63,194.63,194.63,194.63,194.63,646.0,646.0,646.0,646.0,646.0,67.0,125.21,20.8,13.6,0.0396,0.3927,29.24,1120.0
946.0,0.6,10000.0,-4.81,69.68,3600.0,194.69,194.69,194.69,194.69,194.69,646.0,646.0,646.0,646.0,646.0,67.0,125.24,20.8,13.6,0.0396,0.3927,29.24,1120.0
947.0,0.6,10000.0,-4.81,69.68,3600.0,194.75,194.75,194.75,194.75,194.75,646.0,646.0,646.0,646.0,646.0,67.0,125.28,20.8,13.6,0.0396,0.3927,29.24,1120.0
948.0,0.6,10000.0,-4.81,69.68,3600.0,194.81,194.81,194.81,194.81,194.81,646.0,646.0,646.0,646.0,646.0,67.0,125.32,20.8,13.6,0.0396,0.3927,29.24,1120.0
949.0,0.6,10000.0,-4.81,69.68,3600.0,194.86,194.86,194.86,194.86,194.86,646.0,646.0,646.0,646.0,646.0,67.0,125.35,20.8,13.6,0.0396,0.3927,29.24,1110.0
950.0,0.6,10000.0,-4.81,69.68,3600.0,194.92,194.92,194.92,194.92,194.92,646.0,646.0,646.0,646.0,646.0,67.0,125.38,20.8,13.6,0.0396,0.3927,29.24,1110.0
951.0,0.6,10000.0,-4.81,69.68,3600.0,194.97,194.97,194.97,194.97,194.97,646.0,646.0,646.0,646.0,646.0,67.0,125.42,20.8,13.6,0.0396,0.3927,29.24,1110.0
952.0,0.6,10000.0,-4.81,69.68,3600.0,195.02,195.02,195.02,195.02,195.02,646.0,646.0,646.0,646.0,646.0,67.0,125.45,20.8,13.6,0.0396,0.3927,29.24,1110.0
953.0,0.6,10000.0,-4.81,69.68,3600.0,195.07,195.07,195.07,195.07,195.07,646.0,646.0,646.0,646.0,646.0,67.0,125.48,20.8,13.6,0.0396,0.3927,29.24,1110.0
954.0,0.6,10000.0,-4.81,69.68,3600.0,195.12,195.12,195.12,195.12,195.12,646.0,646.0,646.0,646.0,646.0,67.0,125.51,20.8,13.6,0.0396,0.3927,29.24,1110.0
955.0,0.6,10000.0,-4.81,69.68,3600.0,195.16,195.16,195.16,195.16,195.16,646.0,646.0,646.0,646.0,646.0,67.0,125.53,20.8,13.6,0.0396,0.3927,29.24,1110.0
956.0,0.6,10000.0,-4.81,69.68,3600.0,195.21,195.21,195.21,195.21,195.21,646.0,646.0,646.0,646.0,646.0,67.0,125.56,20.8,13.6,0.0396,0.3927,29.24,1110.0
957.0,0.6,10000.0,-4.81,69.68,3600.0,195.25,195.25,195.25,195.25,195.25,646.0,646.0,646.0,646.0,646.0,67.0,125.58,20.8,13.6,0.0396,0.3927,29.24,1110.0
958.0,0.6,10000.0,-4.81,69.68,3600.0,195.3,195.3,195.3,195.3,195.3,646.0,646.0,646.0,646.0,646.0,67.0,125.61,20.8,13.6,0.0396,0.3927,29.24,1110.0
959.0,0.6,10000.0,-4.81,69.68,3600.0,195.34,195.34,195.34,195.34,195.34,646.0,646.0,646.0,646.0,646.0,67.0,125.63,20.8,13.6,0.0396,0.3927,29.24,1100.0
960.0,0.6,10000.0,-4.81,69.68,3600.0,195.38,195.38,195.38,195.38,195.38,646.0,646.0,646.0,646.0,646.0,67.0,125.65,20.8,13.6,0.0396,0.3927,29.24,1100.0
961.0,0.6,10000.0,-4.81,69.68,3600.0,195.41,195.41,195.41,195.41,195.41,646.0,646.0,646.0,646.0,646.0,67.0,125.67,20.8,13.6,0.0396,0.3927,29.24,1100.0
962.0,0.6,10000.0,-4.81,69.68,3600.0,195.45,195.45,195.45,195.45,195.45,646.0,646.0,646.0,646.0,646.0,67.0,125.69,20.8,13.6,0.0396,0.3927,29.24,1100.0
963.0,0.6,10000.0,-4.81,69.68,3600.0,195.49,195.49,195.49,195.49,195.49,646.0,646.0,646.0,646.0,646.0,67.0,125.71,20.8,13.6,0.0396,0.3927,29.24,1100.0
964.0,0.6,10000.0,-4.81,69.68,3600.0,195.52,195.52,195.52,195.52,195.52,646.0,646.0,646.0,646.0,646.0,67.0,125.73,20.8,13.6,0.0396,0.3927,29.24,1100.0
965.0,0.6,10000.0,-4.81,69.68,3600.0,195.56,195.56,195.56,195.56,195.56,646.0,646.0,646.0,646.0,646.0,67.0,125.75,20.8,13.6,0.0396,0.3927,29.24,1100.0
966.0,0.6,10000.0,-4.81,69.68,3600.0,195.59,195.59,195.59,195.59,195.59,646.0,646.0,646.0,646.0,646.0,67.0,125.77,20.8,13.6,0.0396,0.3927,29.24,1100.0
967.0,0.6,10000.0,-4.81,69.68,3600.0,195.62,195.62,195.62,195.62,195.62,646.0,646.0,646.0,646.0,646.0,67.0,125.79,20.8,13.6,0.0396,0.3927,29.24,1100.0
968.0,0.6,10000.0,-4.81,69.68,3600.0,195.65,195.65,195.65,195.65,195.65,646.0,646.0,646.0,646.0,646.0,67.0,125.8,20.8,13.6,0.0396,0.3927,29.24,1100.0
969.0,0.6,10000.0,-4.81,69.68,3600.0,195.68,195.68,195.68,195.68,195.68,646.0,646.0,646.0,646.0,646.0,67.0,125.82,20.8,13.6,0.0396,0.3927,29.24,1090.0
970.0,0.6,10000.0,-4.81,69.68,3600.0,195.71,195.71,195.71,195.71,195.71,646.0,646.0,646.0,646.0,646.0,67.0,125.83,20.8,13.6,0.0396,0.3927,29.24,1090.0
971.0,0.6,10000.0,-4.81,69.68,3600.0,195.74,195.74,195.74,195.74,195.74,646.0,646.0,646.0,646.0,646.0,67.0,125.85,20.8,13.6,0.0396,0.3927,29.24,1090.0
972.0,0.6,10000.0,-4.81,69.68,3600.0,195.77,195.77,195.77,195.77,195.77,646.0,646.0,646.0,646.0,646.0,67.0,125.86,20.8,13.6,0.0396,0.3927,29.24,1090.0
973.0,0.6,10000.0,-4.81,69.68,3600.0,195.79,195.79,195.79,195.79,195.79,646.0,646.0,646.0,646.0,646.0,67.0,125.87,20.8,13.6,0.0396,0.3927,29.24,1090.0
974.0,0.6,10000.0,-4.81,69.68,3600.0,195.82,195.82,195.82,195.82,195.82,646.0,646.0,646.0,646.0,646.0,67.0,125.89,20.8,13.6,0.0396,0.3927,29.24,1090.0
975.0,0.6,10000.0,-4.81,69.68,3600.0,195.84,195.84,195.84,195.84,195.84,646.0,646.0,646.0,646.0,646.0,67.0,125.9,20.8,13.6,0.0396,0.3927,29.24,1090.0
976.0,0.6,10000.0,-4.81,69.68,3600.0,195.87,195.87,195.87,195.87,195.87,646.0,646.0,646.0,646.0,646.0,67.0,125.91,20.8,13.6,0.0396,0.3927,29.24,1090.0
977.0,0.6,10000.0,-4.81,69.68,3600.0,195.89,195.89,195.89,195.89,195.89,646.0,646.0,646.0,646.0,646.0,67.0,125.92,20.8,13.6,0.0396,0.3927,29.24,1090.0
978.0,0.6,10000.0,-4.81,69.68,3600.0,195.91,195.91,195.91,195.91,195.91,646.0,646.0,646.0,646.0,646.0,67.0,125.93,20.8,13.6,0.0396,0.3927,29.24,1090.0
979.0,0.6,10000.0,-4.81,69.68,3600.0,195.93,195.93,195.93,195.93,195.93,646.0,646.0,646.0,646.0,646.0,67.0,125.94,20.8,13.6,0.0396,0.3927,29.24,1080.0
980.0,0.6,10000.0,-4.81,69.68,3600.0,195.95,195.95,195.95,195.95,195.95,646.0,646.0,646.0,646.0,646.0,67.0,125.95,20.8,13.6,0.0396,0.3927,29.24,1080.0
981.0,0.6,10000.0,-4.81,69.68,3600.0,195.97,195.97,195.97,195.97,195.97,646.0,646.0,646.0,646.0,646.0,67.0,125.96,20.8,13.6,0.0396,0.3927,29.24,1080.0
982.0,0.6,10000.0,-4.81,69.68,3600.0,195.99,195.99,195.99,195.99,195.99,646.0,646.0,646.0,646.0,646.0,67.0,125.97,20.8,13.6,0.0396,0.3927,29.24,1080.0
983.0,0.6,10000.0,-4.81,69.68,3600.0,196.01,196.01,196.01,196.01,196.01,646.0,646.0,646.0,646.0,646.0,67.0,125.98,20.8,13.6,0.0396,0.3927,29.24,1080.0
984.0,0.6,10000.0,-4.81,69.68,3600.0,196.03,196.03,196.03,196.03,196.03,646.0,646.0,646.0,646.0,646.0,67.0,125.99,20.8,13.6,0.0396,0.3927,29.24,1080.0
985.0,0.6,10000.0,-4.81,69.68,3600.0,196.05,196.05,196.05,196.05,196.05,646.0,646.0,646.0,646.0,646.0,67.0,126.0,20.8,13.6,0.0396,0.3927,29.24,1080.0
986.0,0.6,10000.0,-4.81,69.68,3600.0,196.07,196.07,196.07,196.07,196.07,646.0,646.0,646.0,646.0,646.0,67.0,126.01,20.8,13.6,0.0396,0.3927,29.24,1080.0
987.0,0.6,10000.0,-4.81,69.68,3600.0,196.08,196.08,196.08,196.08,196.08,646.0,646.0,646.0,646.0,646.0,67.0,126.01,20.8,13.6,0.0396,0.3927,29.24,1080.0
988.0,0.6,10000.0,-4.81,69.68,3600.0,196.1,196.1,196.1,196.1,196.1,646.0,646.0,646.0,646.0,646.0,67.0,126.02,20.8,13.6,0.0396,0.3927,29.24,1080.0
989.0,0.6,10000.0,-4.81,69.68,3600.0,196.11,196.11,196.11,196.11,196.11,646.0,646.0,646.0,646.0,646.0,67.0,126.03,20.8,13.6,0.0396,0.3927,29.24,1070.0
990.0,0.6,10000.0,-4.81,69.68,3600.0,196.13,196.13,196.13,196.13,196.13,646.0,646.0,646.0,646.0,646.0,67.0,126.03,20.8,13.6,0.0396,0.3927,29.24,1070.0
991.0,0.6,10000.0,-4.81,69.68,3600.0,196.14,196.14,196.14,196.14,196.14,646.0,646.0,646.0,646.0,646.0,67.0,126.04,20.8,13.6,0.0396,0.3927,29.24,1070.0
992.0,0.6,10000.0,-4.81,69.68,3600.0,196.16,196.16,196.16,196.16,196.16,646.0,646.0,646.0,646.0,646.0,67.0,126.05,20.8,13.6,0.0396,0.3927,29.24,1070.0
993.0,0.6,10000.0,-4.81,69.68,3600.0,196.17,196.17,196.17,196.17,196.17,646.0,646.0,646.0,646.0,646.0,67.0,126.05,20.8,13.6,0.0396,0.3927,29.24,1070.0
994.0,0.6,10000.0,-4.81,69.68,3600.0,196.19,196.19,196.19,196.19,196.19,646.0,646.0,646.0,646.0,646.0,67.0,126.06,20.8,13.6,0.0396,0.3927,29.24,1070.0
995.0,0.6,10000.0,-4.81,69.68,3600.0,196.2,196.2,196.2,196.2,196.2,646.0,646.0,646.0,646.0,646.0,67.0,126.06,20.8,13.6,0.0396,0.3927,29.24,1070.0
996.0,0.6,10000.0,-4.81,69.68,3600.0,196.21,196.21,196.21,196.21,196.21,646.0,646.0,646.0,646.0,646.0,67.0,126.07,20.8,13.6,0.0396,0.3927,29.24,1070.0
997.0,0.6,10000.0,-4.81,69.68,3600.0,196.22,196.22,196.22,196.22,196.22,646.0,646.0,646.0,646.0,646.0,67.0,126.07,20.8,13.6,0.0396,0.3927,29.24,1070.0
998.0,0.6,10000.0,-4.81,69.68,3600.0,196.24,196.24,196.24,196.24,196.24,646.0,646.0,646.0,646.0,646.0,67.0,126.08,20.8,13.6,0.0396,0.3927,29.24,1070.0
999.0,0.6,10000.0,-4.81,69.68,3600.0,196.25,196.25,196.25,196.25,196.25,646.0,646.0,646.0,646.0,646.0,67.0,126.08,20.8,13.6,0.0396,0.3927,29.24,1060.0
1000.0,0.6,10000.0,-4.81,69.68,3600.0,196.26,196.26,196.26,196.26,196.26,646.0,646.0,646.0,646.0,646.0,67.0,126.09,20.8,13.6,0.0396,0.3927,29.24,1060.0
1001.0,0.6,10000.0,-4.81,69.68,3600.0,196.27,196.27,196.27,196.27,196.27,646.0,646.0,646.0,646.0,646.0,67.0,126.09,20.8,13.6,0.0396,0.3927,29.24,1060.0
1002.0,0.6,10000.0,-4.81,69.68,3600.0,196.28,196.28,196.28,196.28,196.28,646.0,646.0,646.0,646.0,646.0,67.0,126.1,20.8,13.6,0.0396,0.3927,29.24,1060.0
1003.0,0.6,10000.0,-4.81,69.68,3600.0,196.29,196.29,196.29,196.29,196.29,646.0,646.0,646.0,646.0,646.0,67.0,126.1,20.8,13.6,0.0396,0.3927,29.24,1060.0
1004.0,0.6,10000.0,-4.81,69.68,3600.0,196.3,196.3,196.3,196.3,196.3,646.0,646.0,646.0,646.0,646.0,67.0,126.11,20.8,13.6,0.0396,0.3927,29.24,1060.0
1005.0,0.6,10000.0,-4.81,69.68,3600.0,196.31,196.31,196.31,196.31,196.31,646.0,646.0,646.0,646.0,646.0,67.0,126.11,20.8,13.6,0.0396,0.3927,29.24,1060.0
1006.0,0.6,10000.0,-4.81,69.68,3600.0,196.32,196.32,196.32,196.32,196.32,646.0,646.0,646.0,646.0,646.0,67.0,126.11,20.8,13.6,0.0396,0.3927,29.24,1060.0
1007.0,0.6,10000.0,-4.81,69.68,3600.0,196.33,196.33,196.33,196.33,196.33,646.0,646.0,646.0,646.0,646.0,67.0,126.12,20.8,13.6,0.0396,0.3927,29.24,1060.0
1008.0,0.6,10000.0,-4.81,69.68,3600.0,196.33,196.33,196.33,196.33,196.33,646.0,646.0,646.0,646.0,646.0,67.0,126.12,20.8,13.6,0.0396,0.3927,29.24,1060.0
1009.0,0.6,10000.0,-4.81,69.68,3600.0,196.34,196.34,196.34,196.34,196.34,646.0,646.0,646.0,646.0,646.0,67.0,126.12,20.8,13.6,0.0396,0.3927,29.24,1050.0
1010.0,0.6,10000.0,-4.81,69.68,3600.0,196.35,196.35,196.35,196.35,196.35,646.0,646.0,646.0,646.0,646.0,67.0,126.13,20.8,13.6,0.0396,0.3927,29.24,1050.0
1011.0,0.6,10000.0,-4.81,69.68,3600.0,196.36,196.36,196.36,196.36,196.36,646.0,646.0,646.0,646.0,646.0,67.0,126.13,20.8,13.6,0.0396,0.3927,29.24,1050.0
1012.0,0.6,10000.0,-4.81,69.68,3600.0,196.37,196.37,196.37,196.37,196.37,646.0,646.0,646.0,646.0,646.0,67.0,126.13,20.8,13.6,0.0396,0.3927,29.24,1050.0
1013.0,0.6,10000.0,-4.81,69.68,3600.0,196.37,196.37,196.37,196.37,196.37,646.0,646.0,646.0,646.0,646.0,67.0,126.13,20.8,13.6,0.0396,0.3927,29.24,1050.0
1014.0,0.6,10000.0,-4.81,69.68,3600.0,196.38,196.38,196.38,196.38,196.38,646.0,646.0,646.0,646.0,646.0,67.0,126.14,20.8,13.6,0.0396,0.3927,29.24,1050.0
1015.0,0.6,10000.0,-4.81,69.68,3600.0,196.39,196.39,196.39,196.39,196.39,646.0,646.0,646.0,646.0,646.0,67.0,126.14,20.8,13.6,0.0396,0.3927,29.24,1050.0
1016.0,0.6,10000.0,-4.81,69.68,3600.0,196.39,196.39,196.39,196.39,196.39,646.0,646.0,646.0,646.0,646.0,67.0,126.14,20.8,13.6,0.0396,0.3927,29.24,1050.0
1017.0,0.6,10000.0,-4.81,69.68,3600.0,196.4,196.4,196.4,196.4,196.4,646.0,646.0,646.0,646.0,646.0,67.0,126.14,20.8,13.6,0.0396,0.3927,29.24,1050.0
1018.0,0.6,10000.0,-4.81,69.68,3600.0,196.41,196.41,196.41,196.41,196.41,646.0,646.0,646.0,646.0,646.0,67.0,126.15,20.8,13.6,0.0396,0.3927,29.24,1050.0
1019.0,0.6,10000.0,-4.81,69.68,3600.0,196.41,196.41,196.41,196.41,196.41,646.0,646.0,646.0,646.0,646.0,67.0,126.15,20.8,13.6,0.0396,0.3927,29.24,1040.0
1020.0,0.6,10000.0,-4.81,69.68,3600.0,196.42,196.42,196.42,196.42,196.42,646.0,646.0,646.0,646.0,646.0,67.0,126.15,20.8,13.6,0.0396,0.3927,29.24,1040.0
1021.0,0.6,10000.0,-4.81,69.68,3600.0,196.42,196.42,196.42,196.42,196.42,646.0,646.0,646.0,646.0,646.0,67.0,126.15,20.8,13.6,0.0396,0.3927,29.24,1040.0
1022.0,0.6,10000.0,-4.81,69.68,3600.0,196.43,196.43,196.43,196.43,196.43,646.0,646.0,646.0,646.0,646.0,67.0,126.15,20.8,13.6,0.0396,0.3927,29.24,1040.0
1023.0,0.6,10000.0,-4.81,69.68,3600.0,196.44,196.44,196.44,196.44,196.44,646.0,646.0,646.0,646.0,646.0,67.0,126.16,20.8,13.6,0.0396,0.3927,29.24,1040.0
1024.0,0.6,10000.0,-4.81,69.68,3600.0,196.44,196.44,196.44,196.44,196.44,646.0,646.0,646.0,646.0,646.0,67.0,126.16,20.8,13.6,0.0396,0.3927,29.24,1040.0
1025.0,0.6,10000.0,-4.81,69.68,3600.0,196.45,196.45,196.45,196.45,196.45,646.0,646.0,646.0,646.0,646.0,67.0,126.16,20.8,13.6,0.0396,0.3927,29.24,1040.0
1026.0,0.6,10000.0,-4.81,69.68,3600.0,196.45,196.45,196.45,196.45,196.45,646.0,646.0,646.0,646.0,646.0,67.0,126.16,20.8,13.6,0.0396,0.3927,29.24,1040.0
1027.0,0.6,10000.0,-4.81,69.68,3600.0,196.46,196.46,196.46,196.46,196.46,646.0,646.0,646.0,646.0,646.0,67.0,126.16,20.8,13.6,0.0396,0.3927,29.24,1040.0
1028.0,0.6,10000.0,-4.81,69.68,3600.0,196.46,196.46,196.46,196.46,196.46,646.0,646.0,646.0,646.0,646.0,67.0,126.16,20.8,13.6,0.0396,0.3927,29.24,1040.0
1029.0,0.6,10000.0,-4.81,69.68,3600.0,196.46,196.46,196.46,196.46,196.46,646.0,646.0,646.0,646.0,646.0,67.0,126.16,20.8,13.6,0.0396,0.3927,29.24,1030.0
1030.0,0.6,10000.0,-4.81,69.68,3600.0,196.47,196.47,196.47,196.47,196.47,646.0,646.0,646.0,646.0,646.0,67.0,126.17,20.8,13.6,0.0396,0.3927,29.24,1030.0
1031.0,0.6,10000.0,-4.81,69.68,3600.0,196.47,196.47,196.47,196.47,196.47,646.0,646.0,646.0,646.0,646.0,67.0,126.17,20.8,13.6,0.0396,0.3927,29.24,1030.0
1032.0,0.6,10000.0,-4.81,69.68,3600.0,196.48,196.48,196.48,196.48,196.48,646.0,646.0,646.0,646.0,646.0,67.0,126.17,20.8,13.6,0.0396,0.3927,29.24,1030.0
1033.0,0.6,10000.0,-4.81,69.68,3600.0,196.48,196.48,196.48,196.48,196.48,646.0,646.0,646.0,646.0,646.0,67.0,126.17,20.8,13.6,0.0396,0.3927,29.24,1030.0
1034.0,0.6,10000.0,-4.81,69.68,3600.0,196.48,196.48,196.48,196.48,196.48,646.0,646.0,646.0,646.0,646.0,67.0,126.17,20.8,13.6,0.0396,0.3927,29.24,1030.0
1035.0,0.6,10000.0,-4.81,69.68,3600.0,196.49,196.49,196.49,196.49,196.49,646.0,646.0,646.0,646.0,646.0,67.0,126.17,20.8,13.6,0.0396,0.3927,29.24,1030.0
1036.0,0.6,10000.0,-4.81,69.68,3600.0,196.49,196.49,196.49,196.49,196.49,646.0,646.0,646.0,646.0,646.0,67.0,126.17,20.8,13.6,0.0396,0.3927,29.24,1030.0
1037.0,0.6,10000.0,-4.81,69.68,3600.0,196.49,196.49,196.49,196.49,196.49,646.0,646.0,646.0,646.0,646.0,67.0,126.17,20.8,13.6,0.0396,0.3927,29.24,1030.0
1038.0,0.6,10000.0,-4.81,69.68,3600.0,196.5,196.5,196.5,196.5,196.5,646.0,646.0,646.0,646.0,646.0,67.0,126.18,20.8,13.6,0.0396,0.3927,29.24,1030.0
1039.0,0.6,10000.0,-4.81,69.68,3600.0,196.5,196.5,196.5,196.5,196.5,646.0,646.0,646.0,646.0,646.0,67.0,126.18,20.8,13.6,0.0396,0.3927,29.24,1020.0
1040.0,0.6,10000.0,-4.81,69.68,3600.0,196.5,196.5,196.5,196.5,196.5,646.0,646.0,646.0,646.0,646.0,67.0,126.18,20.8,13.6,0.0396,0.3927,29.24,1020.0
1041.0,0.6,10000.0,-4.81,69.68,3600.0,196.51,196.51,196.51,196.51,196.51,646.0,646.0,646.0,646.0,646.0,67.0,126.18,20.8,13.6,0.0396,0.3927,29.24,1020.0
1042.0,0.6,10000.0,-4.81,69.68,3600.0,196.51,196.51,196.51,196.51,196.51,646.0,646.0,646.0,646.0,646.0,67.0,126.18,20.8,13.6,0.0396,0.3927,29.24,1020.0
1043.0,0.6,10000.0,-4.81,69.68,3600.0,196.51,196.51,196.51,196.51,196.51,646.0,646.0,646.0,646.0,646.0,67.0,126.18,20.8,13.6,0.0396,0.3927,29.24,1020.0
1044.0,0.6,10000.0,-4.81,69.68,3600.0,196.52,196.52,196.52,196.52,196.52,646.0,646.0,646.0,646.0,646.0,67.0,126.18,20.8,13.6,0.0396,0.3927,29.24,1020.0
1045.0,0.6,10000.0,-4.81,69.68,3600.0,196.52,196.52,196.52,196.52,196.52,646.0,646.0,646.0,646.0,646.0,67.0,126.18,20.8,13.6,0.0396,0.3927,29.24,1020.0
1046.0,0.6,10000.0,-4.81,69.68,3600.0,196.52,196.52,196.52,196.52,196.52,646.0,646.0,646.0,646.0,646.0,67.0,126.18,20.8,13.6,0.0396,0.3927,29.24,1020.0
1047.0,0.6,10000.0,-4.81,69.68,3600.0,196.52,196.52,196.52,196.52,196.52,646.0,646.0,646.0,646.0,646.0,67.0,126.18,20.8,13.6,0.0396,0.3927,29.24,1020.0
1048.0,0.6,10000.0,-4.81,69.68,3600.0,196.53,196.53,196.53,196.53,196.53,646.0,646.0,646.0,646.0,646.0,67.0,126.18,20.8,13.6,0.0396,0.3927,29.24,1020.0
1049.0,0.6,10000.0,-4.81,69.68,3600.0,196.53,196.53,196.53,196.53,196.53,646.0,646.0,646.0,646.0,646.0,67.0,126.18,20.8,13.6,0.0396,0.3927,29.24,1010.0
1050.0,0.6,10000.0,-4.81,69.68,3600.0,196.53,196.53,196.53,196.53,196.53,646.0,646.0,646.0,646.0,646.0,67.0,126.18,20.8,13.6,0.0396,0.3927,29.24,1010.0
1051.0,0.6,10000.0,-4.81,69.68,3600.0,196.53,196.53,196.53,196.53,196.53,646.0,646.0,646.0,646.0,646.0,67.0,126.19,20.8,13.6,0.0396,0.3927,29.24,1010.0
1052.0,0.6,10000.0,-4.81,69.68,3600.0,196.53,196.53,196.53,196.53,196.53,646.0,646.0,646.0,646.0,646.0,67.0,126.19,20.8,13.6,0.0396,0.3927,29.24,1010.0
1053.0,0.6,10000.0,-4.81,69.68,3600.0,196.54,196.54,196.54,196.54,196.54,646.0,646.0,646.0,646.0,646.0,67.0,126.19,20.8,13.6,0.0396,0.3927,29.24,1010.0
1054.0,0.6,10000.0,-4.81,69.68,3600.0,196.54,196.54,196.54,196.54,196.54,646.0,646.0,646.0,646.0,646.0,67.0,126.19,20.8,13.6,0.0396,0.3927,29.24,1010.0
1055.0,0.6,10000.0,-4.81,69.68,3600.0,196.54,196.54,196.54,196.54,196.54,646.0,646.0,646.0,646.0,646.0,67.0,126.19,20.8,13.6,0.0396,0.3927,29.24,1010.0
1056.0,0.6,10000.0,-4.81,69.68,3600.0,196.54,196.54,196.54,196.54,196.54,646.0,646.0,646.0,646.0,646.0,67.0,126.19,20.8,13.6,0.0396,0.3927,29.24,1010.0
1057.0,0.6,10000.0,-4.81,69.68,3600.0,196.54,196.54,196.54,196.54,196.54,646.0,646.0,646.0,646.0,646.0,67.0,126.19,20.8,13.6,0.0396,0.3927,29.24,1010.0
1058.0,0.6,10000.0,-4.81,69.68,3600.0,196.55,196.55,196.55,196.55,196.55,646.0,646.0,646.0,646.0,646.0,67.0,126.19,20.8,13.6,0.0396,0.3927,29.24,1010.0
1059.0,0.6,10000.0,-4.81,69.68,3600.0,196.55,196.55,196.55,196.55,196.55,646.0,646.0,646.0,646.0,646.0,67.0,126.19,20.8,13.6,0.0396,0.3927,29.24,1000.0
1060.0,0.6,10000.0,-4.81,69.68,3600.0,196.55,196.55,196.55,196.55,196.55,646.0,646.0,646.0,646.0,646.0,67.0,126.19,20.8,13.6,0.0396,0.3927,29.24,1000.0
1061.0,0.6,10000.0,-4.81,69.68,3600.0,196.55,196.55,196.55,196.55,196.55,646.0,646.0,646.0,646.0,646.0,67.0,126.19,20.8,13.6,0.0396,0.3927,29.24,1000.0
1062.0,0.6,10000.0,-4.81,69.68,3600.0,196.55,196.55,196.55,196.55,196.55,646.0,646.0,646.0,646.0,646.0,67.0,126.19,20.8,13.6,0.0396,0.3927,29.24,1000.0
1063.0,0.6,10000.0,-4.81,69.68,3600.0,196.55,196.55,196.55,196.55,196.55,646.0,646.0,646.0,646.0,646.0,67.0,126.19,20.8,13.6,0.0396,0.3927,29.24,1000.0
1064.0,0.6,10000.0,-4.81,69.68,3600.0,196.56,196.56,196.56,196.56,196.56,646.0,646.0,646.0,646.0,646.0,67.0,126.19,20.8,13.6,0.0396,0.3927,29.24,1000.0
1065.0,0.6,10000.0,-4.81,69.68,3600.0,196.56,196.56,196.56,196.56,196.56,646.0,646.0,646.0,646.0,646.0,67.0,126.19,20.8,13.6,0.0396,0.3927,29.24,1000.0
1066.0,0.6,10000.0,-4.81,69.68,3600.0,196.56,196.56,196.56,196.56,196.56,646.0,646.0,646.0,646.0,646.0,67.0,126.19,20.8,13.6,0.0396,0.3927,29.24,1000.0
1067.0,0.6,10000.0,-4.81,69.68,3600.0,196.56,196.56,196.56,196.56,196.56,646.0,646.0,646.0,646.0,646.0,67.0,126.19,20.8,13.6,0.0396,0.3927,29.24,1000.0
1068.0,0.6,10000.0,-4.81,69.68,3600.0,196.56,196.56,196.56,196.56,196.56,646.0,646.0,646.0,646.0,646.0,67.0,126.19,20.8,13.6,0.0396,0.3927,29.24,1000.0
1069.0,0.6,10000.0,-4.81,69.68,3600.0,196.56,196.56,196.56,196.56,196.56,646.0,646.0,646.0,646.0,646.0,67.0,126.19,20.8,13.6,0.0396,0.3927,29.24,990.0
1070.0,0.6,10000.0,-4.81,69.68,3600.0,196.56,196.56,196.56,196.56,196.56,646.0,646.0,646.0,646.0,646.0,67.0,126.19,20.8,13.6,0.0396,0.3927,29.24,990.0
1071.0,0.6,10000.0,-4.81,69.68,3600.0,196.56,196.56,196.56,196.56,196.56,646.0,646.0,646.0,646.0,646.0,67.0,126.19,20.8,13.6,0.0396,0.3927,29.24,990.0
1072.0,0.6,10000.0,-4.81,69.68,3600.0,196.57,196.57,196.57,196.57,196.57,646.0,646.0,646.0,646.0,646.0,67.0,126.19,20.8,13.6,0.0396,0.3927,29.24,990.0
1073.0,0.6,10000.0,-4.81,69.68,3600.0,196.57,196.57,196.57,196.57,196.57,646.0,646.0,646.0,646.0,646.0,67.0,126.19,20.8,13.6,0.0396,0.3927,29.24,990.0
1074.0,0.6,10000.0,-4.81,69.68,3600.0,196.57,196.57,196.57,196.57,196.57,646.0,646.0,646.0,646.0,646.0,67.0,126.19,20.8,13.6,0.0396,0.3927,29.24,990.0
1075.0,0.6,10000.0,-4.81,69.68,3600.0,196.57,196.57,196.57,196.57,196.57,646.0,646.0,646.0,646.0,646.0,67.0,126.19,20.8,13.6,0.0396,0.3927,29.24,990.0
1076.0,0.6,10000.0,-4.81,69.68,3600.0,196.57,196.57,196.57,196.57,196.57,646.0,646.0,646.0,646.0,646.0,67.0,126.19,20.8,13.6,0.0396,0.3927,29.24,990.0
1077.0,0.6,10000.0,-4.81,69.68,3600.0,196.57,196.57,196.57,196.57,196.57,646.0,646.0,646.0,646.0,646.0,67.0,126.19,20.8,13.6,0.0396,0.3927,29.24,990.0
1078.0,0.6,10000.0,-4.81,69.68,3600.0,196.57,196.57,196.57,196.57,196.57,646.0,646.0,646.0,646.0,646.0,67.0,126.2,20.8,13.6,0.0396,0.3927,29.24,990.0
1079.0,0.6,10000.0,-4.81,69.68,3600.0,196.57,196.57,196.57,196.57,196.57,646.0,646.0,646.0,646.0,646.0,67.0,126.2,20.8,13.6,0.0396,0.3927,29.24,980.0
1080.0,0.6,10000.0,-4.81,69.68,3600.0,196.57,196.57,196.57,196.57,196.57,646.0,646.0,646.0,646.0,646.0,67.0,126.2,20.8,13.6,0.0396,0.3927,29.24,980.0
1081.0,0.6,10000.0,-4.81,69.68,3600.0,196.57,196.57,196.57,196.57,196.57,646.0,646.0,646.0,646.0,646.0,67.0,126.2,20.8,13.6,0.0396,0.3927,29.24,980.0
1082.0,0.6,10000.0,-4.81,69.68,3600.0,196.57,196.57,196.57,196.57,196.57,646.0,646.0,646.0,646.0,646.0,67.0,126.2,20.8,13.6,0.0396,0.3927,29.24,980.0
1083.0,0.6,10000.0,-4.81,69.68,3600.0,196.58,196.58,196.58,196.58,196.58,646.0,646.0,646.0,646.0,646.0,67.0,126.2,20.8,13.6,0.0396,0.3927,29.24,980.0
1084.0,0.6,10000.0,-4.81,69.68,3600.0,196.58,196.58,196.58,196.58,196.58,646.0,646.0,646.0,646.0,646.0,67.0,126.2,20.8,13.6,0.0396,0.3927,29.24,980.0
1085.0,0.6,10000.0,-4.81,69.68,3600.0,196.58,196.58,196.58,196.58,196.58,646.0,646.0,646.0,646.0,646.0,67.0,126.2,20.8,13.6,0.0396,0.3927,29.24,980.0
1086.0,0.6,10000.0,-4.81,69.68,3600.0,196.58,196.58,196.58,196.58,196.58,646.0,646.0,646.0,646.0,646.0,67.0,126.2,20.8,13.6,0.0396,0.3927,29.24,980.0
1087.0,0.6,10000.0,-4.81,69.68,3600.0,196.58,196.58,196.58,196.58,196.58,646.0,646.0,646.0,646.0,646.0,67.0,126.2,20.8,13.6,0.0396,0.3927,29.24,980.0
1088.0,0.6,10000.0,-4.81,69.68,3600.0,196.58,196.58,196.58,196.58,196.58,646.0,646.0,646.0,646.0,646.0,67.0,126.2,20.8,13.6,0.0396,0.3927,29.24,980.0
1089.0,0.6,10000.0,-4.81,69.68,3600.0,196.58,196.58,196.58,196.58,196.58,646.0,646.0,646.0,646.0,646.0,67.0,126.2,20.8,13.6,0.0396,0.3927,29.24,970.0
1090.0,0.6,10000.0,-4.81,69.68,3600.0,196.58,196.58,196.58,196.58,196.58,646.0,646.0,646.0,646.0,646.0,67.0,126.2,20.8,13.6,0.0396,0.3927,29.24,970.0
1091.0,0.6,10000.0,-4.81,69.68,3600.0,196.58,196.58,196.58,196.58,196.58,646.0,646.0,646.0,646.0,646.0,67.0,126.2,20.8,13.6,0.0396,0.3927,29.24,970.0
1092.0,0.6,10000.0,-4.81,69.68,3600.0,196.58,196.58,196.58,196.58,196.58,646.0,646.0,646.0,646.0,646.0,67.0,126.2,20.8,13.6,0.0396,0.3927,29.24,970.0
1093.0,0.6,10000.0,-4.81,69.68,3600.0,196.58,196.58,196.58,196.58,196.58,646.0,646.0,646.0,646.0,646.0,67.0,126.2,20.8,13.6,0.0396,0.3927,29.24,970.0
1094.0,0.6,10000.0,-4.81,69.68,3600.0,196.58,196.58,196.58,196.58,196.58,646.0,646.0,646.0,646.0,646.0,67.0,126.2,20.8,13.6,0.0396,0.3927,29.24,970.0
1095.0,0.6,10000.0,-4.81,69.68,3600.0,196.58,196.58,196.58,196.58,196.58,646.0,646.0,646.0,646.0,646.0,67.0,126.2,20.8,13.6,0.0396,0.3927,29.24,970.0
1096.0,0.6,10000.0,-4.81,69.68,3600.0,196.58,196.58,196.58,196.58,196.58,646.0,646.0,646.0,646.0,646.0,67.0,126.2,20.8,13.6,0.0396,0.3927,29.24,970.0
1097.0,0.6,10000.0,-4.81,69.68,3600.0,196.58,196.58,196.58,196.58,196.58,646.0,646.0,646.0,646.0,646.0,67.0,126.2,20.8,13.6,0.0396,0.3927,29.24,970.0
1098.0,0.6,10000.0,-4.81,69.68,3600.0,196.58,196.58,196.58,196.58,196.58,646.0,646.0,646.0,646.0,646.0,67.0,126.2,20.8,13.6,0.0396,0.3927,29.24,970.0
1099.0,0.6,10000.0,-4.81,69.68,3600.0,196.59,196.59,196.59,196.59,196.59,646.0,646.0,646.0,646.0,646.0,67.0,126.2,20.8,13.6,0.0396,0.3927,29.24,960.0
1100.0,0.6,10000.0,-4.81,69.68,3600.0,196.59,196.59,196.59,196.59,196.59,646.0,646.0,646.0,646.0,646.0,67.0,126.2,20.8,13.6,0.0396,0.3927,29.24,960.0
1101.0,0.6,10000.0,-4.81,69.68,3600.0,196.59,196.59,196.59,196.59,196.59,646.0,646.0,646.0,646.0,646.0,67.0,126.2,20.8,13.6,0.0396,0.3927,29.24,960.0
1102.0,0.6,10000.0,-4.81,69.68,3600.0,196.59,196.59,196.59,196.59,196.59,646.0,646.0,646.0,646.0,646.0,67.0,126.2,20.8,13.6,0.0396,0.3927,29.24,960.0
1103.0,0.6,10000.0,-4.81,69.68,3600.0,196.59,196.59,196.59,196.59,196.59,646.0,646.0,646.0,646.0,646.0,67.0,126.2,20.8,13.6,0.0396,0.3927,29.24,960.0
1104.0,0.6,10000.0,-4.81,69.68,3600.0,196.59,196.59,196.59,196.59,196.59,646.0,646.0,646.0,646.0,646.0,67.0,126.2,20.8,13.6,0.0396,0.3927,29.24,960.0
1105.0,0.6,10000.0,-4.81,69.68,3600.0,196.59,196.59,196.59,196.59,196.59,646.0,646.0,646.0,646.0,646.0,67.0,126.2,20.8,13.6,0.0396,0.3927,29.24,960.0
1106.0,0.6,10000.0,-4.81,69.68,3600.0,196.59,196.59,196.59,196.59,196.59,646.0,646.0,646.0,646.0,646.0,67.0,126.2,20.8,13.6,0.0396,0.3927,29.24,960.0
1107.0,0.6,10000.0,-4.81,69.68,3600.0,196.59,196.59,196.59,196.59,196.59,646.0,646.0,646.0,646.0,646.0,67.0,126.2,20.8,13.6,0.0396,0.3927,29.24,960.0
1108.0,0.6,10000.0,-4.81,69.68,3600.0,196.59,196.59,196.59,196.59,196.59,646.0,646.0,646.0,646.0,646.0,67.0,126.2,20.8,13.6,0.0396,0.3927,29.24,960.0
1109.0,0.6,10000.0,-4.81,69.68,3600.0,196.59,196.59,196.59,196.59,196.59,646.0,646.0,646.0,646.0,646.0,67.0,126.2,20.8,13.6,0.0396,0.3927,29.24,950.0
1110.0,0.6,10000.0,-4.81,69.68,3600.0,196.59,196.59,196.59,196.59,196.59,646.0,646.0,646.0,646.0,646.0,67.0,126.2,20.8,13.6,0.0396,0.3927,29.24,950.0
1111.0,0.6,10000.0,-4.81,69.68,3600.0,196.59,196.59,196.59,196.59,196.59,646.0,646.0,646.0,646.0,646.0,67.0,126.2,20.8,13.6,0.0396,0.3927,29.24,950.0
1112.0,0.6,10000.0,-4.81,69.68,3600.0,196.59,196.59,196.59,196.59,196.59,646.0,646.0,646.0,646.0,646.0,67.0,126.2,20.8,13.6,0.0396,0.3927,29.24,950.0
1113.0,0.6,10000.0,-4.81,69.68,3600.0,196.59,196.59,196.59,196.59,196.59,646.0,646.0,646.0,646.0,646.0,67.0,126.2,20.8,13.6,0.0396,0.3927,29.24,950.0
1114.0,0.6,10000.0,-4.81,69.68,3600.0,196.59,196.59,196.59,196.59,196.59,646.0,646.0,646.0,646.0,646.0,67.0,126.2,20.8,13.6,0.0396,0.3927,29.24,950.0
1115.0,0.6,10000.0,-4.81,69.68,3600.0,196.59,196.59,196.59,196.59,196.59,646.0,646.0,646.0,646.0,646.0,67.0,126.2,20.8,13.6,0.0396,0.3927,29.24,950.0
1116.0,0.6,10000.0,-4.81,69.68,3600.0,196.59,196.59,196.59,196.59,196.59,646.0,646.0,646.0,646.0,646.0,67.0,126.2,20.8,13.6,0.0396,0.3927,29.24,950.0
1117.0,0.6,10000.0,-4.81,69.68,3600.0,196.59,196.59,196.59,196.59,196.59,646.0,646.0,646.0,646.0,646.0,67.0,126.2,20.8,13.6,0.0396,0.3927,29.24,950.0
1118.0,0.6,10000.0,-4.81,69.68,3600.0,196.59,196.59,196.59,196.59,196.59,646.0,646.0,646.0,646.0,646.0,67.0,126.2,20.8,13.6,0.0396,0.3927,29.24,950.0
1119.0,0.6,10000.0,-4.81,69.68,3600.0,196.59,196.59,196.59,196.59,196.59,646.0,646.0,646.0,646.0,646.0,67.0,126.2,20.8,13.6,0.0396,0.3927,29.24,940.0
1120.0,0.6,10000.0,-4.81,69.68,3600.0,196.59,196.59,196.59,196.59,196.59,646.0,646.0,646.0,646.0,646.0,67.0,126.2,20.8,13.6,0.0396,0.3927,29.24,940.0
1121.0,0.6,10000.0,-4.81,69.68,3600.0,196.59,196.59,196.59,196.59,196.59,646.0,646.0,646.0,646.0,646.0,67.0,126.2,20.8,13.6,0.0396,0.3927,29.24,940.0
1122.0,0.6,10000.0,-4.81,69.68,3600.0,196.59,196.59,196.59,196.59,196.59,646.0,646.0,646.0,646.0,646.0,67.0,126.2,20.8,13.6,0.0396,0.3927,29.24,940.0
1123.0,0.6,10000.0,-4.81,69.68,3600.0,196.59,196.59,196.59,196.59,196.59,646.0,646.0,646.0,646.0,646.0,67.0,126.2,20.8,13.6,0.0396,0.3927,29.24,940.0
1124.0,0.6,10000.0,-4.81,69.68,3600.0,196.59,196.59,196.59,196.59,196.59,646.0,646.0,646.0,646.0,646.0,67.0,126.2,20.8,13.6,0.0396,0.3927,29.24,940.0
1125.0,0.6,10000.0,-4.81,69.68,3600.0,196.59,196.59,196.59,196.59,196.59,646.0,646.0,646.0,646.0,646.0,67.0,126.2,20.8,13.6,0.0396,0.3927,29.24,940.0
1126.0,0.6,10000.0,-4.81,69.68,3600.0,196.59,196.59,196.59,196.59,196.59,646.0,646.0,646.0,646.0,646.0,67.0,126.2,20.8,13.6,0.0396,0.3927,29.24,940.0
1127.0,0.6,10000.0,-4.81,69.68,3600.0,196.59,196.59,196.59,196.59,196.59,646.0,646.0,646.0,646.0,646.0,67.0,126.2,20.8,13.6,0.0396,0.3927,29.24,940.0
1128.0,0.6,10000.0,-4.81,69.68,3600.0,196.59,196.59,196.59,196.59,196.59,646.0,646.0,646.0,646.0,646.0,67.0,126.2,20.8,13.6,0.0396,0.3927,29.24,940.0
1129.0,0.6,10000.0,-4.81,69.68,3600.0,196.59,196.59,196.59,196.59,196.59,646.0,646.0,646.0,646.0,646.0,67.0,126.2,20.8,13.6,0.0396,0.3927,29.24,930.0
1130.0,0.6,10000.0,-4.81,69.68,3600.0,196.59,196.59,196.59,196.59,196.59,646.0,646.0,646.0,646.0,646.0,67.0,126.2,20.8,13.6,0.0396,0.3927,29.24,930.0
1131.0,0.6,10000.0,-4.81,69.68,3600.0,196.59,196.59,196.59,196.59,196.59,646.0,646.0,646.0,646.0,646.0,67.0,126.2,20.8,13.6,0.0396,0.3927,29.24,930.0
1132.0,0.6,10000.0,-4.81,69.68,3600.0,196.59,196.59,196.59,196.59,196.59,646.0,646.0,646.0,646.0,646.0,67.0,126.2,20.8,13.6,0.0396,0.3927,29.24,930.0
1133.0,0.6,10000.0,-4.81,69.68,3600.0,196.6,196.6,196.6,196.6,196.6,646.0,646.0,646.0,646.0,646.0,67.0,126.2,20.8,13.6,0.0396,0.3927,29.24,930.0
1134.0,0.6,10000.0,-4.81,69.68,3600.0,196.6,196.6,196.6,196.6,196.6,646.0,646.0,646.0,646.0,646.0,67.0,126.2,20.8,13.6,0.0396,0.3927,29.24,930.0
1135.0,0.6,10000.0,-4.81,69.68,3600.0,196.6,196.6,196.6,196.6,196.6,646.0,646.0,646.0,646.0,646.0,67.0,126.2,20.8,13.6,0.0396,0.3927,29.24,930.0
1136.0,0.6,10000.0,-4.81,69.68,3600.0,196.6,196.6,196.6,196.6,196.6,646.0,646.0,646.0,646.0,646.0,67.0,126.2,20.8,13.6,0.0396,0.3927,29.24,930.0
1137.0,0.6,10000.0,-4.81,69.68,3600.0,196.6,196.6,196.6,196.6,196.6,646.0,646.0,646.0,646.0,646.0,67.0,126.2,20.8,13.6,0.0396,0.3927,29.24,930.0
1138.0,0.6,10000.0,-4.81,69.68,3600.0,196.6,196.6,196.6,196.6,196.6,646.0,646.0,646.0,646.0,646.0,67.0,126.2,20.8,13.6,0.0396,0.3927,29.24,930.0
1139.0,0.6,10000.0,-4.81,69.68,3600.0,196.6,196.6,196.6,196.6,196.6,646.0,646.0,646.0,646.0,646.0,67.0,126.2,20.8,13.6,0.0396,0.3927,29.24,920.0
1140.0,0.6,10000.0,-4.81,69.68,3600.0,196.6,196.6,196.6,196.6,196.6,646.0,646.0,646.0,646.0,646.0,67.0,126.2,20.8,13.6,0.0396,0.3927,29.24,920.0
1141.0,0.6,10000.0,-4.81,69.68,3600.0,196.6,196.6,196.6,196.6,196.6,646.0,646.0,646.0,646.0,646.0,67.0,126.2,20.8,13.6,0.0396,0.3927,29.24,920.0
1142.0,0.6,10000.0,-4.81,69.68,3600.0,196.6,196.6,196.6,196.6,196.6,646.0,646.0,646.0,646.0,646.0,67.0,126.2,20.8,13.6,0.0396,0.3927,29.24,920.0
1143.0,0.6,10000.0,-4.81,69.68,3600.0,196.6,196.6,196.6,196.6,196.6,646.0,646.0,646.0,646.0,646.0,67.0,126.2,20.8,13.6,0.0396,0.3927,29.24,920.0
1144.0,0.6,10000.0,-4.81,69.68,3600.0,196.6,196.6,196.6,196.6,196.6,646.0,646.0,646.0,646.0,646.0,67.0,126.2,20.8,13.6,0.0396,0.3927,29.24,920.0
1145.0,0.6,10000.0,-4.81,69.68,3600.0,196.6,196.6,196.6,196.6,196.6,646.0,646.0,646.0,646.0,646.0,67.0,126.2,20.8,13.6,0.0396,0.3927,29.24,920.0
1146.0,0.6,10000.0,-4.81,69.68,3600.0,196.6,196.6,196.6,196.6,196.6,646.0,646.0,646.0,646.0,646.0,67.0,126.2,20.8,13.6,0.0396,0.3927,29.24,920.0
1147.0,0.6,10000.0,-4.81,69.68,3600.0,196.6,196.6,196.6,196.6,196.6,646.0,646.0,646.0,646.0,646.0,67.0,126.2,20.8,13.6,0.0396,0.3927,29.24,920.0
1148.0,0.6,10000.0,-4.81,69.68,3600.0,196.6,196.6,196.6,196.6,196.6,646.0,646.0,646.0,646.0,646.0,67.0,126.2,20.8,13.6,0.0396,0.3927,29.24,920.0
1149.0,0.6,10000.0,-4.81,69.68,3600.0,196.6,196.6,196.6,196.6,196.6,646.0,646.0,646.0,646.0,646.0,67.0,126.2,20.8,13.6,0.0396,0.3927,29.24,910.0
1150.0,0.6,10000.0,-4.81,69.68,3600.0,196.6,196.6,196.6,196.6,196.6,646.0,646.0,646.0,646.0,646.0,67.0,126.2,20.8,13.6,0.0396,0.3927,29.24,910.0
1151.0,0.6,10000.0,-4.81,69.68,3600.0,196.6,196.6,196.6,196.6,196.6,646.0,646.0,646.0,646.0,646.0,67.0,126.2,20.8,13.6,0.0396,0.3927,29.24,910.0
1152.0,0.6,10000.0,-4.81,69.68,3600.0,196.6,196.6,196.6,196.6,196.6,646.0,646.0,646.0,646.0,646.0,67.0,126.2,20.8,13.6,0.0396,0.3927,29.24,910.0
1153.0,0.6,10000.0,-4.81,69.68,3600.0,196.6,196.6,196.6,196.6,196.6,646.0,646.0,646.0,646.0,646.0,67.0,126.2,20.8,13.6,0.0396,0.3927,29.24,910.0
1154.0,0.6,10000.0,-4.81,69.68,3600.0,196.6,196.6,196.6,196.6,196.6,646.0,646.0,646.0,646.0,646.0,67.0,126.2,20.8,13.6,0.0396,0.3927,29.24,910.0
1155.0,0.6,10000.0,-4.81,69.68,3600.0,196.6,196.6,196.6,196.6,196.6,646.0,646.0,646.0,646.0,646.0,67.0,126.2,20.8,13.6,0.0396,0.3927,29.24,910.0
1156.0,0.6,10000.0,-4.81,69.68,3600.0,196.6,196.6,196.6,196.6,196.6,646.0,646.0,646.0,646.0,646.0,67.0,126.2,20.8,13.6,0.0396,0.3927,29.24,910.0
1157.0,0.6,10000.0,-4.81,69.68,3600.0,196.6,196.6,196.6,196.6,196.6,646.0,646.0,646.0,646.0,646.0,67.0,126.2,20.8,13.6,0.0396,0.3927,29.24,910.0
1158.0,0.6,10000.0,-4.81,69.68,3600.0,196.6,196.6,196.6,196.6,196.6,646.0,646.0,646.0,646.0,646.0,67.0,126.2,20.8,13.6,0.0396,0.3927,29.24,910.0
1159.0,0.6,10000.0,-4.81,69.68,3600.0,196.6,196.6,196.6,196.6,196.6,646.0,646.0,646.0,646.0,646.0,67.0,126.2,20.8,13.6,0.0396,0.3927,29.24,900.0
1160.0,0.6,10000.0,-4.81,69.68,3600.0,196.6,196.6,196.6,196.6,196.6,646.0,646.0,646.0,646.0,646.0,67.0,126.2,20.8,13.6,0.0396,0.3927,29.24,900.0
1161.0,0.6,10000.0,-4.81,69.68,3600.0,196.6,196.6,196.6,196.6,196.6,646.0,646.0,646.0,646.0,646.0,67.0,126.2,20.8,13.6,0.0396,0.3927,29.24,900.0
1162.0,0.6,10000.0,-4.81,69.68,3600.0,196.6,196.6,196.6,196.6,196.6,646.0,646.0,646.0,646.0,646.0,67.0,126.2,20.8,13.6,0.0396,0.3927,29.24,900.0
1163.0,0.6,10000.0,-4.81,69.68,3600.0,196.6,196.6,196.6,196.6,196.6,646.0,646.0,646.0,646.0,646.0,67.0,126.2,20.8,13.6,0.0396,0.3927,29.24,900.0
1164.0,0.6,10000.0,-4.81,69.68,3600.0,196.6,196.6,196.6,196.6,196.6,646.0,646.0,646.0,646.0,646.0,67.0,126.2,20.8,13.6,0.0396,0.3927,29.24,900.0
1165.0,0.6,10000.0,-4.81,69.68,3600.0,196.6,196.6,196.6,196.6,196.6,646.0,646.0,646.0,646.0,646.0,67.0,126.2,20.8,13.6,0.0396,0.3927,29.24,900.0
1166.0,0.6,10000.0,-4.81,69.68,3600.0,196.6,196.6,196.6,196.6,196.6,646.0,646.0,646.0,646.0,646.0,67.0,126.2,20.8,13.6,0.0396,0.3927,29.24,900.0
1167.0,0.6,10000.0,-4.81,69.68,3600.0,196.6,196.6,196.6,196.6,196.6,646.0,646.0,646.0,646.0,646.0,67.0,126.2,20.8,13.6,0.0396,0.3927,29.24,900.0
1168.0,0.6,10000.0,-4.81,69.68,3600.0,196.6,196.6,196.6,196.6,196.6,646.0,646.0,646.0,646.0,646.0,67.0,126.2,20.8,13.6,0.0396,0.3927,29.24,900.0
1169.0,0.6,10000.0,-4.81,69.68,3600.0,196.6,196.6,196.6,196.6,196.6,646.0,646.0,646.0,646.0,646.0,67.0,126.2,20.8,13.6,0.0396,0.3927,29.24,890.0
1170.0,0.6,10000.0,-4.81,69.68,3600.0,196.6,196.6,196.6,196.6,196.6,646.0,646.0,646.0,646.0,646.0,67.0,126.2,20.8,13.6,0.0396,0.3927,29.24,890.0
1171.0,0.6,10000.0,-4.81,69.68,3600.0,196.6,196.6,196.6,196.6,196.6,646.0,646.0,646.0,646.0,646.0,67.0,126.2,20.8,13.6,0.0396,0.3927,29.24,890.0
1172.0,0.6,10000.0,-4.81,69.68,3600.0,196.6,196.6,196.6,196.6,196.6,646.0,646.0,646.0,646.0,646.0,67.0,126.2,20.8,13.6,0.0396,0.3927,29.24,890.0
1173.0,0.6,10000.0,-4.81,69.68,3600.0,196.6,196.6,196.6,196.6,196.6,646.0,646.0,646.0,646.0,646.0,67.0,126.2,20.8,13.6,0.0396,0.3927,29.24,890.0
1174.0,0.6,10000.0,-4.81,69.68,3600.0,196.6,196.6,196.6,196.6,196.6,646.0,646.0,646.0,646.0,646.0,67.0,126.2,20.8,13.6,0.0396,0.3927,29.24,890.0
1175.0,0.6,10000.0,-4.81,69.68,3600.0,196.6,196.6,196.6,196.6,196.6,646.0,646.0,646.0,646.0,646.0,67.0,126.2,20.8,13.6,0.0396,0.3927,29.24,890.0
1176.0,0.6,10000.0,-4.81,69.68,3600.0,196.6,196.6,196.6,196.6,196.6,646.0,646.0,646.0,646.0,646.0,67.0,126.2,20.8,13.6,0.0396,0.3927,29.24,890.0
1177.0,0.6,10000.0,-4.81,69.68,3600.0,196.6,196.6,196.6,196.6,196.6,646.0,646.0,646.0,646.0,646.0,67.0,126.2,20.8,13.6,0.0396,0.3927,29.24,890.0
1178.0,0.6,10000.0,-4.81,69.68,3600.0,196.6,196.6,196.6,196.6,196.6,646.0,646.0,646.0,646.0,646.0,67.0,126.2,20.8,13.6,0.0396,0.3927,29.24,890.0
1179.0,0.6,10000.0,-4.81,69.68,3600.0,196.6,196.6,196.6,196.6,196.6,646.0,646.0,646.0,646.0,646.0,67.0,126.2,20.8,13.6,0.0396,0.3927,29.24,880.0
1180.0,0.6,10000.0,-4.81,69.68,3600.0,196.6,196.6,196.6,196.6,196.6,646.0,646.0,646.0,646.0,646.0,67.0,126.2,20.8,13.6,0.0396,0.3927,29.24,880.0
1181.0,0.6,10000.0,-4.81,69.68,3600.0,196.6,196.6,196.6,196.6,196.6,646.0,646.0,646.0,646.0,646.0,67.0,126.2,20.8,13.6,0.0396,0.3927,29.24,880.0
1182.0,0.6,10000.0,-4.81,69.68,3600.0,196.6,196.6,196.6,196.6,196.6,646.0,646.0,646.0,646.0,646.0,67.0,126.2,20.8,13.6,0.0396,0.3927,29.24,880.0
1183.0,0.6,10000.0,-4.81,69.68,3600.0,196.6,196.6,196.6,196.6,196.6,646.0,646.0,646.0,646.0,646.0,67.0,126.2,20.8,13.6,0.0396,0.3927,29.24,880.0
1184.0,0.6,10000.0,-4.81,69.68,3600.0,196.6,196.6,196.6,196.6,196.6,646.0,646.0,646.0,646.0,646.0,67.0,126.2,20.8,13.6,0.0396,0.3927,29.24,880.0
1185.0,0.6,10000.0,-4.81,69.68,3600.0,196.6,196.6,196.6,196.6,196.6,646.0,646.0,646.0,646.0,646.0,67.0,126.2,20.8,13.6,0.0396,0.3927,29.24,880.0
1186.0,0.6,10000.0,-4.81,69.68,3600.0,196.6,196.6,196.6,196.6,196.6,646.0,646.0,646.0,646.0,646.0,67.0,126.2,20.8,13.6,0.0396,0.3927,29.24,880.0
1187.0,0.6,10000.0,-4.81,69.68,3600.0,196.6,196.6,196.6,196.6,196.6,646.0,646.0,646.0,646.0,646.0,67.0,126.2,20.8,13.6,0.0396,0.3927,29.24,880.0
1188.0,0.6,10000.0,-4.81,69.68,3600.0,196.6,196.6,196.6,196.6,196.6,646.0,646.0,646.0,646.0,646.0,67.0,126.2,20.8,13.6,0.0396,0.3927,29.24,880.0
1189.0,0.6,10000.0,-4.81,69.68,3600.0,196.6,196.6,196.6,196.6,196.6,646.0,646.0,646.0,646.0,646.0,67.0,126.2,20.8,13.6,0.0396,0.3927,29.24,870.0
1190.0,0.6,10000.0,-4.81,69.68,3600.0,196.6,196.6,196.6,196.6,196.6,646.0,646.0,646.0,646.0,646.0,67.0,126.2,20.8,13.6,0.0396,0.3927,29.24,870.0
1191.0,0.6,10000.0,-4.81,69.68,3600.0,196.6,196.6,196.6,196.6,196.6,646.0,646.0,646.0,646.0,646.0,67.0,126.2,20.8,13.6,0.0396,0.3927,29.24,870.0
1192.0,0.6,10000.0,-4.81,69.68,3600.0,196.6,196.6,196.6,196.6,196.6,646.0,646.0,646.0,646.0,646.0,67.0,126.2,20.8,13.6,0.0396,0.3927,29.24,870.0
1193.0,0.6,10000.0,-4.81,69.68,3600.0,196.6,196.6,196.6,196.6,196.6,646.0,646.0,646.0,646.0,646.0,67.0,126.2,20.8,13.6,0.0396,0.3927,29.24,870.0
1194.0,0.6,10000.0,-4.81,69.68,3600.0,196.6,196.6,196.6,196.6,196.6,646.0,646.0,646.0,646.0,646.0,67.0,126.2,20.8,13.6,0.0396,0.3927,29.24,870.0
1195.0,0.6,10000.0,-4.81,69.68,3600.0,196.6,196.6,196.6,196.6,196.6,646.0,646.0,646.0,646.0,646.0,67.0,126.2,20.8,13.6,0.0396,0.3927,29.24,870.0
1196.0,0.6,10000.0,-4.81,69.68,3600.0,196.6,196.6,196.6,196.6,196.6,646.0,646.0,646.0,646.0,646.0,67.0,126.2,20.8,13.6,0.0396,0.3927,29.24,870.0
1197.0,0.6,10000.0,-4.81,69.68,3600.0,196.6,196.6,196.6,196.6,196.6,646.0,646.0,646.0,646.0,646.0,67.0,126.2,20.8,13.6,0.0396,0.3927,29.24,870.0
1198.0,0.6,10000.0,-4.81,69.68,3600.0,196.6,196.6,196.6,196.6,196.6,646.0,646.0,646.0,646.0,646.0,67.0,126.2,20.8,13.6,0.0396,0.3927,29.24,870.0
1199.0,0.6,10000.0,-4.81,69.68,3600.0,196.6,196.6,196.6,196.6,196.6,646.0,646.0,646.0,646.0,646.0,67.0,126.2,20.8,13.6,0.0396,0.3927,29.24,860.0
1200.0,0.6,10000.0,-4.81,69.68,3600.0,196.6,196.6,196.6,196.6,196.6,646.0,646.0,646.0,646.0,646.0,67.0,126.2,20.8,13.6,0.0396,0.3927,29.24,860.0
1201.0,0.6,10000.0,-4.81,69.68,3600.0,196.6,196.6,196.6,196.6,196.6,646.0,646.0,646.0,646.0,646.0,67.0,126.2,20.8,13.6,0.0396,0.3927,29.24,860.0
1202.0,0.6,10000.0,-4.81,69.68,3600.0,196.6,196.6,196.6,196.6,196.6,646.0,646.0,646.0,646.0,646.0,67.0,126.2,20.8,13.6,0.0396,0.3927,29.24,860.0
1203.0,0.6,10000.0,-4.81,69.68,3600.0,196.6,196.6,196.6,196.6,196.6,646.0,646.0,646.0,646.0,646.0,67.0,126.2,20.8,13.6,0.0396,0.3927,29.24,860.0
1204.0,0.6,10000.0,-4.81,69.68,3600.0,196.6,196.6,196.6,196.6,196.6,646.0,646.0,646.0,646.0,646.0,67.0,126.2,20.8,13.6,0.0396,0.3927,29.24,860.0
1205.0,0.6,10000.0,-4.81,69.68,3600.0,196.6,196.6,196.6,196.6,196.6,646.0,646.0,646.0,646.0,646.0,67.0,126.2,20.8,13.6,0.0396,0.3927,29.24,860.0
1206.0,0.6,10000.0,-4.81,69.68,3600.0,196.6,196.6,196.6,196.6,196.6,646.0,646.0,646.0,646.0,646.0,67.0,126.2,20.8,13.6,0.0396,0.3927,29.24,860.0
1207.0,0.6,10000.0,-4.81,69.68,3600.0,196.6,196.6,196.6,196.6,196.6,646.0,646.0,646.0,646.0,646.0,67.0,126.2,20.8,13.6,0.0396,0.3927,29.24,860.0
1208.0,0.6,10000.0,-4.81,69.68,3600.0,196.6,196.6,196.6,196.6,196.6,646.0,646.0,646.0,646.0,646.0,67.0,126.2,20.8,13.6,0.0396,0.3927,29.24,860.0
1209.0,0.6,10000.0,-4.81,69.68,3600.0,196.6,196.6,196.6,196.6,196.6,646.0,646.0,646.0,646.0,646.0,67.0,126.2,20.8,13.6,0.0396,0.3927,29.24,850.0
1210.0,0.6,10000.0,-4.81,69.68,3600.0,196.6,196.6,196.6,196.6,196.6,646.0,646.0,646.0,646.0,646.0,67.0,126.2,20.8,13.6,0.0396,0.3927,29.24,850.0
1211.0,0.6,10000.0,-4.81,69.68,3600.0,196.6,196.6,196.6,196.6,196.6,646.0,646.0,646.0,646.0,646.0,67.0,126.2,20.8,13.6,0.0396,0.3927,29.24,850.0
1212.0,0.6,10000.0,-4.81,69.68,3600.0,196.6,196.6,196.6,196.6,196.6,646.0,646.0,646.0,646.0,646.0,67.0,126.2,20.8,13.6,0.0396,0.3927,29.24,850.0
1213.0,0.6,10000.0,-4.81,69.68,3600.0,196.6,196.6,196.6,196.6,196.6,646.0,646.0,646.0,646.0,646.0,67.0,126.2,20.8,13.6,0.0396,0.3927,29.24,850.0
1214.0,0.6,10000.0,-4.81,69.68,3600.0,196.6,196.6,196.6,196.6,196.6,646.0,646.0,646.0,646.0,646.0,67.0,126.2,20.8,13.6,0.0396,0.3927,29.24,850.0
1215.0,0.6,10000.0,-4.81,69.68,3600.0,196.6,196.6,196.6,196.6,196.6,646.0,646.0,646.0,646.0,646.0,67.0,126.2,20.8,13.6,0.0396,0.3927,29.24,850.0
1216.0,0.6,10000.0,-4.81,69.68,3600.0,196.6,196.6,196.6,196.6,196.6,646.0,646.0,646.0,646.0,646.0,67.0,126.2,20.8,13.6,0.0396,0.3927,29.24,850.0
1217.0,0.6,10000.0,-4.81,69.68,3600.0,196.6,196.6,196.6,196.6,196.6,646.0,646.0,646.0,646.0,646.0,67.0,126.2,20.8,13.6,0.0396,0.3927,29.24,850.0
1218.0,0.6,10000.0,-4.81,69.68,3600.0,196.6,196.6,196.6,196.6,196.6,646.0,646.0,646.0,646.0,646.0,67.0,126.2,20.8,13.6,0.0396,0.3927,29.24,850.0
1219.0,0.6,10000.0,-4.81,69.68,3600.0,196.6,196.6,196.6,196.6,196.6,646.0,646.0,646.0,646.0,646.0,67.0,126.2,20.8,13.6,0.0396,0.3927,29.24,840.0
1220.0,0.6,10000.0,-4.81,69.68,3600.0,196.6,196.6,196.6,196.6,196.6,646.0,646.0,646.0,646.0,646.0,67.0,126.2,20.8,13.6,0.0396,0.3927,29.24,840.0
1221.0,0.6,10000.0,-4.81,69.68,3600.0,196.6,196.6,196.6,196.6,196.6,646.0,646.0,646.0,646.0,646.0,67.0,126.2,20.8,13.6,0.0396,0.3927,29.24,840.0
1222.0,0.6,10000.0,-4.81,69.68,3600.0,196.6,196.6,196.6,196.6,196.6,646.0,646.0,646.0,646.0,646.0,67.0,126.2,20.8,13.6,0.0396,0.3927,29.24,840.0
1223.0,0.6,10000.0,-4.81,69.68,3600.0,196.6,196.6,196.6,196.6,196.6,646.0,646.0,646.0,646.0,646.0,67.0,126.2,20.8,13.6,0.0396,0.3927,29.24,840.0
1224.0,0.6,10000.0,-4.81,69.68,3600.0,196.6,196.6,196.6,196.6,196.6,646.0,646.0,646.0,646.0,646.0,67.0,126.2,20.8,13.6,0.0396,0.3927,29.24,840.0
1225.0,0.6,10000.0,-4.81,69.68,3600.0,196.6,196.6,196.6,196.6,196.6,646.0,646.0,646.0,646.0,646.0,67.0,126.2,20.8,13.6,0.0396,0.3927,29.24,840.0
1226.0,0.6,10000.0,-4.81,69.68,3600.0,196.6,196.6,196.6,196.6,196.6,646.0,646.0,646.0,646.0,646.0,67.0,126.2,20.8,13.6,0.0396,0.3927,29.24,840.0
1227.0,0.6,10000.0,-4.81,69.68,3600.0,196.6,196.6,196.6,196.6,196.6,646.0,646.0,646.0,646.0,646.0,67.0,126.2,20.8,13.6,0.0396,0.3927,29.24,840.0
1228.0,0.6,10000.0,-4.81,69.68,3600.0,196.6,196.6,196.6,196.6,196.6,646.0,646.0,646.0,646.0,646.0,67.0,126.2,20.8,13.6,0.0396,0.3927,29.24,840.0
1229.0,0.6,10000.0,-4.81,69.68,3600.0,196.6,196.6,196.6,196.6,196.6,646.0,646.0,646.0,646.0,646.0,67.0,126.2,20.8,13.6,0.0396,0.3927,29.24,830.0
1230.0,0.6,10000.0,-4.81,69.68,3600.0,196.6,196.6,196.6,196.6,196.6,646.0,646.0,646.0,646.0,646.0,67.0,126.2,20.8,13.6,0.0396,0.3927,29.24,830.0
1231.0,0.6,10000.0,-4.81,69.68,3600.0,196.6,196.6,196.6,196.6,196.6,646.0,646.0,646.0,646.0,646.0,67.0,126.2,20.8,13.6,0.0396,0.3927,29.24,830.0
1232.0,0.6,10000.0,-4.81,69.68,3600.0,196.6,196.6,196.6,196.6,196.6,646.0,646.0,646.0,646.0,646.0,67.0,126.2,20.8,13.6,0.0396,0.3927,29.24,830.0
1233.0,0.6,10000.0,-4.81,69.68,3600.0,196.6,196.6,196.6,196.6,196.6,646.0,646.0,646.0,646.0,646.0,67.0,126.2,20.8,13.6,0.0396,0.3927,29.24,830.0
1234.0,0.6,10000.0,-4.81,69.68,3600.0,196.6,196.6,196.6,196.6,196.6,646.0,646.0,646.0,646.0,646.0,67.0,126.2,20.8,13.6,0.0396,0.3927,29.24,830.0
1235.0,0.6,10000.0,-4.81,69.68,3600.0,196.6,196.6,196.6,196.6,196.6,646.0,646.0,646.0,646.0,646.0,67.0,126.2,20.8,13.6,0.0396,0.3927,29.24,830.0
1236.0,0.6,10000.0,-4.81,69.68,3600.0,196.6,196.6,196.6,196.6,196.6,646.0,646.0,646.0,646.0,646.0,67.0,126.2,20.8,13.6,0.0396,0.3927,29.24,830.0
1237.0,0.6,10000.0,-4.81,69.68,3600.0,196.6,196.6,196.6,196.6,196.6,646.0,646.0,646.0,646.0,646.0,67.0,126.2,20.8,13.6,0.0396,0.3927,29.24,830.0
1238.0,0.6,10000.0,-4.81,69.68,3600.0,196.6,196.6,196.6,196.6,196.6,646.0,646.0,646.0,646.0,646.0,67.0,126.2,20.8,13.6,0.0396,0.3927,29.24,830.0
1239.0,0.6,10000.0,-4.81,69.68,3600.0,196.6,196.6,196.6,196.6,196.6,646.0,646.0,646.0,646.0,646.0,67.0,126.2,20.8,13.6,0.0396,0.3927,29.24,820.0
1240.0,0.6,10000.0,-4.81,69.68,3600.0,196.6,196.6,196.6,196.6,196.6,646.0,646.0,646.0,646.0,646.0,67.0,126.2,20.8,13.6,0.0396,0.3927,29.24,820.0
1241.0,0.6,10000.0,-4.81,69.68,3600.0,196.6,196.6,196.6,196.6,196.6,646.0,646.0,646.0,646.0,646.0,67.0,126.2,20.8,13.6,0.0396,0.3927,29.24,820.0
1242.0,0.6,10000.0,-4.81,69.68,3600.0,196.6,196.6,196.6,196.6,196.6,646.0,646.0,646.0,646.0,646.0,67.0,126.2,20.8,13.6,0.0396,0.3927,29.24,820.0
1243.0,0.6,10000.0,-4.81,69.68,3600.0,196.6,196.6,196.6,196.6,196.6,646.0,646.0,646.0,646.0,646.0,67.0,126.2,20.8,13.6,0.0396,0.3927,29.24,820.0
1244.0,0.6,10000.0,-4.81,69.68,3600.0,196.6,196.6,196.6,196.6,196.6,646.0,646.0,646.0,646.0,646.0,67.0,126.2,20.8,13.6,0.0396,0.3927,29.24,820.0
1245.0,0.6,10000.0,-4.81,69.68,3600.0,196.6,196.6,196.6,196.6,196.6,646.0,646.0,646.0,646.0,646.0,67.0,126.2,20.8,13.6,0.0396,0.3927,29.24,820.0
1246.0,0.6,10000.0,-4.81,69.68,3600.0,196.6,196.6,196.6,196.6,196.6,646.0,646.0,646.0,646.0,646.0,67.0,126.2,20.8,13.6,0.0396,0.3927,29.24,820.0
1247.0,0.6,10000.0,-4.81,69.68,3600.0,196.6,196.6,196.6,196.6,196.6,646.0,646.0,646.0,646.0,646.0,67.0,126.2,20.8,13.6,0.0396,0.3927,29.24,820.0
1248.0,0.6,10000.0,-4.81,69.68,3600.0,196.6,196.6,196.6,196.6,196.6,646.0,646.0,646.0,646.0,646.0,67.0,126.2,20.8,13.6,0.0396,0.3927,29.24,820.0
1249.0,0.6,10000.0,-4.81,69.68,3600.0,196.6,196.6,196.6,196.6,196.6,646.0,646.0,646.0,646.0,646.0,67.0,126.2,20.8,13.6,0.0396,0.3927,29.24,810.0
1250.0,0.6,10000.0,-4.81,69.68,3600.0,196.6,196.6,196.6,196.6,196.6,646.0,646.0,646.0,646.0,646.0,67.0,126.2,20.8,13.6,0.0396,0.3927,29.24,810.0
1251.0,0.6,10000.0,-4.81,69.68,3600.0,196.6,196.6,196.6,196.6,196.6,646.0,646.0,646.0,646.0,646.0,67.0,126.2,20.8,13.6,0.0396,0.3927,29.24,810.0
1252.0,0.6,10000.0,-4.81,69.68,3600.0,196.6,196.6,196.6,196.6,196.6,646.0,646.0,646.0,646.0,646.0,67.0,126.2,20.8,13.6,0.0396,0.3927,29.24,810.0
1253.0,0.6,10000.0,-4.81,69.68,3600.0,196.6,196.6,196.6,196.6,196.6,646.0,646.0,646.0,646.0,646.0,67.0,126.2,20.8,13.6,0.0396,0.3927,29.24,810.0
1254.0,0.6,10000.0,-4.81,69.68,3600.0,196.6,196.6,196.6,196.6,196.6,646.0,646.0,646.0,646.0,646.0,67.0,126.2,20.8,13.6,0.0396,0.3927,29.24,810.0
1255.0,0.6,10000.0,-4.81,69.68,3600.0,196.6,196.6,196.6,196.6,196.6,646.0,646.0,646.0,646.0,646.0,67.0,126.2,20.8,13.6,0.0396,0.3927,29.24,810.0
1256.0,0.6,10000.0,-4.81,69.68,3600.0,196.6,196.6,196.6,196.6,196.6,646.0,646.0,646.0,646.0,646.0,67.0,126.2,20.8,13.6,0.0396,0.3927,29.24,810.0
1257.0,0.6,10000.0,-4.81,69.68,3600.0,196.6,196.6,196.6,196.6,196.6,646.0,646.0,646.0,646.0,646.0,67.0,126.2,20.8,13.6,0.0396,0.3927,29.24,810.0
1258.0,0.6,10000.0,-4.81,69.68,3600.0,196.6,196.6,196.6,196.6,196.6,646.0,646.0,646.0,646.0,646.0,67.0,126.2,20.8,13.6,0.0396,0.3927,29.24,810.0
1259.0,0.6,10000.0,-4.81,69.68,3600.0,196.6,196.6,196.6,196.6,196.6,646.0,646.0,646.0,646.0,646.0,67.0,126.2,20.8,13.6,0.0396,0.3927,29.24,800.0
1260.0,0.6,10000.0,-4.81,69.68,3600.0,196.6,196.6,196.6,196.6,196.6,646.0,646.0,646.0,646.0,646.0,67.0,126.2,20.8,13.6,0.0396,0.3927,29.24,800.0
1261.0,0.6,10000.0,-4.81,69.68,3600.0,196.6,196.6,196.6,196.6,196.6,646.0,646.0,646.0,646.0,646.0,67.0,126.2,20.8,13.6,0.0396,0.3927,29.24,800.0
1262.0,0.6,10000.0,-4.81,69.68,3600.0,196.6,196.6,196.6,196.6,196.6,646.0,646.0,646.0,646.0,646.0,67.0,126.2,20.8,13.6,0.0396,0.3927,29.24,800.0
1263.0,0.6,10000.0,-4.81,69.68,3600.0,196.6,196.6,196.6,196.6,196.6,646.0,646.0,646.0,646.0,646.0,67.0,126.2,20.8,13.6,0.0396,0.3927,29.24,800.0
1264.0,0.6,10000.0,-4.81,69.68,3600.0,196.6,196.6,196.6,196.6,196.6,646.0,646.0,646.0,646.0,646.0,67.0,126.2,20.8,13.6,0.0396,0.3927,29.24,800.0
1265.0,0.6,10000.0,-4.81,69.68,3600.0,196.6,196.6,196.6,196.6,196.6,646.0,646.0,646.0,646.0,646.0,67.0,126.2,20.8,13.6,0.0396,0.3927,29.24,800.0
1266.0,0.6,10000.0,-4.81,69.68,3600.0,196.6,196.6,196.6,196.6,196.6,646.0,646.0,646.0,646.0,646.0,67.0,126.2,20.8,13.6,0.0396,0.3927,29.24,800.0
1267.0,0.6,10000.0,-4.81,69.68,3600.0,196.6,196.6,196.6,196.6,196.6,646.0,646.0,646.0,646.0,646.0,67.0,126.2,20.8,13.6,0.0396,0.3927,29.24,800.0
1268.0,0.6,10000.0,-4.81,69.68,3600.0,196.6,196.6,196.6,196.6,196.6,646.0,646.0,646.0,646.0,646.0,67.0,126.2,20.8,13.6,0.0396,0.3927,29.24,800.0
1269.0,0.6,10000.0,-4.81,69.68,3600.0,196.6,196.6,196.6,196.6,196.6,646.0,646.0,646.0,646.0,646.0,67.0,126.2,20.8,13.6,0.0396,0.3927,29.24,790.0
1270.0,0.6,10000.0,-4.81,69.68,3600.0,196.6,196.6,196.6,196.6,196.6,646.0,646.0,646.0,646.0,646.0,67.0,126.2,20.8,13.6,0.0396,0.3927,29.24,790.0
1271.0,0.6,10000.0,-4.81,69.68,3600.0,196.6,196.6,196.6,196.6,196.6,646.0,646.0,646.0,646.0,646.0,67.0,126.2,20.8,13.6,0.0396,0.3927,29.24,790.0
1272.0,0.6,10000.0,-4.81,69.68,3600.0,196.6,196.6,196.6,196.6,196.6,646.0,646.0,646.0,646.0,646.0,67.0,126.2,20.8,13.6,0.0396,0.3927,29.24,790.0
1273.0,0.6,10000.0,-4.81,69.68,3600.0,196.6,196.6,196.6,196.6,196.6,646.0,646.0,646.0,646.0,646.0,67.0,126.2,20.8,13.6,0.0396,0.3927,29.24,790.0
1274.0,0.6,10000.0,-4.81,69.68,3600.0,196.6,196.6,196.6,196.6,196.6,646.0,646.0,646.0,646.0,646.0,67.0,126.2,20.8,13.6,0.0396,0.3927,29.24,790.0
1275.0,0.6,10000.0,-4.81,69.68,3600.0,196.6,196.6,196.6,196.6,196.6,646.0,646.0,646.0,646.0,646.0,67.0,126.2,20.8,13.6,0.0396,0.3927,29.24,790.0
1276.0,0.6,10000.0,-4.81,69.68,3600.0,196.6,196.6,196.6,196.6,196.6,646.0,646.0,646.0,646.0,646.0,67.0,126.2,20.8,13.6,0.0396,0.3927,29.24,790.0
1277.0,0.6,10000.0,-4.81,69.68,3600.0,196.6,196.6,196.6,196.6,196.6,646.0,646.0,646.0,646.0,646.0,67.0,126.2,20.8,13.6,0.0396,0.3927,29.24,790.0
1278.0,0.6,10000.0,-4.81,69.68,3600.0,196.6,196.6,196.6,196.6,196.6,646.0,646.0,646.0,646.0,646.0,67.0,126.2,20.8,13.6,0.0396,0.3927,29.24,790.0
1279.0,0.6,10000.0,-4.81,69.68,3600.0,196.6,196.6,196.6,196.6,196.6,646.0,646.0,646.0,646.0,646.0,67.0,126.2,20.8,13.6,0.0396,0.3927,29.24,780.0
1280.0,0.6,10000.0,-4.81,69.68,3600.0,196.6,196.6,196.6,196.6,196.6,646.0,646.0,646.0,646.0,646.0,67.0,126.2,20.8,13.6,0.0396,0.3927,29.24,780.0
1281.0,0.6,10000.0,-4.81,69.68,3600.0,196.6,196.6,196.6,196.6,196.6,646.0,646.0,646.0,646.0,646.0,67.0,126.2,20.8,13.6,0.0396,0.3927,29.24,780.0
1282.0,0.6,10000.0,-4.81,69.68,3600.0,196.6,196.6,196.6,196.6,196.6,646.0,646.0,646.0,646.0,646.0,67.0,126.2,20.8,13.6,0.0396,0.3927,29.24,780.0
1283.0,0.6,10000.0,-4.81,69.68,3600.0,196.6,196.6,196.6,196.6,196.6,646.0,646.0,646.0,646.0,646.0,67.0,126.2,20.8,13.6,0.0396,0.3927,29.24,780.0
1284.0,0.6,10000.0,-4.81,69.68,3600.0,196.6,196.6,196.6,196.6,196.6,646.0,646.0,646.0,646.0,646.0,67.0,126.2,20.8,13.6,0.0396,0.3927,29.24,780.0
1285.0,0.6,10000.0,-4.81,69.68,3600.0,196.6,196.6,196.6,196.6,196.6,646.0,646.0,646.0,646.0,646.0,67.0,126.2,20.8,13.6,0.0396,0.3927,29.24,780.0
1286.0,0.6,10000.0,-4.81,69.68,3600.0,196.6,196.6,196.6,196.6,196.6,646.0,646.0,646.0,646.0,646.0,67.0,126.2,20.8,13.6,0.0396,0.3927,29.24,780.0
1287.0,0.6,10000.0,-4.81,69.68,3600.0,196.6,196.6,196.6,196.6,196.6,646.0,646.0,646.0,646.0,646.0,67.0,126.2,20.8,13.6,0.0396,0.3927,29.24,780.0
1288.0,0.6,10000.0,-4.81,69.68,3600.0,196.6,196.6,196.6,196.6,196.6,646.0,646.0,646.0,646.0,646.0,67.0,126.2,20.8,13.6,0.0396,0.3927,29.24,780.0
1289.0,0.6,10000.0,-4.81,69.68,3600.0,196.6,196.6,196.6,196.6,196.6,646.0,646.0,646.0,646.0,646.0,67.0,126.2,20.8,13.6,0.0396,0.3927,29.24,770.0
1290.0,0.6,10000.0,-4.81,69.68,3600.0,196.6,196.6,196.6,196.6,196.6,646.0,646.0,646.0,646.0,646.0,67.0,126.2,20.8,13.6,0.0396,0.3927,29.24,770.0
1291.0,0.6,10000.0,-4.81,69.68,3600.0,196.6,196.6,196.6,196.6,196.6,646.0,646.0,646.0,646.0,646.0,67.0,126.2,20.8,13.6,0.0396,0.3927,29.24,770.0
1292.0,0.6,10000.0,-4.81,69.68,3600.0,196.6,196.6,196.6,196.6,196.6,646.0,646.0,646.0,646.0,646.0,67.0,126.2,20.8,13.6,0.0396,0.3927,29.24,770.0
1293.0,0.6,10000.0,-4.81,69.68,3600.0,196.6,196.6,196.6,196.6,196.6,646.0,646.0,646.0,646.0,646.0,67.0,126.2,20.8,13.6,0.0396,0.3927,29.24,770.0
1294.0,0.6,10000.0,-4.81,69.68,3600.0,196.6,196.6,196.6,196.6,196.6,646.0,646.0,646.0,646.0,646.0,67.0,126.2,20.8,13.6,0.0396,0.3927,29.24,770.0
1295.0,0.6,10000.0,-4.81,69.68,3600.0,196.6,196.6,196.6,196.6,196.6,646.0,646.0,646.0,646.0,646.0,67.0,126.2,20.8,13.6,0.0396,0.3927,29.24,770.0
1296.0,0.6,10000.0,-4.81,69.68,3600.0,196.6,196.6,196.6,196.6,196.6,646.0,646.0,646.0,646.0,646.0,67.0,126.2,20.8,13.6,0.0396,0.3927,29.24,770.0
1297.0,0.6,10000.0,-4.81,69.68,3600.0,196.6,196.6,196.6,196.6,196.6,646.0,646.0,646.0,646.0,646.0,67.0,126.2,20.8,13.6,0.0396,0.3927,29.24,770.0
1298.0,0.6,10000.0,-4.81,69.68,3600.0,196.6,196.6,196.6,196.6,196.6,646.0,646.0,646.0,646.0,646.0,67.0,126.2,20.8,13.6,0.0396,0.3927,29.24,770.0
1299.0,0.6,10000.0,-4.81,69.68,3600.0,196.6,196.6,196.6,196.6,196.6,646.0,646.0,646.0,646.0,646.0,67.0,126.2,20.8,13.6,0.0396,0.3927,29.24,760.0
1300.0,0.6,10000.0,-4.81,69.68,3600.0,196.6,196.6,196.6,196.6,196.6,646.0,646.0,646.0,646.0,646.0,67.0,126.2,20.8,13.6,0.0396,0.3927,29.24,760.0
1301.0,0.6,10000.0,-4.81,69.68,3600.0,196.6,196.6,196.6,196.6,196.6,646.0,646.0,646.0,646.0,646.0,67.0,126.2,20.8,13.6,0.0396,0.3927,29.24,760.0
1302.0,0.6,10000.0,-4.81,69.68,3600.0,196.6,196.6,196.6,196.6,196.6,646.0,646.0,646.0,646.0,646.0,67.0,126.2,20.8,13.6,0.0396,0.3927,29.24,760.0
1303.0,0.6,10000.0,-4.81,69.68,3600.0,196.6,196.6,196.6,196.6,196.6,646.0,646.0,646.0,646.0,646.0,67.0,126.2,20.8,13.6,0.0396,0.3927,29.24,760.0
1304.0,0.6,10000.0,-4.81,69.68,3600.0,196.6,196.6,196.6,196.6,196.6,646.0,646.0,646.0,646.0,646.0,67.0,126.2,20.8,13.6,0.0396,0.3927,29.24,760.0
1305.0,0.6,10000.0,-4.81,69.68,3600.0,196.6,196.6,196.6,196.6,196.6,646.0,646.0,646.0,646.0,646.0,67.0,126.2,20.8,13.6,0.0396,0.3927,29.24,760.0
1306.0,0.6,10000.0,-4.81,69.68,3600.0,196.6,196.6,196.6,196.6,196.6,646.0,646.0,646.0,646.0,646.0,67.0,126.2,20.8,13.6,0.0396,0.3927,29.24,760.0
1307.0,0.6,10000.0,-4.81,69.68,3600.0,196.6,196.6,196.6,196.6,196.6,646.0,646.0,646.0,646.0,646.0,67.0,126.2,20.8,13.6,0.0396,0.3927,29.24,760.0
1308.0,0.6,10000.0,-4.81,69.68,3600.0,196.6,196.6,196.6,196.6,196.6,646.0,646.0,646.0,646.0,646.0,67.0,126.2,20.8,13.6,0.0396,0.3927,29.24,760.0
1309.0,0.6,10000.0,-4.81,69.68,3600.0,196.6,196.6,196.6,196.6,196.6,646.0,646.0,646.0,646.0,646.0,67.0,126.2,20.8,13.6,0.0396,0.3927,29.24,750.0
1310.0,0.6,10000.0,-4.81,69.68,3600.0,196.6,196.6,196.6,196.6,196.6,646.0,646.0,646.0,646.0,646.0,67.0,126.2,20.8,13.6,0.0396,0.3927,29.24,750.0
1311.0,0.6,10000.0,-4.81,69.68,3600.0,196.6,196.6,196.6,196.6,196.6,646.0,646.0,646.0,646.0,646.0,67.0,126.2,20.8,13.6,0.0396,0.3927,29.24,750.0
1312.0,0.6,10000.0,-4.81,69.68,3600.0,196.6,196.6,196.6,196.6,196.6,646.0,646.0,646.0,646.0,646.0,67.0,126.2,20.8,13.6,0.0396,0.3927,29.24,750.0
1313.0,0.6,10000.0,-4.81,69.68,3600.0,196.6,196.6,196.6,196.6,196.6,646.0,646.0,646.0,646.0,646.0,67.0,126.2,20.8,13.6,0.0396,0.3927,29.24,750.0
1314.0,0.6,10000.0,-4.81,69.68,3600.0,196.6,196.6,196.6,196.6,196.6,646.0,646.0,646.0,646.0,646.0,67.0,126.2,20.8,13.6,0.0396,0.3927,29.24,750.0
1315.0,0.6,10000.0,-4.81,69.68,3600.0,196.6,196.6,196.6,196.6,196.6,646.0,646.0,646.0,646.0,646.0,67.0,126.2,20.8,13.6,0.0396,0.3927,29.24,750.0
1316.0,0.6,10000.0,-4.81,69.68,3600.0,196.6,196.6,196.6,196.6,196.6,646.0,646.0,646.0,646.0,646.0,67.0,126.2,20.8,13.6,0.0396,0.3927,29.24,750.0
1317.0,0.6,10000.0,-4.81,69.68,3600.0,196.6,196.6,196.6,196.6,196.6,646.0,646.0,646.0,646.0,646.0,67.0,126.2,20.8,13.6,0.0396,0.3927,29.24,750.0
1318.0,0.6,10000.0,-4.81,69.68,3600.0,196.6,196.6,196.6,196.6,196.6,646.0,646.0,646.0,646.0,646.0,67.0,126.2,20.8,13.6,0.0396,0.3927,29.24,750.0
1319.0,0.6,10000.0,-4.81,69.68,3600.0,196.6,196.6,196.6,196.6,196.6,646.0,646.0,646.0,646.0,646.0,67.0,126.2,20.8,13.6,0.0396,0.3927,29.24,740.0
1320.0,0.6,10000.0,-4.81,69.68,3600.0,196.6,196.6,196.6,196.6,196.6,646.0,646.0,646.0,646.0,646.0,67.0,126.2,20.8,13.6,0.0396,0.3927,29.24,740.0
1321.0,0.6,10000.0,-4.81,69.68,3600.0,196.6,196.6,196.6,196.6,196.6,646.0,646.0,646.0,646.0,646.0,67.0,126.2,20.8,13.6,0.0396,0.3927,29.24,740.0
1322.0,0.6,10000.0,-4.81,69.68,3600.0,196.6,196.6,196.6,196.6,196.6,646.0,646.0,646.0,646.0,646.0,67.0,126.2,20.8,13.6,0.0396,0.3927,29.24,740.0
1323.0,0.6,10000.0,-4.81,69.68,3600.0,196.6,196.6,196.6,196.6,196.6,646.0,646.0,646.0,646.0,646.0,67.0,126.2,20.8,13.6,0.0396,0.3927,29.24,740.0
1324.0,0.6,10000.0,-4.81,69.68,3600.0,196.6,196.6,196.6,196.6,196.6,646.0,646.0,646.0,646.0,646.0,67.0,126.2,20.8,13.6,0.0396,0.3927,29.24,740.0
1325.0,0.6,10000.0,-4.81,69.68,3600.0,196.6,196.6,196.6,196.6,196.6,646.0,646.0,646.0,646.0,646.0,67.0,126.2,20.8,13.6,0.0396,0.3927,29.24,740.0
1326.0,0.6,10000.0,-4.81,69.68,3600.0,196.6,196.6,196.6,196.6,196.6,646.0,646.0,646.0,646.0,646.0,67.0,126.2,20.8,13.6,0.0396,0.3927,29.24,740.0
1327.0,0.6,10000.0,-4.81,69.68,3600.0,196.6,196.6,196.6,196.6,196.6,646.0,646.0,646.0,646.0,646.0,67.0,126.2,20.8,13.6,0.0396,0.3927,29.24,740.0
1328.0,0.6,10000.0,-4.81,69.68,3600.0,196.6,196.6,196.6,196.6,196.6,646.0,646.0,646.0,646.0,646.0,67.0,126.2,20.8,13.6,0.0396,0.3927,29.24,740.0
1329.0,0.6,10000.0,-4.81,69.68,3600.0,196.6,196.6,196.6,196.6,196.6,646.0,646.0,646.0,646.0,646.0,67.0,126.2,20.8,13.6,0.0396,0.3927,29.24,730.0
1330.0,0.6,10000.0,-4.81,69.68,3600.0,196.6,196.6,196.6,196.6,196.6,646.0,646.0,646.0,646.0,646.0,67.0,126.2,20.8,13.6,0.0396,0.3927,29.24,730.0
1331.0,0.6,10000.0,-4.81,69.68,3600.0,196.6,196.6,196.6,196.6,196.6,646.0,646.0,646.0,646.0,646.0,67.0,126.2,20.8,13.6,0.0396,0.3927,29.24,730.0
1332.0,0.6,10000.0,-4.81,69.68,3600.0,196.6,196.6,196.6,196.6,196.6,646.0,646.0,646.0,646.0,646.0,67.0,126.2,20.8,13.6,0.0396,0.3927,29.24,730.0
1333.0,0.6,10000.0,-4.81,69.68,3600.0,196.6,196.6,196.6,196.6,196.6,646.0,646.0,646.0,646.0,646.0,67.0,126.2,20.8,13.6,0.0396,0.3927,29.24,730.0
1334.0,0.6,10000.0,-4.81,69.68,3600.0,196.6,196.6,196.6,196.6,196.6,646.0,646.0,646.0,646.0,646.0,67.0,126.2,20.8,13.6,0.0396,0.3927,29.24,730.0
1335.0,0.6,10000.0,-4.81,69.68,3600.0,196.6,196.6,196.6,196.6,196.6,646.0,646.0,646.0,646.0,646.0,67.0,126.2,20.8,13.6,0.0396,0.3927,29.24,730.0
1336.0,0.6,10000.0,-4.81,69.68,3600.0,196.6,196.6,196.6,196.6,196.6,646.0,646.0,646.0,646.0,646.0,67.0,126.2,20.8,13.6,0.0396,0.3927,29.24,730.0
1337.0,0.6,10000.0,-4.81,69.68,3600.0,196.6,196.6,196.6,196.6,196.6,646.0,646.0,646.0,646.0,646.0,67.0,126.2,20.8,13.6,0.0396,0.3927,29.24,730.0
1338.0,0.6,10000.0,-4.81,69.68,3600.0,196.6,196.6,196.6,196.6,196.6,646.0,646.0,646.0,646.0,646.0,67.0,126.2,20.8,13.6,0.0396,0.3927,29.24,730.0
1339.0,0.6,10000.0,-4.81,69.68,3600.0,196.6,196.6,196.6,196.6,196.6,646.0,646.0,646.0,646.0,646.0,67.0,126.2,20.8,13.6,0.0396,0.3927,29.24,720.0
1340.0,0.6,10000.0,-4.81,69.68,3600.0,196.6,196.6,196.6,196.6,196.6,646.0,646.0,646.0,646.0,646.0,67.0,126.2,20.8,13.6,0.0396,0.3927,29.24,720.0
1341.0,0.6,10000.0,-4.81,69.68,3600.0,196.6,196.6,196.6,196.6,196.6,646.0,646.0,646.0,646.0,646.0,67.0,126.2,20.8,13.6,0.0396,0.3927,29.24,720.0
1342.0,0.6,10000.0,-4.81,69.68,3600.0,196.6,196.6,196.6,196.6,196.6,646.0,646.0,646.0,646.0,646.0,67.0,126.2,20.8,13.6,0.0396,0.3927,29.24,720.0
1343.0,0.6,10000.0,-4.81,69.68,3600.0,196.6,196.6,196.6,196.6,196.6,646.0,646.0,646.0,646.0,646.0,67.0,126.2,20.8,13.6,0.0396,0.3927,29.24,720.0
1344.0,0.6,10000.0,-4.81,69.68,3600.0,196.6,196.6,196.6,196.6,196.6,646.0,646.0,646.0,646.0,646.0,67.0,126.2,20.8,13.6,0.0396,0.3927,29.24,720.0
1345.0,0.6,10000.0,-4.81,69.68,3600.0,196.6,196.6,196.6,196.6,196.6,646.0,646.0,646.0,646.0,646.0,67.0,126.2,20.8,13.6,0.0396,0.3927,29.24,720.0
1346.0,0.6,10000.0,-4.81,69.68,3600.0,196.6,196.6,196.6,196.6,196.6,646.0,646.0,646.0,646.0,646.0,67.0,126.2,20.8,13.6,0.0396,0.3927,29.24,720.0
1347.0,0.6,10000.0,-4.81,69.68,3600.0,196.6,196.6,196.6,196.6,196.6,646.0,646.0,646.0,646.0,646.0,67.0,126.2,20.8,13.6,0.0396,0.3927,29.24,720.0
1348.0,0.6,10000.0,-4.81,69.68,3600.0,196.6,196.6,196.6,196.6,196.6,646.0,646.0,646.0,646.0,646.0,67.0,126.2,20.8,13.6,0.0396,0.3927,29.24,720.0
1349.0,0.6,10000.0,-4.81,69.68,3600.0,196.6,196.6,196.6,196.6,196.6,646.0,646.0,646.0,646.0,646.0,67.0,126.2,20.8,13.6,0.0396,0.3927,29.24,710.0
1350.0,0.6,10000.0,-4.81,69.68,3600.0,196.6,196.6,196.6,196.6,196.6,646.0,646.0,646.0,646.0,646.0,67.0,126.2,20.8,13.6,0.0396,0.3927,29.24,710.0
1351.0,0.6,10000.0,-4.81,69.68,3600.0,196.6,196.6,196.6,196.6,196.6,646.0,646.0,646.0,646.0,646.0,67.0,126.2,20.8,13.6,0.0396,0.3927,29.24,710.0
1352.0,0.6,10000.0,-4.81,69.68,3600.0,196.6,196.6,196.6,196.6,196.6,646.0,646.0,646.0,646.0,646.0,67.0,126.2,20.8,13.6,0.0396,0.3927,29.24,710.0
1353.0,0.6,10000.0,-4.81,69.68,3600.0,196.6,196.6,196.6,196.6,196.6,646.0,646.0,646.0,646.0,646.0,67.0,126.2,20.8,13.6,0.0396,0.3927,29.24,710.0
1354.0,0.6,10000.0,-4.81,69.68,3600.0,196.6,196.6,196.6,196.6,196.6,646.0,646.0,646.0,646.0,646.0,67.0,126.2,20.8,13.6,0.0396,0.3927,29.24,710.0
1355.0,0.6,10000.0,-4.81,69.68,3600.0,196.6,196.6,196.6,196.6,196.6,646.0,646.0,646.0,646.0,646.0,67.0,126.2,20.8,13.6,0.0396,0.3927,29.24,710.0
1356.0,0.6,10000.0,-4.81,69.68,3600.0,196.6,196.6,196.6,196.6,196.6,646.0,646.0,646.0,646.0,646.0,67.0,126.2,20.8,13.6,0.0396,0.3927,29.24,710.0
1357.0,0.6,10000.0,-4.81,69.68,3600.0,196.6,196.6,196.6,196.6,196.6,646.0,646.0,646.0,646.0,646.0,67.0,126.2,20.8,13.6,0.0396,0.3927,29.24,710.0
1358.0,0.6,10000.0,-4.81,69.68,3600.0,196.6,196.6,196.6,196.6,196.6,646.0,646.0,646.0,646.0,646.0,67.0,126.2,20.8,13.6,0.0396,0.3927,29.24,710.0
1359.0,0.6,10000.0,-4.81,69.68,3600.0,196.6,196.6,196.6,196.6,196.6,646.0,646.0,646.0,646.0,646.0,67.0,126.2,20.8,13.6,0.0396,0.3927,29.24,700.0
1360.0,0.6,10000.0,-4.81,69.68,3600.0,196.6,196.6,196.6,196.6,196.6,646.0,646.0,646.0,646.0,646.0,67.0,126.2,20.8,13.6,0.0396,0.3927,29.24,700.0
1361.0,0.6,10000.0,-4.81,69.68,3600.0,196.6,196.6,196.6,196.6,196.6,646.0,646.0,646.0,646.0,646.0,67.0,126.2,20.8,13.6,0.0396,0.3927,29.24,700.0
1362.0,0.6,10000.0,-4.81,69.68,3600.0,196.6,196.6,196.6,196.6,196.6,646.0,646.0,646.0,646.0,646.0,67.0,126.2,20.8,13.6,0.0396,0.3927,29.24,700.0
1363.0,0.6,10000.0,-4.81,69.68,3600.0,196.6,196.6,196.6,196.6,196.6,646.0,646.0,646.0,646.0,646.0,67.0,126.2,20.8,13.6,0.0396,0.3927,29.24,700.0
1364.0,0.6,10000.0,-4.81,69.68,3600.0,196.6,196.6,196.6,196.6,196.6,646.0,646.0,646.0,646.0,646.0,67.0,126.2,20.8,13.6,0.0396,0.3927,29.24,700.0
1365.0,0.6,10000.0,-4.81,69.68,3600.0,196.6,196.6,196.6,196.6,196.6,646.0,646.0,646.0,646.0,646.0,67.0,126.2,20.8,13.6,0.0396,0.3927,29.24,700.0
1366.0,0.6,10000.0,-4.81,69.68,3600.0,196.6,196.6,196.6,196.6,196.6,646.0,646.0,646.0,646.0,646.0,67.0,126.2,20.8,13.6,0.0396,0.3927,29.24,700.0
1367.0,0.6,10000.0,-4.81,69.68,3600.0,196.6,196.6,196.6,196.6,196.6,646.0,646.0,646.0,646.0,646.0,67.0,126.2,20.8,13.6,0.0396,0.3927,29.24,700.0
1368.0,0.6,10000.0,-4.81,69.68,3600.0,196.6,196.6,196.6,196.6,196.6,646.0,646.0,646.0,646.0,646.0,67.0,126.2,20.8,13.6,0.0396,0.3927,29.24,700.0
1369.0,0.6,10000.0,-4.81,69.68,3600.0,196.6,196.6,196.6,196.6,196.6,646.0,646.0,646.0,646.0,646.0,67.0,126.2,20.8,13.6,0.0396,0.3927,29.24,690.0
1370.0,0.6,10000.0,-4.81,69.68,3600.0,196.6,196.6,196.6,196.6,196.6,646.0,646.0,646.0,646.0,646.0,67.0,126.2,20.8,13.6,0.0396,0.3927,29.24,690.0
1371.0,0.6,10000.0,-4.81,69.68,3600.0,196.6,196.6,196.6,196.6,196.6,646.0,646.0,646.0,646.0,646.0,67.0,126.2,20.8,13.6,0.0396,0.3927,29.24,690.0
1372.0,0.6,10000.0,-4.81,69.68,3600.0,196.6,196.6,196.6,196.6,196.6,646.0,646.0,646.0,646.0,646.0,67.0,126.2,20.8,13.6,0.0396,0.3927,29.24,690.0
1373.0,0.6,10000.0,-4.81,69.68,3600.0,196.6,196.6,196.6,196.6,196.6,646.0,646.0,646.0,646.0,646.0,67.0,126.2,20.8,13.6,0.0396,0.3927,29.24,690.0
1374.0,0.6,10000.0,-4.81,69.68,3600.0,196.6,196.6,196.6,196.6,196.6,646.0,646.0,646.0,646.0,646.0,67.0,126.2,20.8,13.6,0.0396,0.3927,29.24,690.0
1375.0,0.6,10000.0,-4.81,69.68,3600.0,196.6,196.6,196.6,196.6,196.6,646.0,646.0,646.0,646.0,646.0,67.0,126.2,20.8,13.6,0.0396,0.3927,29.24,690.0
1376.0,0.6,10000.0,-4.81,69.68,3600.0,196.6,196.6,196.6,196.6,196.6,646.0,646.0,646.0,646.0,646.0,67.0,126.2,20.8,13.6,0.0396,0.3927,29.24,690.0
1377.0,0.6,10000.0,-4.81,69.68,3600.0,196.6,196.6,196.6,196.6,196.6,646.0,646.0,646.0,646.0,646.0,67.0,126.2,20.8,13.6,0.0396,0.3927,29.24,690.0
1378.0,0.6,10000.0,-4.81,69.68,3600.0,196.6,196.6,196.6,196.6,196.6,646.0,646.0,646.0,646.0,646.0,67.0,126.2,20.8,13.6,0.0396,0.3927,29.24,690.0
1379.0,0.6,10000.0,-4.81,69.68,3600.0,196.6,196.6,196.6,196.6,196.6,646.0,646.0,646.0,646.0,646.0,67.0,126.2,20.8,13.6,0.0396,0.3927,29.24,680.0
1380.0,0.6,10000.0,-4.81,69.68,3600.0,196.6,196.6,196.6,196.6,196.6,646.0,646.0,646.0,646.0,646.0,67.0,126.2,20.8,13.6,0.0396,0.3927,29.24,680.0
1381.0,0.6,10000.0,-4.81,69.68,3600.0,196.6,196.6,196.6,196.6,196.6,646.0,646.0,646.0,646.0,646.0,67.0,126.2,20.8,13.6,0.0396,0.3927,29.24,680.0
1382.0,0.6,10000.0,-4.81,69.68,3600.0,196.6,196.6,196.6,196.6,196.6,646.0,646.0,646.0,646.0,646.0,67.0,126.2,20.8,13.6,0.0396,0.3927,29.24,680.0
1383.0,0.6,10000.0,-4.81,69.68,3600.0,196.6,196.6,196.6,196.6,196.6,646.0,646.0,646.0,646.0,646.0,67.0,126.2,20.8,13.6,0.0396,0.3927,29.24,680.0
1384.0,0.6,10000.0,-4.81,69.68,3600.0,196.6,196.6,196.6,196.6,196.6,646.0,646.0,646.0,646.0,646.0,67.0,126.2,20.8,13.6,0.0396,0.3927,29.24,680.0
1385.0,0.6,10000.0,-4.81,69.68,3600.0,196.6,196.6,196.6,196.6,196.6,646.0,646.0,646.0,646.0,646.0,67.0,126.2,20.8,13.6,0.0396,0.3927,29.24,680.0
1386.0,0.6,10000.0,-4.81,69.68,3600.0,196.6,196.6,196.6,196.6,196.6,646.0,646.0,646.0,646.0,646.0,67.0,126.2,20.8,13.6,0.0396,0.3927,29.24,680.0
1387.0,0.6,10000.0,-4.81,69.68,3600.0,196.6,196.6,196.6,196.6,196.6,646.0,646.0,646.0,646.0,646.0,67.0,126.2,20.8,13.6,0.0396,0.3927,29.24,680.0
1388.0,0.6,10000.0,-4.81,69.68,3600.0,196.6,196.6,196.6,196.6,196.6,646.0,646.0,646.0,646.0,646.0,67.0,126.2,20.8,13.6,0.0396,0.3927,29.24,680.0
1389.0,0.6,10000.0,-4.81,69.68,3600.0,196.6,196.6,196.6,196.6,196.6,646.0,646.0,646.0,646.0,646.0,67.0,126.2,20.8,13.6,0.0396,0.3927,29.24,670.0
1390.0,0.6,10000.0,-4.81,69.68,3600.0,196.6,196.6,196.6,196.6,196.6,646.0,646.0,646.0,646.0,646.0,67.0,126.2,20.8,13.6,0.0396,0.3927,29.24,670.0
1391.0,0.6,10000.0,-4.81,69.68,3600.0,196.6,196.6,196.6,196.6,196.6,646.0,646.0,646.0,646.0,646.0,67.0,126.2,20.8,13.6,0.0396,0.3927,29.24,670.0
1392.0,0.6,10000.0,-4.81,69.68,3600.0,196.6,196.6,196.6,196.6,196.6,646.0,646.0,646.0,646.0,646.0,67.0,126.2,20.8,13.6,0.0396,0.3927,29.24,670.0
1393.0,0.6,10000.0,-4.81,69.68,3600.0,196.6,196.6,196.6,196.6,196.6,646.0,646.0,646.0,646.0,646.0,67.0,126.2,20.8,13.6,0.0396,0.3927,29.24,670.0
1394.0,0.6,10000.0,-4.81,69.68,3600.0,196.6,196.6,196.6,196.6,196.6,646.0,646.0,646.0,646.0,646.0,67.0,126.2,20.8,13.6,0.0396,0.3927,29.24,670.0
1395.0,0.6,10000.0,-4.81,69.68,3600.0,196.6,196.6,196.6,196.6,196.6,646.0,646.0,646.0,646.0,646.0,67.0,126.2,20.8,13.6,0.0396,0.3927,29.24,670.0
1396.0,0.6,10000.0,-4.81,69.68,3600.0,196.6,196.6,196.6,196.6,196.6,646.0,646.0,646.0,646.0,646.0,67.0,126.2,20.8,13.6,0.0396,0.3927,29.24,670.0
1397.0,0.6,10000.0,-4.81,69.68,3600.0,196.6,196.6,196.6,196.6,196.6,646.0,646.0,646.0,646.0,646.0,67.0,126.2,20.8,13.6,0.0396,0.3927,29.24,670.0
1398.0,0.6,10000.0,-4.81,69.68,3600.0,196.6,196.6,196.6,196.6,196.6,646.0,646.0,646.0,646.0,646.0,67.0,126.2,20.8,13.6,0.0396,0.3927,29.24,670.0
1399.0,0.6,10000.0,-4.81,69.68,3600.0,196.6,196.6,196.6,196.6,196.6,646.0,646.0,646.0,646.0,646.0,67.0,126.2,20.8,13.6,0.0396,0.3927,29.24,660.0
1400.0,0.6,10000.0,-4.81,69.68,3600.0,196.6,196.6,196.6,196.6,196.6,646.0,646.0,646.0,646.0,646.0,67.0,126.2,20.8,13.6,0.0396,0.3927,29.24,660.0
1401.0,0.6,10000.0,-4.81,69.68,3600.0,196.6,196.6,196.6,196.6,196.6,646.0,646.0,646.0,646.0,646.0,67.0,126.2,20.8,13.6,0.0396,0.3927,29.24,660.0
1402.0,0.6,10000.0,-4.81,69.68,3600.0,196.6,196.6,196.6,196.6,196.6,646.0,646.0,646.0,646.0,646.0,67.0,126.2,20.8,13.6,0.0396,0.3927,29.24,660.0
1403.0,0.6,10000.0,-4.81,69.68,3600.0,196.6,196.6,196.6,196.6,196.6,646.0,646.0,646.0,646.0,646.0,67.0,126.2,20.8,13.6,0.0396,0.3927,29.24,660.0
1404.0,0.6,10000.0,-4.81,69.68,3600.0,196.6,196.6,196.6,196.6,196.6,646.0,646.0,646.0,646.0,646.0,67.0,126.2,20.8,13.6,0.0396,0.3927,29.24,660.0
1405.0,0.6,10000.0,-4.81,69.68,3600.0,196.6,196.6,196.6,196.6,196.6,646.0,646.0,646.0,646.0,646.0,67.0,126.2,20.8,13.6,0.0396,0.3927,29.24,660.0
1406.0,0.6,10000.0,-4.81,69.68,3600.0,196.6,196.6,196.6,196.6,196.6,646.0,646.0,646.0,646.0,646.0,67.0,126.2,20.8,13.6,0.0396,0.3927,29.24,660.0
1407.0,0.6,10000.0,-4.81,69.68,3600.0,196.6,196.6,196.6,196.6,196.6,646.0,646.0,646.0,646.0,646.0,67.0,126.2,20.8,13.6,0.0396,0.3927,29.24,660.0
1408.0,0.6,10000.0,-4.81,69.68,3600.0,196.6,196.6,196.6,196.6,196.6,646.0,646.0,646.0,646.0,646.0,67.0,126.2,20.8,13.6,0.0396,0.3927,29.24,660.0
1409.0,0.6,10000.0,-4.81,69.68,3600.0,196.6,196.6,196.6,196.6,196.6,646.0,646.0,646.0,646.0,646.0,67.0,126.2,20.8,13.6,0.0396,0.3927,29.24,650.0
1410.0,0.6,10000.0,-4.81,69.68,3600.0,196.6,196.6,196.6,196.6,196.6,646.0,646.0,646.0,646.0,646.0,67.0,126.2,20.8,13.6,0.0396,0.3927,29.24,650.0
1411.0,0.6,10000.0,-4.81,69.68,3600.0,196.6,196.6,196.6,196.6,196.6,646.0,646.0,646.0,646.0,646.0,67.0,126.2,20.8,13.6,0.0396,0.3927,29.24,650.0
1412.0,0.6,10000.0,-4.81,69.68,3600.0,196.6,196.6,196.6,196.6,196.6,646.0,646.0,646.0,646.0,646.0,67.0,126.2,20.8,13.6,0.0396,0.3927,29.24,650.0
1413.0,0.6,10000.0,-4.81,69.68,3600.0,196.6,196.6,196.6,196.6,196.6,646.0,646.0,646.0,646.0,646.0,67.0,126.2,20.8,13.6,0.0396,0.3927,29.24,650.0
1414.0,0.6,10000.0,-4.81,69.68,3600.0,196.6,196.6,196.6,196.6,196.6,646.0,646.0,646.0,646.0,646.0,67.0,126.2,20.8,13.6,0.0396,0.3927,29.24,650.0
1415.0,0.6,10000.0,-4.81,69.68,3600.0,196.6,196.6,196.6,196.6,196.6,646.0,646.0,646.0,646.0,646.0,67.0,126.2,20.8,13.6,0.0396,0.3927,29.24,650.0
1416.0,0.6,10000.0,-4.81,69.68,3600.0,196.6,196.6,196.6,196.6,196.6,646.0,646.0,646.0,646.0,646.0,67.0,126.2,20.8,13.6,0.0396,0.3927,29.24,650.0
1417.0,0.6,10000.0,-4.81,69.68,3600.0,196.6,196.6,196.6,196.6,196.6,646.0,646.0,646.0,646.0,646.0,67.0,126.2,20.8,13.6,0.0396,0.3927,29.24,650.0
1418.0,0.6,10000.0,-4.81,69.68,3600.0,196.6,196.6,196.6,196.6,196.6,646.0,646.0,646.0,646.0,646.0,67.0,126.2,20.8,13.6,0.0396,0.3927,29.24,650.0
1419.0,0.6,10000.0,-4.81,69.68,3600.0,196.6,196.6,196.6,196.6,196.6,646.0,646.0,646.0,646.0,646.0,67.0,126.2,20.8,13.6,0.0396,0.3927,29.24,640.0
1420.0,0.6,10000.0,-4.81,69.68,3600.0,196.6,196.6,196.6,196.6,196.6,646.0,646.0,646.0,646.0,646.0,67.0,126.2,20.8,13.6,0.0396,0.3927,29.24,640.0
1421.0,0.6,10000.0,-4.81,69.68,3600.0,196.6,196.6,196.6,196.6,196.6,646.0,646.0,646.0,646.0,646.0,67.0,126.2,20.8,13.6,0.0396,0.3927,29.24,640.0
1422.0,0.6,10000.0,-4.81,69.68,3600.0,196.6,196.6,196.6,196.6,196.6,646.0,646.0,646.0,646.0,646.0,67.0,126.2,20.8,13.6,0.0396,0.3927,29.24,640.0
1423.0,0.6,10000.0,-4.81,69.68,3600.0,196.6,196.6,196.6,196.6,196.6,646.0,646.0,646.0,646.0,646.0,67.0,126.2,20.8,13.6,0.0396,0.3927,29.24,640.0
1424.0,0.6,10000.0,-4.81,69.68,3600.0,196.6,196.6,196.6,196.6,196.6,646.0,646.0,646.0,646.0,646.0,67.0,126.2,20.8,13.6,0.0396,0.3927,29.24,640.0
1425.0,0.6,10000.0,-4.81,69.68,3600.0,196.6,196.6,196.6,196.6,196.6,646.0,646.0,646.0,646.0,646.0,67.0,126.2,20.8,13.6,0.0396,0.3927,29.24,640.0
1426.0,0.6,10000.0,-4.81,69.68,3600.0,196.6,196.6,196.6,196.6,196.6,646.0,646.0,646.0,646.0,646.0,67.0,126.2,20.8,13.6,0.0396,0.3927,29.24,640.0
1427.0,0.6,10000.0,-4.81,69.68,3600.0,196.6,196.6,196.6,196.6,196.6,646.0,646.0,646.0,646.0,646.0,67.0,126.2,20.8,13.6,0.0396,0.3927,29.24,640.0
1428.0,0.6,10000.0,-4.81,69.68,3600.0,196.6,196.6,196.6,196.6,196.6,646.0,646.0,646.0,646.0,646.0,67.0,126.2,20.8,13.6,0.0396,0.3927,29.24,640.0
1429.0,0.6,10000.0,-4.81,69.68,3600.0,196.6,196.6,196.6,196.6,196.6,646.0,646.0,646.0,646.0,646.0,67.0,126.2,20.8,13.6,0.0396,0.3927,29.24,630.0
1430.0,0.6,10000.0,-4.81,69.68,3600.0,196.6,196.6,196.6,196.6,196.6,646.0,646.0,646.0,646.0,646.0,67.0,126.2,20.8,13.6,0.0396,0.3927,29.24,630.0
1431.0,0.6,10000.0,-4.81,69.68,3600.0,196.6,196.6,196.6,196.6,196.6,646.0,646.0,646.0,646.0,646.0,67.0,126.2,20.8,13.6,0.0396,0.3927,29.24,630.0
1432.0,0.6,10000.0,-4.81,69.68,3600.0,196.6,196.6,196.6,196.6,196.6,646.0,646.0,646.0,646.0,646.0,67.0,126.2,20.8,13.6,0.0396,0.3927,29.24,630.0
1433.0,0.6,10000.0,-4.81,69.68,3600.0,196.6,196.6,196.6,196.6,196.6,646.0,646.0,646.0,646.0,646.0,67.0,126.2,20.8,13.6,0.0396,0.3927,29.24,630.0
1434.0,0.6,10000.0,-4.81,69.68,3600.0,196.6,196.6,196.6,196.6,196.6,646.0,646.0,646.0,646.0,646.0,67.0,126.2,20.8,13.6,0.0396,0.3927,29.24,630.0
1435.0,0.6,10000.0,-4.81,69.68,3600.0,196.6,196.6,196.6,196.6,196.6,646.0,646.0,646.0,646.0,646.0,67.0,126.2,20.8,13.6,0.0396,0.3927,29.24,630.0
1436.0,0.6,10000.0,-4.81,69.68,3600.0,196.6,196.6,196.6,196.6,196.6,646.0,646.0,646.0,646.0,646.0,67.0,126.2,20.8,13.6,0.0396,0.3927,29.24,630.0
1437.0,0.6,10000.0,-4.81,69.68,3600.0,196.6,196.6,196.6,196.6,196.6,646.0,646.0,646.0,646.0,646.0,67.0,126.2,20.8,13.6,0.0396,0.3927,29.24,630.0
1438.0,0.6,10000.0,-4.81,69.68,3600.0,196.6,196.6,196.6,196.6,196.6,646.0,646.0,646.0,646.0,646.0,67.0,126.2,20.8,13.6,0.0396,0.3927,29.24,630.0
1439.0,0.6,10000.0,-4.81,69.68,3600.0,196.6,196.6,196.6,196.6,196.6,646.0,646.0,646.0,646.0,646.0,67.0,126.2,20.8,13.6,0.0396,0.3927,29.24,620.0
1440.0,0.6,10000.0,-4.81,69.68,3600.0,196.6,196.6,196.6,196.6,196.6,646.0,646.0,646.0,646.0,646.0,67.0,126.2,20.8,13.6,0.0396,0.3927,29.24,620.0
1441.0,0.6,10000.0,-4.81,69.68,3600.0,196.6,196.6,196.6,196.6,196.6,646.0,646.0,646.0,646.0,646.0,67.0,126.2,20.8,13.6,0.0396,0.3927,29.24,620.0
1442.0,0.6,10000.0,-4.81,69.68,3600.0,196.6,196.6,196.6,196.6,196.6,646.0,646.0,646.0,646.0,646.0,67.0,126.2,20.8,13.6,0.0396,0.3927,29.24,620.0
1443.0,0.6,10000.0,-4.81,69.68,3600.0,196.6,196.6,196.6,196.6,196.6,646.0,646.0,646.0,646.0,646.0,67.0,126.2,20.8,13.6,0.0396,0.3927,29.24,620.0
1444.0,0.6,10000.0,-4.81,69.68,3600.0,196.6,196.6,196.6,196.6,196.6,646.0,646.0,646.0,646.0,646.0,67.0,126.2,20.8,13.6,0.0396,0.3927,29.24,620.0
1445.0,0.6,10000.0,-4.81,69.68,3600.0,196.6,196.6,196.6,196.6,196.6,646.0,646.0,646.0,646.0,646.0,67.0,126.2,20.8,13.6,0.0396,0.3927,29.24,620.0
1446.0,0.6,10000.0,-4.81,69.68,3600.0,196.6,196.6,196.6,196.6,196.6,646.0,646.0,646.0,646.0,646.0,67.0,126.2,20.8,13.6,0.0396,0.3927,29.24,620.0
1447.0,0.6,10000.0,-4.81,69.68,3600.0,196.6,196.6,196.6,196.6,196.6,646.0,646.0,646.0,646.0,646.0,67.0,126.2,20.8,13.6,0.0396,0.3927,29.24,620.0
1448.0,0.6,10000.0,-4.81,69.68,3600.0,196.6,196.6,196.6,196.6,196.6,646.0,646.0,646.0,646.0,646.0,67.0,126.2,20.8,13.6,0.0396,0.3927,29.24,620.0
1449.0,0.6,10000.0,-4.81,69.68,3600.0,196.6,196.6,196.6,196.6,196.6,646.0,646.0,646.0,646.0,646.0,67.0,126.2,20.8,13.6,0.0396,0.3927,29.24,610.0
1450.0,0.6,10000.0,-4.81,69.68,3600.0,196.6,196.6,196.6,196.6,196.6,646.0,646.0,646.0,646.0,646.0,67.0,126.2,20.8,13.6,0.0396,0.3927,29.24,610.0
1451.0,0.6,10000.0,-4.81,69.68,3600.0,196.6,196.6,196.6,196.6,196.6,646.0,646.0,646.0,646.0,646.0,67.0,126.2,20.8,13.6,0.0396,0.3927,29.24,610.0
1452.0,0.6,10000.0,-4.81,69.68,3600.0,196.6,196.6,196.6,196.6,196.6,646.0,646.0,646.0,646.0,646.0,67.0,126.2,20.8,13.6,0.0396,0.3927,29.24,610.0
1453.0,0.6,10000.0,-4.81,69.68,3600.0,196.6,196.6,196.6,196.6,196.6,646.0,646.0,646.0,646.0,646.0,67.0,126.2,20.8,13.6,0.0396,0.3927,29.24,610.0
1454.0,0.6,10000.0,-4.81,69.68,3600.0,196.6,196.6,196.6,196.6,196.6,646.0,646.0,646.0,646.0,646.0,67.0,126.2,20.8,13.6,0.0396,0.3927,29.24,610.0
1455.0,0.6,10000.0,-4.81,69.68,3600.0,196.6,196.6,196.6,196.6,196.6,646.0,646.0,646.0,646.0,646.0,67.0,126.2,20.8,13.6,0.0396,0.3927,29.24,610.0
1456.0,0.6,10000.0,-4.81,69.68,3600.0,196.6,196.6,196.6,196.6,196.6,646.0,646.0,646.0,646.0,646.0,67.0,126.2,20.8,13.6,0.0396,0.3927,29.24,610.0
1457.0,0.6,10000.0,-4.81,69.68,3600.0,196.6,196.6,196.6,196.6,196.6,646.0,646.0,646.0,646.0,646.0,67.0,126.2,20.8,13.6,0.0396,0.3927,29.24,610.0
1458.0,0.6,10000.0,-4.81,69.68,3600.0,196.6,196.6,196.6,196.6,196.6,646.0,646.0,646.0,646.0,646.0,67.0,126.2,20.8,13.6,0.0396,0.3927,29.24,610.0
1459.0,0.6,10000.0,-4.81,69.68,3600.0,196.6,196.6,196.6,196.6,196.6,646.0,646.0,646.0,646.0,646.0,67.0,126.2,20.8,13.6,0.0396,0.3927,29.24,600.0
1460.0,0.6,10000.0,-4.81,69.68,3600.0,196.6,196.6,196.6,196.6,196.6,646.0,646.0,646.0,646.0,646.0,67.0,126.2,20.8,13.6,0.0396,0.3927,29.24,600.0
1461.0,0.6,10000.0,-4.81,69.68,3600.0,196.6,196.6,196.6,196.6,196.6,646.0,646.0,646.0,646.0,646.0,67.0,126.2,20.8,13.6,0.0396,0.3927,29.24,600.0
1462.0,0.6,10000.0,-4.81,69.68,3600.0,196.6,196.6,196.6,196.6,196.6,646.0,646.0,646.0,646.0,646.0,67.0,126.2,20.8,13.6,0.0396,0.3927,29.24,600.0
1463.0,0.6,10000.0,-4.81,69.68,3600.0,196.6,196.6,196.6,196.6,196.6,646.0,646.0,646.0,646.0,646.0,67.0,126.2,20.8,13.6,0.0396,0.3927,29.24,600.0
1464.0,0.6,10000.0,-4.81,69.68,3600.0,196.6,196.6,196.6,196.6,196.6,646.0,646.0,646.0,646.0,646.0,67.0,126.2,20.8,13.6,0.0396,0.3927,29.24,600.0
1465.0,0.6,10000.0,-4.81,69.68,3600.0,196.6,196.6,196.6,196.6,196.6,646.0,646.0,646.0,646.0,646.0,67.0,126.2,20.8,13.6,0.0396,0.3927,29.24,600.0
1466.0,0.6,10000.0,-4.81,69.68,3600.0,196.6,196.6,196.6,196.6,196.6,646.0,646.0,646.0,646.0,646.0,67.0,126.2,20.8,13.6,0.0396,0.3927,29.24,600.0
1467.0,0.6,10000.0,-4.81,69.68,3600.0,196.6,196.6,196.6,196.6,196.6,646.0,646.0,646.0,646.0,646.0,67.0,126.2,20.8,13.6,0.0396,0.3927,29.24,600.0
1468.0,0.6,10000.0,-4.81,69.68,3600.0,196.6,196.6,196.6,196.6,196.6,646.0,646.0,646.0,646.0,646.0,67.0,126.2,20.8,13.6,0.0396,0.3927,29.24,600.0
1469.0,0.6,10000.0,-4.81,69.68,3600.0,196.6,196.6,196.6,196.6,196.6,646.0,646.0,646.0,646.0,646.0,67.0,126.2,20.8,13.6,0.0396,0.3927,29.24,590.0
1470.0,0.6,10000.0,-4.81,69.68,3600.0,196.6,196.6,196.6,196.6,196.6,646.0,646.0,646.0,646.0,646.0,67.0,126.2,20.8,13.6,0.0396,0.3927,29.24,590.0
1471.0,0.6,10000.0,-4.81,69.68,3600.0,196.6,196.6,196.6,196.6,196.6,646.0,646.0,646.0,646.0,646.0,67.0,126.2,20.8,13.6,0.0396,0.3927,29.24,590.0
1472.0,0.6,10000.0,-4.81,69.68,3600.0,196.6,196.6,196.6,196.6,196.6,646.0,646.0,646.0,646.0,646.0,67.0,126.2,20.8,13.6,0.0396,0.3927,29.24,590.0
1473.0,0.6,10000.0,-4.81,69.68,3600.0,196.6,196.6,196.6,196.6,196.6,646.0,646.0,646.0,646.0,646.0,67.0,126.2,20.8,13.6,0.0396,0.3927,29.24,590.0
1474.0,0.6,10000.0,-4.81,69.68,3600.0,196.6,196.6,196.6,196.6,196.6,646.0,646.0,646.0,646.0,646.0,67.0,126.2,20.8,13.6,0.0396,0.3927,29.24,590.0
1475.0,0.6,10000.0,-4.81,69.68,3600.0,196.6,196.6,196.6,196.6,196.6,646.0,646.0,646.0,646.0,646.0,67.0,126.2,20.8,13.6,0.0396,0.3927,29.24,590.0
1476.0,0.6,10000.0,-4.81,69.68,3600.0,196.6,196.6,196.6,196.6,196.6,646.0,646.0,646.0,646.0,646.0,67.0,126.2,20.8,13.6,0.0396,0.3927,29.24,590.0
1477.0,0.6,10000.0,-4.81,69.68,3600.0,196.6,196.6,196.6,196.6,196.6,646.0,646.0,646.0,646.0,646.0,67.0,126.2,20.8,13.6,0.0396,0.3927,29.24,590.0
1478.0,0.6,10000.0,-4.81,69.68,3600.0,196.6,196.6,196.6,196.6,196.6,646.0,646.0,646.0,646.0,646.0,67.0,126.2,20.8,13.6,0.0396,0.3927,29.24,590.0
1479.0,0.6,10000.0,-4.81,69.68,3600.0,196.6,196.6,196.6,196.6,196.6,646.0,646.0,646.0,646.0,646.0,67.0,126.2,20.8,13.6,0.0396,0.3927,29.24,580.0
1480.0,0.6,10000.0,-4.81,69.68,3600.0,196.6,196.6,196.6,196.6,196.6,646.0,646.0,646.0,646.0,646.0,67.0,126.2,20.8,13.6,0.0396,0.3927,29.24,580.0
1481.0,0.6,10000.0,-4.81,69.68,3600.0,196.6,196.6,196.6,196.6,196.6,646.0,646.0,646.0,646.0,646.0,67.0,126.2,20.8,13.6,0.0396,0.3927,29.24,580.0
1482.0,0.6,10000.0,-4.81,69.68,3600.0,196.6,196.6,196.6,196.6,196.6,646.0,646.0,646.0,646.0,646.0,67.0,126.2,20.8,13.6,0.0396,0.3927,29.24,580.0
1483.0,0.6,10000.0,-4.81,69.68,3600.0,196.6,196.6,196.6,196.6,196.6,646.0,646.0,646.0,646.0,646.0,67.0,126.2,20.8,13.6,0.0396,0.3927,29.24,580.0
1484.0,0.6,10000.0,-4.81,69.68,3600.0,196.6,196.6,196.6,196.6,196.6,646.0,646.0,646.0,646.0,646.0,67.0,126.2,20.8,13.6,0.0396,0.3927,29.24,580.0
1485.0,0.6,10000.0,-4.81,69.68,3600.0,196.6,196.6,196.6,196.6,196.6,646.0,646.0,646.0,646.0,646.0,67.0,126.2,20.8,13.6,0.0396,0.3927,29.24,580.0
1486.0,0.6,10000.0,-4.81,69.68,3600.0,196.6,196.6,196.6,196.6,196.6,646.0,646.0,646.0,646.0,646.0,67.0,126.2,20.8,13.6,0.0396,0.3927,29.24,580.0
1487.0,0.6,10000.0,-4.81,69.68,3600.0,196.6,196.6,196.6,196.6,196.6,646.0,646.0,646.0,646.0,646.0,67.0,126.2,20.8,13.6,0.0396,0.3927,29.24,580.0
1488.0,0.6,10000.0,-4.81,69.68,3600.0,196.6,196.6,196.6,196.6,196.6,646.0,646.0,646.0,646.0,646.0,67.0,126.2,20.8,13.6,0.0396,0.3927,29.24,580.0
1489.0,0.6,10000.0,-4.81,69.68,3600.0,196.6,196.6,196.6,196.6,196.6,646.0,646.0,646.0,646.0,646.0,67.0,126.2,20.8,13.6,0.0396,0.3927,29.24,570.0
1490.0,0.6,10000.0,-4.81,69.68,3600.0,196.6,196.6,196.6,196.6,196.6,646.0,646.0,646.0,646.0,646.0,67.0,126.2,20.8,13.6,0.0396,0.3927,29.24,570.0
1491.0,0.6,10000.0,-4.81,69.68,3600.0,196.6,196.6,196.6,196.6,196.6,646.0,646.0,646.0,646.0,646.0,67.0,126.2,20.8,13.6,0.0396,0.3927,29.24,570.0
1492.0,0.6,10000.0,-4.81,69.68,3600.0,196.6,196.6,196.6,196.6,196.6,646.0,646.0,646.0,646.0,646.0,67.0,126.2,20.8,13.6,0.0396,0.3927,29.24,570.0
1493.0,0.6,10000.0,-4.81,69.68,3600.0,196.6,196.6,196.6,196.6,196.6,646.0,646.0,646.0,646.0,646.0,67.0,126.2,20.8,13.6,0.0396,0.3927,29.24,570.0
1494.0,0.6,10000.0,-4.81,69.68,3600.0,196.6,196.6,196.6,196.6,196.6,646.0,646.0,646.0,646.0,646.0,67.0,126.2,20.8,13.6,0.0396,0.3927,29.24,570.0
1495.0,0.6,10000.0,-4.81,69.68,3600.0,196.6,196.6,196.6,196.6,196.6,646.0,646.0,646.0,646.0,646.0,67.0,126.2,20.8,13.6,0.0396,0.3927,29.24,570.0
1496.0,0.6,10000.0,-4.81,69.68,3600.0,196.6,196.6,196.6,196.6,196.6,646.0,646.0,646.0,646.0,646.0,67.0,126.2,20.8,13.6,0.0396,0.3927,29.24,570.0
1497.0,0.6,10000.0,-4.81,69.68,3600.0,196.6,196.6,196.6,196.6,196.6,646.0,646.0,646.0,646.0,646.0,67.0,126.2,20.8,13.6,0.0396,0.3927,29.24,570.0
1498.0,0.6,10000.0,-4.81,69.68,3600.0,196.6,196.6,196.6,196.6,196.6,646.0,646.0,646.0,646.0,646.0,67.0,126.2,20.8,13.6,0.0396,0.3927,29.24,570.0
1499.0,0.6,10000.0,-4.81,69.68,3600.0,196.6,196.6,196.6,196.6,196.6,646.0,646.0,646.0,646.0,646.0,67.0,126.2,20.8,13.6,0.0396,0.3927,29.24,560.0
1500.0,0.6,10000.0,-4.81,69.68,3600.0,196.6,196.6,196.6,196.6,196.6,646.0,646.0,646.0,646.0,646.0,67.0,126.2,20.8,13.6,0.0396,0.3927,29.24,560.0
1501.0,0.6,10000.0,-4.81,69.68,3600.0,196.6,196.6,196.6,196.6,196.6,646.0,646.0,646.0,646.0,646.0,67.0,126.2,20.8,13.6,0.0396,0.3927,29.24,560.0
1502.0,0.6,10000.0,-4.81,69.68,3600.0,196.6,196.6,196.6,196.6,196.6,646.0,646.0,646.0,646.0,646.0,67.0,126.2,20.8,13.6,0.0396,0.3927,29.24,560.0
1503.0,0.6,10000.0,-4.81,69.68,3600.0,196.6,196.6,196.6,196.6,196.6,646.0,646.0,646.0,646.0,646.0,67.0,126.2,20.8,13.6,0.0396,0.3927,29.24,560.0
1504.0,0.6,10000.0,-4.81,69.68,3600.0,196.6,196.6,196.6,196.6,196.6,646.0,646.0,646.0,646.0,646.0,67.0,126.2,20.8,13.6,0.0396,0.3927,29.24,560.0
1505.0,0.6,10000.0,-4.81,69.68,3600.0,196.6,196.6,196.6,196.6,196.6,646.0,646.0,646.0,646.0,646.0,67.0,126.2,20.8,13.6,0.0396,0.3927,29.24,560.0
1506.0,0.6,10000.0,-4.81,69.68,3600.0,196.6,196.6,196.6,196.6,196.6,646.0,646.0,646.0,646.0,646.0,67.0,126.2,20.8,13.6,0.0396,0.3927,29.24,560.0
1507.0,0.6,10000.0,-4.81,69.68,3600.0,196.6,196.6,196.6,196.6,196.6,646.0,646.0,646.0,646.0,646.0,67.0,126.2,20.8,13.6,0.0396,0.3927,29.24,560.0
1508.0,0.6,10000.0,-4.81,69.68,3600.0,196.6,196.6,196.6,196.6,196.6,646.0,646.0,646.0,646.0,646.0,67.0,126.2,20.8,13.6,0.0396,0.3927,29.24,560.0
1509.0,0.6,10000.0,-4.81,69.68,3600.0,196.6,196.6,196.6,196.6,196.6,646.0,646.0,646.0,646.0,646.0,67.0,126.2,20.8,13.6,0.0396,0.3927,29.24,550.0
1510.0,0.6,10000.0,-4.81,69.68,3600.0,196.6,196.6,196.6,196.6,196.6,646.0,646.0,646.0,646.0,646.0,67.0,126.2,20.8,13.6,0.0396,0.3927,29.24,550.0
1511.0,0.6,10000.0,-4.81,69.68,3600.0,196.6,196.6,196.6,196.6,196.6,646.0,646.0,646.0,646.0,646.0,67.0,126.2,20.8,13.6,0.0396,0.3927,29.24,550.0
1512.0,0.6,10000.0,-4.81,69.68,3600.0,196.6,196.6,196.6,196.6,196.6,646.0,646.0,646.0,646.0,646.0,67.0,126.2,20.8,13.6,0.0396,0.3927,29.24,550.0
1513.0,0.6,10000.0,-4.81,69.68,3600.0,196.6,196.6,196.6,196.6,196.6,646.0,646.0,646.0,646.0,646.0,67.0,126.2,20.8,13.6,0.0396,0.3927,29.24,550.0
1514.0,0.6,10000.0,-4.81,69.68,3600.0,196.6,196.6,196.6,196.6,196.6,646.0,646.0,646.0,646.0,646.0,67.0,126.2,20.8,13.6,0.0396,0.3927,29.24,550.0
1515.0,0.6,10000.0,-4.81,69.68,3600.0,196.6,196.6,196.6,196.6,196.6,646.0,646.0,646.0,646.0,646.0,67.0,126.2,20.8,13.6,0.0396,0.3927,29.24,550.0
1516.0,0.6,10000.0,-4.81,69.68,3600.0,196.6,196.6,196.6,196.6,196.6,646.0,646.0,646.0,646.0,646.0,67.0,126.2,20.8,13.6,0.0396,0.3927,29.24,550.0
1517.0,0.6,10000.0,-4.81,69.68,3600.0,196.6,196.6,196.6,196.6,196.6,646.0,646.0,646.0,646.0,646.0,67.0,126.2,20.8,13.6,0.0396,0.3927,29.24,550.0
1518.0,0.6,10000.0,-4.81,69.68,3600.0,196.6,196.6,196.6,196.6,196.6,646.0,646.0,646.0,646.0,646.0,67.0,126.2,20.8,13.6,0.0396,0.3927,29.24,550.0
1519.0,0.6,10000.0,-4.81,69.68,3600.0,196.6,196.6,196.6,196.6,196.6,646.0,646.0,646.0,646.0,646.0,67.0,126.2,20.8,13.6,0.0396,0.3927,29.24,540.0
1520.0,0.6,10000.0,-4.81,69.68,3600.0,196.6,196.6,196.6,196.6,196.6,646.0,646.0,646.0,646.0,646.0,67.0,126.2,20.8,13.6,0.0396,0.3927,29.24,540.0
1521.0,0.6,10000.0,-4.81,69.68,3600.0,196.6,196.6,196.6,196.6,196.6,646.0,646.0,646.0,646.0,646.0,67.0,126.2,20.8,13.6,0.0396,0.3927,29.24,540.0
1522.0,0.6,10000.0,-4.81,69.68,3600.0,196.6,196.6,196.6,196.6,196.6,646.0,646.0,646.0,646.0,646.0,67.0,126.2,20.8,13.6,0.0396,0.3927,29.24,540.0
1523.0,0.6,10000.0,-4.81,69.68,3600.0,196.6,196.6,196.6,196.6,196.6,646.0,646.0,646.0,646.0,646.0,67.0,126.2,20.8,13.6,0.0396,0.3927,29.24,540.0
1524.0,0.6,10000.0,-4.81,69.68,3600.0,196.6,196.6,196.6,196.6,196.6,646.0,646.0,646.0,646.0,646.0,67.0,126.2,20.8,13.6,0.0396,0.3927,29.24,540.0
1525.0,0.6,10000.0,-4.81,69.68,3600.0,196.6,196.6,196.6,196.6,196.6,646.0,646.0,646.0,646.0,646.0,67.0,126.2,20.8,13.6,0.0396,0.3927,29.24,540.0
1526.0,0.6,10000.0,-4.81,69.68,3600.0,196.6,196.6,196.6,196.6,196.6,646.0,646.0,646.0,646.0,646.0,67.0,126.2,20.8,13.6,0.0396,0.3927,29.24,540.0
1527.0,0.6,10000.0,-4.81,69.68,3600.0,196.6,196.6,196.6,196.6,196.6,646.0,646.0,646.0,646.0,646.0,67.0,126.2,20.8,13.6,0.0396,0.3927,29.24,540.0
1528.0,0.6,10000.0,-4.81,69.68,3600.0,196.6,196.6,196.6,196.6,196.6,646.0,646.0,646.0,646.0,646.0,67.0,126.2,20.8,13.6,0.0396,0.3927,29.24,540.0
1529.0,0.6,10000.0,-4.81,69.68,3600.0,196.6,196.6,196.6,196.6,196.6,646.0,646.0,646.0,646.0,646.0,67.0,126.2,20.8,13.6,0.0396,0.3927,29.24,530.0
1530.0,0.6,10000.0,-4.81,69.68,3600.0,196.6,196.6,196.6,196.6,196.6,646.0,646.0,646.0,646.0,646.0,67.0,126.2,20.8,13.6,0.0396,0.3927,29.24,530.0
1531.0,0.6,10000.0,-4.81,69.68,3600.0,196.6,196.6,196.6,196.6,196.6,646.0,646.0,646.0,646.0,646.0,67.0,126.2,20.8,13.6,0.0396,0.3927,29.24,530.0
1532.0,0.6,10000.0,-4.81,69.68,3600.0,196.6,196.6,196.6,196.6,196.6,646.0,646.0,646.0,646.0,646.0,67.0,126.2,20.8,13.6,0.0396,0.3927,29.24,530.0
1533.0,0.6,10000.0,-4.81,69.68,3600.0,196.6,196.6,196.6,196.6,196.6,646.0,646.0,646.0,646.0,646.0,67.0,126.2,20.8,13.6,0.0396,0.3927,29.24,530.0
1534.0,0.6,10000.0,-4.81,69.68,3600.0,196.6,196.6,196.6,196.6,196.6,646.0,646.0,646.0,646.0,646.0,67.0,126.2,20.8,13.6,0.0396,0.3927,29.24,530.0
1535.0,0.6,10000.0,-4.81,69.68,3600.0,196.6,196.6,196.6,196.6,196.6,646.0,646.0,646.0,646.0,646.0,67.0,126.2,20.8,13.6,0.0396,0.3927,29.24,530.0
1536.0,0.6,10000.0,-4.81,69.68,3600.0,196.6,196.6,196.6,196.6,196.6,646.0,646.0,646.0,646.0,646.0,67.0,126.2,20.8,13.6,0.0396,0.3927,29.24,530.0
1537.0,0.6,10000.0,-4.81,69.68,3600.0,196.6,196.6,196.6,196.6,196.6,646.0,646.0,646.0,646.0,646.0,67.0,126.2,20.8,13.6,0.0396,0.3927,29.24,530.0
1538.0,0.6,10000.0,-4.81,69.68,3600.0,196.6,196.6,196.6,196.6,196.6,646.0,646.0,646.0,646.0,646.0,67.0,126.2,20.8,13.6,0.0396,0.3927,29.24,530.0
1539.0,0.6,10000.0,-4.81,69.68,3600.0,196.6,196.6,196.6,196.6,196.6,646.0,646.0,646.0,646.0,646.0,67.0,126.2,20.8,13.6,0.0396,0.3927,29.24,520.0
1540.0,0.6,10000.0,-4.81,69.68,3600.0,196.6,196.6,196.6,196.6,196.6,646.0,646.0,646.0,646.0,646.0,67.0,126.2,20.8,13.6,0.0396,0.3927,29.24,520.0
1541.0,0.6,10000.0,-4.81,69.68,3600.0,196.6,196.6,196.6,196.6,196.6,646.0,646.0,646.0,646.0,646.0,67.0,126.2,20.8,13.6,0.0396,0.3927,29.24,520.0
1542.0,0.6,10000.0,-4.81,69.68,3600.0,196.6,196.6,196.6,196.6,196.6,646.0,646.0,646.0,646.0,646.0,67.0,126.2,20.8,13.6,0.0396,0.3927,29.24,520.0
1543.0,0.6,10000.0,-4.81,69.68,3600.0,196.6,196.6,196.6,196.6,196.6,646.0,646.0,646.0,646.0,646.0,67.0,126.2,20.8,13.6,0.0396,0.3927,29.24,520.0
1544.0,0.6,10000.0,-4.81,69.68,3600.0,196.6,196.6,196.6,196.6,196.6,646.0,646.0,646.0,646.0,646.0,67.0,126.2,20.8,13.6,0.0396,0.3927,29.24,520.0
1545.0,0.6,10000.0,-4.81,69.68,3600.0,196.6,196.6,196.6,196.6,196.6,646.0,646.0,646.0,646.0,646.0,67.0,126.2,20.8,13.6,0.0396,0.3927,29.24,520.0
1546.0,0.6,10000.0,-4.81,69.68,3600.0,196.6,196.6,196.6,196.6,196.6,646.0,646.0,646.0,646.0,646.0,67.0,126.2,20.8,13.6,0.0396,0.3927,29.24,520.0
1547.0,0.6,10000.0,-4.81,69.68,3600.0,196.6,196.6,196.6,196.6,196.6,646.0,646.0,646.0,646.0,646.0,67.0,126.2,20.8,13.6,0.0396,0.3927,29.24,520.0
1548.0,0.6,10000.0,-4.81,69.68,3600.0,196.6,196.6,196.6,196.6,196.6,646.0,646.0,646.0,646.0,646.0,67.0,126.2,20.8,13.6,0.0396,0.3927,29.24,520.0
1549.0,0.6,10000.0,-4.81,69.68,3600.0,196.6,196.6,196.6,196.6,196.6,646.0,646.0,646.0,646.0,646.0,67.0,126.2,20.8,13.6,0.0396,0.3927,29.24,510.0
1550.0,0.6,10000.0,-4.81,69.68,3600.0,196.6,196.6,196.6,196.6,196.6,646.0,646.0,646.0,646.0,646.0,67.0,126.2,20.8,13.6,0.0396,0.3927,29.24,510.0
1551.0,0.6,10000.0,-4.81,69.68,3600.0,196.6,196.6,196.6,196.6,196.6,646.0,646.0,646.0,646.0,646.0,67.0,126.2,20.8,13.6,0.0396,0.3927,29.24,510.0
1552.0,0.6,10000.0,-4.81,69.68,3600.0,196.6,196.6,196.6,196.6,196.6,646.0,646.0,646.0,646.0,646.0,67.0,126.2,20.8,13.6,0.0396,0.3927,29.24,510.0
1553.0,0.6,10000.0,-4.81,69.68,3600.0,196.6,196.6,196.6,196.6,196.6,646.0,646.0,646.0,646.0,646.0,67.0,126.2,20.8,13.6,0.0396,0.3927,29.24,510.0
1554.0,0.6,10000.0,-4.81,69.68,3600.0,196.6,196.6,196.6,196.6,196.6,646.0,646.0,646.0,646.0,646.0,67.0,126.2,20.8,13.6,0.0396,0.3927,29.24,510.0
1555.0,0.6,10000.0,-4.81,69.68,3600.0,196.6,196.6,196.6,196.6,196.6,646.0,646.0,646.0,646.0,646.0,67.0,126.2,20.8,13.6,0.0396,0.3927,29.24,510.0
1556.0,0.6,10000.0,-4.81,69.68,3600.0,196.6,196.6,196.6,196.6,196.6,646.0,646.0,646.0,646.0,646.0,67.0,126.2,20.8,13.6,0.0396,0.3927,29.24,510.0
1557.0,0.6,10000.0,-4.81,69.68,3600.0,196.6,196.6,196.6,196.6,196.6,646.0,646.0,646.0,646.0,646.0,67.0,126.2,20.8,13.6,0.0396,0.3927,29.24,510.0
1558.0,0.6,10000.0,-4.81,69.68,3600.0,196.6,196.6,196.6,196.6,196.6,646.0,646.0,646.0,646.0,646.0,67.0,126.2,20.8,13.6,0.0396,0.3927,29.24,510.0
1559.0,0.6,10000.0,-4.81,69.68,3600.0,196.6,196.6,196.6,196.6,196.6,646.0,646.0,646.0,646.0,646.0,67.0,126.2,20.8,13.6,0.0396,0.3927,29.24,500.0
1560.0,0.6,10000.0,-4.81,69.68,3600.0,196.6,196.6,196.6,196.6,196.6,646.0,646.0,646.0,646.0,646.0,67.0,126.2,20.8,13.6,0.0396,0.3927,29.24,500.0
1561.0,0.6,10000.0,-4.81,69.68,3600.0,196.6,196.6,196.6,196.6,196.6,646.0,646.0,646.0,646.0,646.0,67.0,126.2,20.8,13.6,0.0396,0.3927,29.24,500.0
1562.0,0.6,10000.0,-4.81,69.68,3600.0,196.6,196.6,196.6,196.6,196.6,646.0,646.0,646.0,646.0,646.0,67.0,126.2,20.8,13.6,0.0396,0.3927,29.24,500.0
1563.0,0.6,10000.0,-4.81,69.68,3600.0,196.6,196.6,196.6,196.6,196.6,646.0,646.0,646.0,646.0,646.0,67.0,126.2,20.8,13.6,0.0396,0.3927,29.24,500.0
1564.0,0.6,10000.0,-4.81,69.68,3600.0,196.6,196.6,196.6,196.6,196.6,646.0,646.0,646.0,646.0,646.0,67.0,126.2,20.8,13.6,0.0396,0.3927,29.24,500.0
1565.0,0.6,10000.0,-4.81,69.68,3600.0,196.6,196.6,196.6,196.6,196.6,646.0,646.0,646.0,646.0,646.0,67.0,126.2,20.8,13.6,0.0396,0.3927,29.24,500.0
1566.0,0.6,10000.0,-4.81,69.68,3600.0,196.6,196.6,196.6,196.6,196.6,646.0,646.0,646.0,646.0,646.0,67.0,126.2,20.8,13.6,0.0396,0.3927,29.24,500.0
1567.0,0.6,10000.0,-4.81,69.68,3600.0,196.6,196.6,196.6,196.6,196.6,646.0,646.0,646.0,646.0,646.0,67.0,126.2,20.8,13.6,0.0396,0.3927,29.24,500.0
1568.0,0.6,10000.0,-4.81,69.68,3600.0,196.6,196.6,196.6,196.6,196.6,646.0,646.0,646.0,646.0,646.0,67.0,126.2,20.8,13.6,0.0396,0.3927,29.24,500.0
1569.0,0.6,10000.0,-4.81,69.68,3600.0,196.6,196.6,196.6,196.6,196.6,646.0,646.0,646.0,646.0,646.0,67.0,126.2,20.8,13.6,0.0396,0.3927,29.24,490.0
1570.0,0.6,10000.0,-4.81,69.68,3600.0,196.6,196.6,196.6,196.6,196.6,646.0,646.0,646.0,646.0,646.0,67.0,126.2,20.8,13.6,0.0396,0.3927,29.24,490.0
1571.0,0.6,10000.0,-4.81,69.68,3600.0,196.6,196.6,196.6,196.6,196.6,646.0,646.0,646.0,646.0,646.0,67.0,126.2,20.8,13.6,0.0396,0.3927,29.24,490.0
1572.0,0.6,10000.0,-4.81,69.68,3600.0,196.6,196.6,196.6,196.6,196.6,646.0,646.0,646.0,646.0,646.0,67.0,126.2,20.8,13.6,0.0396,0.3927,29.24,490.0
1573.0,0.6,10000.0,-4.81,69.68,3600.0,196.6,196.6,196.6,196.6,196.6,646.0,646.0,646.0,646.0,646.0,67.0,126.2,20.8,13.6,0.0396,0.3927,29.24,490.0
1574.0,0.6,10000.0,-4.81,69.68,3600.0,196.6,196.6,196.6,196.6,196.6,646.0,646.0,646.0,646.0,646.0,67.0,126.2,20.8,13.6,0.0396,0.3927,29.24,490.0
1575.0,0.6,10000.0,-4.81,69.68,3600.0,196.6,196.6,196.6,196.6,196.6,646.0,646.0,646.0,646.0,646.0,67.0,126.2,20.8,13.6,0.0396,0.3927,29.24,490.0
1576.0,0.6,10000.0,-4.81,69.68,3600.0,196.6,196.6,196.6,196.6,196.6,646.0,646.0,646.0,646.0,646.0,67.0,126.2,20.8,13.6,0.0396,0.3927,29.24,490.0
1577.0,0.6,10000.0,-4.81,69.68,3600.0,196.6,196.6,196.6,196.6,196.6,646.0,646.0,646.0,646.0,646.0,67.0,126.2,20.8,13.6,0.0396,0.3927,29.24,490.0
1578.0,0.6,10000.0,-4.81,69.68,3600.0,196.6,196.6,196.6,196.6,196.6,646.0,646.0,646.0,646.0,646.0,67.0,126.2,20.8,13.6,0.0396,0.3927,29.24,490.0
1579.0,0.6,10000.0,-4.81,69.68,3600.0,196.6,196.6,196.6,196.6,196.6,646.0,646.0,646.0,646.0,646.0,67.0,126.2,20.8,13.6,0.0396,0.3927,29.24,480.0
1580.0,0.6,10000.0,-4.81,69.68,3600.0,196.6,196.6,196.6,196.6,196.6,646.0,646.0,646.0,646.0,646.0,67.0,126.2,20.8,13.6,0.0396,0.3927,29.24,480.0
1581.0,0.6,10000.0,-4.81,69.68,3600.0,196.6,196.6,196.6,196.6,196.6,646.0,646.0,646.0,646.0,646.0,67.0,126.2,20.8,13.6,0.0396,0.3927,29.24,480.0
1582.0,0.6,10000.0,-4.81,69.68,3600.0,196.6,196.6,196.6,196.6,196.6,646.0,646.0,646.0,646.0,646.0,67.0,126.2,20.8,13.6,0.0396,0.3927,29.24,480.0
1583.0,0.6,10000.0,-4.81,69.68,3600.0,196.6,196.6,196.6,196.6,196.6,646.0,646.0,646.0,646.0,646.0,67.0,126.2,20.8,13.6,0.0396,0.3927,29.24,480.0
1584.0,0.6,10000.0,-4.81,69.68,3600.0,196.6,196.6,196.6,196.6,196.6,646.0,646.0,646.0,646.0,646.0,67.0,126.2,20.8,13.6,0.0396,0.3927,29.24,480.0
1585.0,0.6,10000.0,-4.81,69.68,3600.0,196.6,196.6,196.6,196.6,196.6,646.0,646.0,646.0,646.0,646.0,67.0,126.2,20.8,13.6,0.0396,0.3927,29.24,480.0
1586.0,0.6,10000.0,-4.81,69.68,3600.0,196.6,196.6,196.6,196.6,196.6,646.0,646.0,646.0,646.0,646.0,67.0,126.2,20.8,13.6,0.0396,0.3927,29.24,480.0
1587.0,0.6,10000.0,-4.81,69.68,3600.0,196.6,196.6,196.6,196.6,196.6,646.0,646.0,646.0,646.0,646.0,67.0,126.2,20.8,13.6,0.0396,0.3927,29.24,480.0
1588.0,0.6,10000.0,-4.81,69.68,3600.0,196.6,196.6,196.6,196.6,196.6,646.0,646.0,646.0,646.0,646.0,67.0,126.2,20.8,13.6,0.0396,0.3927,29.24,480.0
1589.0,0.6,10000.0,-4.81,69.68,3600.0,196.6,196.6,196.6,196.6,196.6,646.0,646.0,646.0,646.0,646.0,67.0,126.2,20.8,13.6,0.0396,0.3927,29.24,470.0
1590.0,0.6,10000.0,-4.81,69.68,3600.0,196.6,196.6,196.6,196.6,196.6,646.0,646.0,646.0,646.0,646.0,67.0,126.2,20.8,13.6,0.0396,0.3927,29.24,470.0
1591.0,0.6,10000.0,-4.81,69.68,3600.0,196.6,196.6,196.6,196.6,196.6,646.0,646.0,646.0,646.0,646.0,67.0,126.2,20.8,13.6,0.0396,0.3927,29.24,470.0
1592.0,0.6,10000.0,-4.81,69.68,3600.0,196.6,196.6,196.6,196.6,196.6,646.0,646.0,646.0,646.0,646.0,67.0,126.2,20.8,13.6,0.0396,0.3927,29.24,470.0
1593.0,0.6,10000.0,-4.81,69.68,3600.0,196.6,196.6,196.6,196.6,196.6,646.0,646.0,646.0,646.0,646.0,67.0,126.2,20.8,13.6,0.0396,0.3927,29.24,470.0
1594.0,0.6,10000.0,-4.81,69.68,3600.0,196.6,196.6,196.6,196.6,196.6,646.0,646.0,646.0,646.0,646.0,67.0,126.2,20.8,13.6,0.0396,0.3927,29.24,470.0
1595.0,0.6,10000.0,-4.81,69.68,3600.0,196.6,196.6,196.6,196.6,196.6,646.0,646.0,646.0,646.0,646.0,67.0,126.2,20.8,13.6,0.0396,0.3927,29.24,470.0
1596.0,0.6,10000.0,-4.81,69.68,3600.0,196.6,196.6,196.6,196.6,196.6,646.0,646.0,646.0,646.0,646.0,67.0,126.2,20.8,13.6,0.0396,0.3927,29.24,470.0
1597.0,0.6,10000.0,-4.81,69.68,3600.0,196.6,196.6,196.6,196.6,196.6,646.0,646.0,646.0,646.0,646.0,67.0,126.2,20.8,13.6,0.0396,0.3927,29.24,470.0
1598.0,0.6,10000.0,-4.81,69.68,3600.0,196.6,196.6,196.6,196.6,196.6,646.0,646.0,646.0,646.0,646.0,67.0,126.2,20.8,13.6,0.0396,0.3927,29.24,470.0
1599.0,0.6,10000.0,-4.81,69.68,3600.0,196.6,196.6,196.6,196.6,196.6,646.0,646.0,646.0,646.0,646.0,67.0,126.2,20.8,13.6,0.0396,0.3927,29.24,460.0
1600.0,0.6,10000.0,-4.81,69.68,3600.0,196.6,196.6,196.6,196.6,196.6,646.0,646.0,646.0,646.0,646.0,67.0,126.2,20.8,13.6,0.0396,0.3927,29.24,460.0
1601.0,0.6,10000.0,-4.81,69.68,3600.0,196.6,196.6,196.6,196.6,196.6,646.0,646.0,646.0,646.0,646.0,67.0,126.2,20.8,13.6,0.0396,0.3927,29.24,460.0
1602.0,0.6,10000.0,-4.81,69.68,3600.0,196.6,196.6,196.6,196.6,196.6,646.0,646.0,646.0,646.0,646.0,67.0,126.2,20.8,13.6,0.0396,0.3927,29.24,460.0
1603.0,0.6,10000.0,-4.81,69.68,3600.0,196.6,196.6,196.6,196.6,196.6,646.0,646.0,646.0,646.0,646.0,67.0,126.2,20.8,13.6,0.0396,0.3927,29.24,460.0
1604.0,0.6,10000.0,-4.81,69.68,3600.0,196.6,196.6,196.6,196.6,196.6,646.0,646.0,646.0,646.0,646.0,67.0,126.2,20.8,13.6,0.0396,0.3927,29.24,460.0
1605.0,0.6,10000.0,-4.81,69.68,3600.0,196.6,196.6,196.6,196.6,196.6,646.0,646.0,646.0,646.0,646.0,67.0,126.2,20.8,13.6,0.0396,0.3927,29.24,460.0
1606.0,0.6,10000.0,-4.81,69.68,3600.0,196.6,196.6,196.6,196.6,196.6,646.0,646.0,646.0,646.0,646.0,67.0,126.2,20.8,13.6,0.0396,0.3927,29.24,460.0
1607.0,0.6,10000.0,-4.81,69.68,3600.0,196.6,196.6,196.6,196.6,196.6,646.0,646.0,646.0,646.0,646.0,67.0,126.2,20.8,13.6,0.0396,0.3927,29.24,460.0
1608.0,0.6,10000.0,-4.81,69.68,3600.0,196.6,196.6,196.6,196.6,196.6,646.0,646.0,646.0,646.0,646.0,67.0,126.2,20.8,13.6,0.0396,0.3927,29.24,460.0
1609.0,0.6,10000.0,-4.81,69.68,3600.0,196.6,196.6,196.6,196.6,196.6,646.0,646.0,646.0,646.0,646.0,67.0,126.2,20.8,13.6,0.0396,0.3927,29.24,450.0
1610.0,0.6,10000.0,-4.81,69.68,3600.0,196.6,196.6,196.6,196.6,196.6,646.0,646.0,646.0,646.0,646.0,67.0,126.2,20.8,13.6,0.0396,0.3927,29.24,450.0
1611.0,0.6,10000.0,-4.81,69.68,3600.0,196.6,196.6,196.6,196.6,196.6,646.0,646.0,646.0,646.0,646.0,67.0,126.2,20.8,13.6,0.0396,0.3927,29.24,450.0
1612.0,0.6,10000.0,-4.81,69.68,3600.0,196.6,196.6,196.6,196.6,196.6,646.0,646.0,646.0,646.0,646.0,67.0,126.2,20.8,13.6,0.0396,0.3927,29.24,450.0
1613.0,0.6,10000.0,-4.81,69.68,3600.0,196.6,196.6,196.6,196.6,196.6,646.0,646.0,646.0,646.0,646.0,67.0,126.2,20.8,13.6,0.0396,0.3927,29.24,450.0
1614.0,0.6,10000.0,-4.81,69.68,3600.0,196.6,196.6,196.6,196.6,196.6,646.0,646.0,646.0,646.0,646.0,67.0,126.2,20.8,13.6,0.0396,0.3927,29.24,450.0
1615.0,0.6,10000.0,-4.81,69.68,3600.0,196.6,196.6,196.6,196.6,196.6,646.0,646.0,646.0,646.0,646.0,67.0,126.2,20.8,13.6,0.0396,0.3927,29.24,450.0
1616.0,0.6,10000.0,-4.81,69.68,3600.0,196.6,196.6,196.6,196.6,196.6,646.0,646.0,646.0,646.0,646.0,67.0,126.2,20.8,13.6,0.0396,0.3927,29.24,450.0
1617.0,0.6,10000.0,-4.81,69.68,3600.0,196.6,196.6,196.6,196.6,196.6,646.0,646.0,646.0,646.0,646.0,67.0,126.2,20.8,13.6,0.0396,0.3927,29.24,450.0
1618.0,0.6,10000.0,-4.81,69.68,3600.0,196.6,196.6,196.6,196.6,196.6,646.0,646.0,646.0,646.0,646.0,67.0,126.2,20.8,13.6,0.0396,0.3927,29.24,450.0
1619.0,0.6,10000.0,-4.81,69.68,3600.0,196.6,196.6,196.6,196.6,196.6,646.0,646.0,646.0,646.0,646.0,67.0,126.2,20.8,13.6,0.0396,0.3927,29.24,440.0
1620.0,0.6,10000.0,-4.81,69.68,3600.0,196.6,196.6,196.6,196.6,196.6,646.0,646.0,646.0,646.0,646.0,67.0,126.2,20.8,13.6,0.0396,0.3927,29.24,440.0
1621.0,0.6,10000.0,-4.81,69.68,3600.0,196.6,196.6,196.6,196.6,196.6,646.0,646.0,646.0,646.0,646.0,67.0,126.2,20.8,13.6,0.0396,0.3927,29.24,440.0
1622.0,0.6,10000.0,-4.81,69.68,3600.0,196.6,196.6,196.6,196.6,196.6,646.0,646.0,646.0,646.0,646.0,67.0,126.2,20.8,13.6,0.0396,0.3927,29.24,440.0
1623.0,0.6,10000.0,-4.81,69.68,3600.0,196.6,196.6,196.6,196.6,196.6,646.0,646.0,646.0,646.0,646.0,67.0,126.2,20.8,13.6,0.0396,0.3927,29.24,440.0
1624.0,0.6,10000.0,-4.81,69.68,3600.0,196.6,196.6,196.6,196.6,196.6,646.0,646.0,646.0,646.0,646.0,67.0,126.2,20.8,13.6,0.0396,0.3927,29.24,440.0
1625.0,0.6,10000.0,-4.81,69.68,3600.0,196.6,196.6,196.6,196.6,196.6,646.0,646.0,646.0,646.0,646.0,67.0,126.2,20.8,13.6,0.0396,0.3927,29.24,440.0
1626.0,0.6,10000.0,-4.81,69.68,3600.0,196.6,196.6,196.6,196.6,196.6,646.0,646.0,646.0,646.0,646.0,67.0,126.2,20.8,13.6,0.0396,0.3927,29.24,440.0
1627.0,0.6,10000.0,-4.81,69.68,3600.0,196.6,196.6,196.6,196.6,196.6,646.0,646.0,646.0,646.0,646.0,67.0,126.2,20.8,13.6,0.0396,0.3927,29.24,440.0
1628.0,0.6,10000.0,-4.81,69.68,3600.0,196.6,196.6,196.6,196.6,196.6,646.0,646.0,646.0,646.0,646.0,67.0,126.2,20.8,13.6,0.0396,0.3927,29.24,440.0
1629.0,0.6,10000.0,-4.81,69.68,3600.0,196.6,196.6,196.6,196.6,196.6,646.0,646.0,646.0,646.0,646.0,67.0,126.2,20.8,13.6,0.0396,0.3927,29.24,430.0
1630.0,0.6,10000.0,-4.81,69.68,3600.0,196.6,196.6,196.6,196.6,196.6,646.0,646.0,646.0,646.0,646.0,67.0,126.2,20.8,13.6,0.0396,0.3927,29.24,430.0
1631.0,0.6,10000.0,-4.81,69.68,3600.0,196.6,196.6,196.6,196.6,196.6,646.0,646.0,646.0,646.0,646.0,67.0,126.2,20.8,13.6,0.0396,0.3927,29.24,430.0
1632.0,0.6,10000.0,-4.81,69.68,3600.0,196.6,196.6,196.6,196.6,196.6,646.0,646.0,646.0,646.0,646.0,67.0,126.2,20.8,13.6,0.0396,0.3927,29.24,430.0
1633.0,0.6,10000.0,-4.81,69.68,3600.0,196.6,196.6,196.6,196.6,196.6,646.0,646.0,646.0,646.0,646.0,67.0,126.2,20.8,13.6,0.0396,0.3927,29.24,430.0
1634.0,0.6,10000.0,-4.81,69.68,3600.0,196.6,196.6,196.6,196.6,196.6,646.0,646.0,646.0,646.0,646.0,67.0,126.2,20.8,13.6,0.0396,0.3927,29.24,430.0
1635.0,0.6,10000.0,-4.81,69.68,3600.0,196.6,196.6,196.6,196.6,196.6,646.0,646.0,646.0,646.0,646.0,67.0,126.2,20.8,13.6,0.0396,0.3927,29.24,430.0
1636.0,0.6,10000.0,-4.81,69.68,3600.0,196.6,196.6,196.6,196.6,196.6,646.0,646.0,646.0,646.0,646.0,67.0,126.2,20.8,13.6,0.0396,0.3927,29.24,430.0
1637.0,0.6,10000.0,-4.81,69.68,3600.0,196.6,196.6,196.6,196.6,196.6,646.0,646.0,646.0,646.0,646.0,67.0,126.2,20.8,13.6,0.0396,0.3927,29.24,430.0
1638.0,0.6,10000.0,-4.81,69.68,3600.0,196.6,196.6,196.6,196.6,196.6,646.0,646.0,646.0,646.0,646.0,67.0,126.2,20.8,13.6,0.0396,0.3927,29.24,430.0
1639.0,0.6,10000.0,-4.81,69.68,3600.0,196.6,196.6,196.6,196.6,196.6,646.0,646.0,646.0,646.0,646.0,67.0,126.2,20.8,13.6,0.0396,0.3927,29.24,420.0
1640.0,0.6,10000.0,-4.81,69.68,3600.0,196.6,196.6,196.6,196.6,196.6,646.0,646.0,646.0,646.0,646.0,67.0,126.2,20.8,13.6,0.0396,0.3927,29.24,420.0
1641.0,0.6,10000.0,-4.81,69.68,3600.0,196.6,196.6,196.6,196.6,196.6,646.0,646.0,646.0,646.0,646.0,67.0,126.2,20.8,13.6,0.0396,0.3927,29.24,420.0
1642.0,0.6,10000.0,-4.81,69.68,3600.0,196.6,196.6,196.6,196.6,196.6,646.0,646.0,646.0,646.0,646.0,67.0,126.2,20.8,13.6,0.0396,0.3927,29.24,420.0
1643.0,0.6,10000.0,-4.81,69.68,3600.0,196.6,196.6,196.6,196.6,196.6,646.0,646.0,646.0,646.0,646.0,67.0,126.2,20.8,13.6,0.0396,0.3927,29.24,420.0
1644.0,0.6,10000.0,-4.81,69.68,3600.0,196.6,196.6,196.6,196.6,196.6,646.0,646.0,646.0,646.0,646.0,67.0,126.2,20.8,13.6,0.0396,0.3927,29.24,420.0
1645.0,0.6,10000.0,-4.81,69.68,3600.0,196.6,196.6,196.6,196.6,196.6,646.0,646.0,646.0,646.0,646.0,67.0,126.2,20.8,13.6,0.0396,0.3927,29.24,420.0
1646.0,0.6,10000.0,-4.81,69.68,3600.0,196.6,196.6,196.6,196.6,196.6,646.0,646.0,646.0,646.0,646.0,67.0,126.2,20.8,13.6,0.0396,0.3927,29.24,420.0
1647.0,0.6,10000.0,-4.81,69.68,3600.0,196.6,196.6,196.6,196.6,196.6,646.0,646.0,646.0,646.0,646.0,67.0,126.2,20.8,13.6,0.0396,0.3927,29.24,420.0
1648.0,0.6,10000.0,-4.81,69.68,3600.0,196.6,196.6,196.6,196.6,196.6,646.0,646.0,646.0,646.0,646.0,67.0,126.2,20.8,13.6,0.0396,0.3927,29.24,420.0
1649.0,0.6,10000.0,-4.81,69.68,3600.0,196.6,196.6,196.6,196.6,196.6,646.0,646.0,646.0,646.0,646.0,67.0,126.2,20.8,13.6,0.0396,0.3927,29.24,410.0
1650.0,0.6,10000.0,-4.81,69.68,3600.0,196.6,196.6,196.6,196.6,196.6,646.0,646.0,646.0,646.0,646.0,67.0,126.2,20.8,13.6,0.0396,0.3927,29.24,410.0
1651.0,0.6,10000.0,-4.81,69.68,3600.0,196.6,196.6,196.6,196.6,196.6,646.0,646.0,646.0,646.0,646.0,67.0,126.2,20.8,13.6,0.0396,0.3927,29.24,410.0
1652.0,0.6,10000.0,-4.81,69.68,3600.0,196.6,196.6,196.6,196.6,196.6,646.0,646.0,646.0,646.0,646.0,67.0,126.2,20.8,13.6,0.0396,0.3927,29.24,410.0
1653.0,0.6,10000.0,-4.81,69.68,3600.0,196.6,196.6,196.6,196.6,196.6,646.0,646.0,646.0,646.0,646.0,67.0,126.2,20.8,13.6,0.0396,0.3927,29.24,410.0
1654.0,0.6,10000.0,-4.81,69.68,3600.0,196.6,196.6,196.6,196.6,196.6,646.0,646.0,646.0,646.0,646.0,67.0,126.2,20.8,13.6,0.0396,0.3927,29.24,410.0
1655.0,0.6,10000.0,-4.81,69.68,3600.0,196.6,196.6,196.6,196.6,196.6,646.0,646.0,646.0,646.0,646.0,67.0,126.2,20.8,13.6,0.0396,0.3927,29.24,410.0
1656.0,0.6,10000.0,-4.81,69.68,3600.0,196.6,196.6,196.6,196.6,196.6,646.0,646.0,646.0,646.0,646.0,67.0,126.2,20.8,13.6,0.0396,0.3927,29.24,410.0
1657.0,0.6,10000.0,-4.81,69.68,3600.0,196.6,196.6,196.6,196.6,196.6,646.0,646.0,646.0,646.0,646.0,67.0,126.2,20.8,13.6,0.0396,0.3927,29.24,410.0
1658.0,0.6,10000.0,-4.81,69.68,3600.0,196.6,196.6,196.6,196.6,196.6,646.0,646.0,646.0,646.0,646.0,67.0,126.2,20.8,13.6,0.0396,0.3927,29.24,410.0
1659.0,0.6,10000.0,-4.81,69.68,3600.0,196.6,196.6,196.6,196.6,196.6,646.0,646.0,646.0,646.0,646.0,67.0,126.2,20.8,13.6,0.0396,0.3927,29.24,400.0
1660.0,0.6,10000.0,-4.81,69.68,3600.0,196.6,196.6,196.6,196.6,196.6,646.0,646.0,646.0,646.0,646.0,67.0,126.2,20.8,13.6,0.0396,0.3927,29.24,400.0
1661.0,0.6,10000.0,-4.81,69.68,3600.0,196.6,196.6,196.6,196.6,196.6,646.0,646.0,646.0,646.0,646.0,67.0,126.2,20.8,13.6,0.0396,0.3927,29.24,400.0
1662.0,0.6,10000.0,-4.81,69.68,3600.0,196.6,196.6,196.6,196.6,196.6,646.0,646.0,646.0,646.0,646.0,67.0,126.2,20.8,13.6,0.0396,0.3927,29.24,400.0
1663.0,0.6,10000.0,-4.81,69.68,3600.0,196.6,196.6,196.6,196.6,196.6,646.0,646.0,646.0,646.0,646.0,67.0,126.2,20.8,13.6,0.0396,0.3927,29.24,400.0
1664.0,0.6,10000.0,-4.81,69.68,3600.0,196.6,196.6,196.6,196.6,196.6,646.0,646.0,646.0,646.0,646.0,67.0,126.2,20.8,13.6,0.0396,0.3927,29.24,400.0
1665.0,0.6,10000.0,-4.81,69.68,3600.0,196.6,196.6,196.6,196.6,196.6,646.0,646.0,646.0,646.0,646.0,67.0,126.2,20.8,13.6,0.0396,0.3927,29.24,400.0
1666.0,0.6,10000.0,-4.81,69.68,3600.0,196.6,196.6,196.6,196.6,196.6,646.0,646.0,646.0,646.0,646.0,67.0,126.2,20.8,13.6,0.0396,0.3927,29.24,400.0
1667.0,0.6,10000.0,-4.81,69.68,3600.0,196.6,196.6,196.6,196.6,196.6,646.0,646.0,646.0,646.0,646.0,67.0,126.2,20.8,13.6,0.0396,0.3927,29.24,400.0
1668.0,0.6,10000.0,-4.81,69.68,3600.0,196.6,196.6,196.6,196.6,196.6,646.0,646.0,646.0,646.0,646.0,67.0,126.2,20.8,13.6,0.0396,0.3927,29.24,400.0
1669.0,0.6,10000.0,-4.81,69.68,3600.0,196.6,196.6,196.6,196.6,196.6,646.0,646.0,646.0,646.0,646.0,67.0,126.2,20.8,13.6,0.0396,0.3927,29.24,390.0
1670.0,0.6,10000.0,-4.81,69.68,3600.0,196.6,196.6,196.6,196.6,196.6,646.0,646.0,646.0,646.0,646.0,67.0,126.2,20.8,13.6,0.0396,0.3927,29.24,390.0
1671.0,0.6,10000.0,-4.81,69.68,3600.0,196.6,196.6,196.6,196.6,196.6,646.0,646.0,646.0,646.0,646.0,67.0,126.2,20.8,13.6,0.0396,0.3927,29.24,390.0
1672.0,0.6,10000.0,-4.81,69.68,3600.0,196.6,196.6,196.6,196.6,196.6,646.0,646.0,646.0,646.0,646.0,67.0,126.2,20.8,13.6,0.0396,0.3927,29.24,390.0
1673.0,0.6,10000.0,-4.81,69.68,3600.0,196.6,196.6,196.6,196.6,196.6,646.0,646.0,646.0,646.0,646.0,67.0,126.2,20.8,13.6,0.0396,0.3927,29.24,390.0
1674.0,0.6,10000.0,-4.81,69.68,3600.0,196.6,196.6,196.6,196.6,196.6,646.0,646.0,646.0,646.0,646.0,67.0,126.2,20.8,13.6,0.0396,0.3927,29.24,390.0
1675.0,0.6,10000.0,-4.81,69.68,3600.0,196.6,196.6,196.6,196.6,196.6,646.0,646.0,646.0,646.0,646.0,67.0,126.2,20.8,13.6,0.0396,0.3927,29.24,390.0
1676.0,0.6,10000.0,-4.81,69.68,3600.0,196.6,196.6,196.6,196.6,196.6,646.0,646.0,646.0,646.0,646.0,67.0,126.2,20.8,13.6,0.0396,0.3927,29.24,390.0
1677.0,0.6,10000.0,-4.81,69.68,3600.0,196.6,196.6,196.6,196.6,196.6,646.0,646.0,646.0,646.0,646.0,67.0,126.2,20.8,13.6,0.0396,0.3927,29.24,390.0
1678.0,0.6,10000.0,-4.81,69.68,3600.0,196.6,196.6,196.6,196.6,196.6,646.0,646.0,646.0,646.0,646.0,67.0,126.2,20.8,13.6,0.0396,0.3927,29.24,390.0
1679.0,0.6,10000.0,-4.81,69.68,3600.0,196.6,196.6,196.6,196.6,196.6,646.0,646.0,646.0,646.0,646.0,67.0,126.2,20.8,13.6,0.0396,0.3927,29.24,380.0
1680.0,0.6,10000.0,-4.81,69.68,3600.0,196.6,196.6,196.6,196.6,196.6,646.0,646.0,646.0,646.0,646.0,67.0,126.2,20.8,13.6,0.0396,0.3927,29.24,380.0
1681.0,0.6,10000.0,-4.81,69.68,3600.0,196.6,196.6,196.6,196.6,196.6,646.0,646.0,646.0,646.0,646.0,67.0,126.2,20.8,13.6,0.0396,0.3927,29.24,380.0
1682.0,0.6,10000.0,-4.81,69.68,3600.0,196.6,196.6,196.6,196.6,196.6,646.0,646.0,646.0,646.0,646.0,67.0,126.2,20.8,13.6,0.0396,0.3927,29.24,380.0
1683.0,0.6,10000.0,-4.81,69.68,3600.0,196.6,196.6,196.6,196.6,196.6,646.0,646.0,646.0,646.0,646.0,67.0,126.2,20.8,13.6,0.0396,0.3927,29.24,380.0
1684.0,0.6,10000.0,-4.81,69.68,3600.0,196.6,196.6,196.6,196.6,196.6,646.0,646.0,646.0,646.0,646.0,67.0,126.2,20.8,13.6,0.0396,0.3927,29.24,380.0
1685.0,0.6,10000.0,-4.81,69.68,3600.0,196.6,196.6,196.6,196.6,196.6,646.0,646.0,646.0,646.0,646.0,67.0,126.2,20.8,13.6,0.0396,0.3927,29.24,380.0
1686.0,0.6,10000.0,-4.81,69.68,3600.0,196.6,196.6,196.6,196.6,196.6,646.0,646.0,646.0,646.0,646.0,67.0,126.2,20.8,13.6,0.0396,0.3927,29.24,380.0
1687.0,0.6,10000.0,-4.81,69.68,3600.0,196.6,196.6,196.6,196.6,196.6,646.0,646.0,646.0,646.0,646.0,67.0,126.2,20.8,13.6,0.0396,0.3927,29.24,380.0
1688.0,0.6,10000.0,-4.81,69.68,3600.0,196.6,196.6,196.6,196.6,196.6,646.0,646.0,646.0,646.0,646.0,67.0,126.2,20.8,13.6,0.0396,0.3927,29.24,380.0
1689.0,0.6,10000.0,-4.81,69.68,3600.0,196.6,196.6,196.6,196.6,196.6,646.0,646.0,646.0,646.0,646.0,67.0,126.2,20.8,13.6,0.0396,0.3927,29.24,370.0
1690.0,0.6,10000.0,-4.81,69.68,3600.0,196.6,196.6,196.6,196.6,196.6,646.0,646.0,646.0,646.0,646.0,67.0,126.2,20.8,13.6,0.0396,0.3927,29.24,370.0
1691.0,0.6,10000.0,-4.81,69.68,3600.0,196.6,196.6,196.6,196.6,196.6,646.0,646.0,646.0,646.0,646.0,67.0,126.2,20.8,13.6,0.0396,0.3927,29.24,370.0
1692.0,0.6,10000.0,-4.81,69.68,3600.0,196.6,196.6,196.6,196.6,196.6,646.0,646.0,646.0,646.0,646.0,67.0,126.2,20.8,13.6,0.0396,0.3927,29.24,370.0
1693.0,0.6,10000.0,-4.81,69.68,3600.0,196.6,196.6,196.6,196.6,196.6,646.0,646.0,646.0,646.0,646.0,67.0,126.2,20.8,13.6,0.0396,0.3927,29.24,370.0
1694.0,0.6,10000.0,-4.81,69.68,3600.0,196.6,196.6,196.6,196.6,196.6,646.0,646.0,646.0,646.0,646.0,67.0,126.2,20.8,13.6,0.0396,0.3927,29.24,370.0
1695.0,0.6,10000.0,-4.81,69.68,3600.0,196.6,196.6,196.6,196.6,196.6,646.0,646.0,646.0,646.0,646.0,67.0,126.2,20.8,13.6,0.0396,0.3927,29.24,370.0
1696.0,0.6,10000.0,-4.81,69.68,3600.0,196.6,196.6,196.6,196.6,196.6,646.0,646.0,646.0,646.0,646.0,67.0,126.2,20.8,13.6,0.0396,0.3927,29.24,370.0
1697.0,0.6,10000.0,-4.81,69.68,3600.0,196.6,196.6,196.6,196.6,196.6,646.0,646.0,646.0,646.0,646.0,67.0,126.2,20.8,13.6,0.0396,0.3927,29.24,370.0
1698.0,0.6,10000.0,-4.81,69.68,3600.0,196.6,196.6,196.6,196.6,196.6,646.0,646.0,646.0,646.0,646.0,67.0,126.2,20.8,13.6,0.0396,0.3927,29.24,370.0
1699.0,0.6,10000.0,-4.81,69.68,3600.0,196.6,196.6,196.6,196.6,196.6,646.0,646.0,646.0,646.0,646.0,67.0,126.2,20.8,13.6,0.0396,0.3927,29.24,360.0
1700.0,0.6,10000.0,-4.81,69.68,3600.0,196.6,196.6,196.6,196.6,196.6,646.0,646.0,646.0,646.0,646.0,67.0,126.2,20.8,13.6,0.0396,0.3927,29.24,360.0
1701.0,0.6,10000.0,-4.81,69.68,3600.0,196.6,196.6,196.6,196.6,196.6,646.0,646.0,646.0,646.0,646.0,67.0,126.2,20.8,13.6,0.0396,0.3927,29.24,360.0
1702.0,0.6,10000.0,-4.81,69.68,3600.0,196.6,196.6,196.6,196.6,196.6,646.0,646.0,646.0,646.0,646.0,67.0,126.2,20.8,13.6,0.0396,0.3927,29.24,360.0
1703.0,0.6,10000.0,-4.81,69.68,3600.0,196.6,196.6,196.6,196.6,196.6,646.0,646.0,646.0,646.0,646.0,67.0,126.2,20.8,13.6,0.0396,0.3927,29.24,360.0
1704.0,0.6,10000.0,-4.81,69.68,3600.0,196.6,196.6,196.6,196.6,196.6,646.0,646.0,646.0,646.0,646.0,67.0,126.2,20.8,13.6,0.0396,0.3927,29.24,360.0
1705.0,0.6,10000.0,-4.81,69.68,3600.0,196.6,196.6,196.6,196.6,196.6,646.0,646.0,646.0,646.0,646.0,67.0,126.2,20.8,13.6,0.0396,0.3927,29.24,360.0
1706.0,0.6,10000.0,-4.81,69.68,3600.0,196.6,196.6,196.6,196.6,196.6,646.0,646.0,646.0,646.0,646.0,67.0,126.2,20.8,13.6,0.0396,0.3927,29.24,360.0
1707.0,0.6,10000.0,-4.81,69.68,3600.0,196.6,196.6,196.6,196.6,196.6,646.0,646.0,646.0,646.0,646.0,67.0,126.2,20.8,13.6,0.0396,0.3927,29.24,360.0
1708.0,0.6,10000.0,-4.81,69.68,3600.0,196.6,196.6,196.6,196.6,196.6,646.0,646.0,646.0,646.0,646.0,67.0,126.2,20.8,13.6,0.0396,0.3927,29.24,360.0
1709.0,0.6,10000.0,-4.81,69.68,3600.0,196.6,196.6,196.6,196.6,196.6,646.0,646.0,646.0,646.0,646.0,67.0,126.2,20.8,13.6,0.0396,0.3927,29.24,350.0
1710.0,0.6,10000.0,-4.81,69.68,3600.0,196.6,196.6,196.6,196.6,196.6,646.0,646.0,646.0,646.0,646.0,67.0,126.2,20.8,13.6,0.0396,0.3927,29.24,350.0
1711.0,0.6,10000.0,-4.81,69.68,3600.0,196.6,196.6,196.6,196.6,196.6,646.0,646.0,646.0,646.0,646.0,67.0,126.2,20.8,13.6,0.0396,0.3927,29.24,350.0
1712.0,0.6,10000.0,-4.81,69.68,3600.0,196.6,196.6,196.6,196.6,196.6,646.0,646.0,646.0,646.0,646.0,67.0,126.2,20.8,13.6,0.0396,0.3927,29.24,350.0
1713.0,0.6,10000.0,-4.81,69.68,3600.0,196.6,196.6,196.6,196.6,196.6,646.0,646.0,646.0,646.0,646.0,67.0,126.2,20.8,13.6,0.0396,0.3927,29.24,350.0
1714.0,0.6,10000.0,-4.81,69.68,3600.0,196.6,196.6,196.6,196.6,196.6,646.0,646.0,646.0,646.0,646.0,67.0,126.2,20.8,13.6,0.0396,0.3927,29.24,350.0
1715.0,0.6,10000.0,-4.81,69.68,3600.0,196.6,196.6,196.6,196.6,196.6,646.0,646.0,646.0,646.0,646.0,67.0,126.2,20.8,13.6,0.0396,0.3927,29.24,350.0
1716.0,0.6,10000.0,-4.81,69.68,3600.0,196.6,196.6,196.6,196.6,196.6,646.0,646.0,646.0,646.0,646.0,67.0,126.2,20.8,13.6,0.0396,0.3927,29.24,350.0
1717.0,0.6,10000.0,-4.81,69.68,3600.0,196.6,196.6,196.6,196.6,196.6,646.0,646.0,646.0,646.0,646.0,67.0,126.2,20.8,13.6,0.0396,0.3927,29.24,350.0
1718.0,0.6,10000.0,-4.81,69.68,3600.0,196.6,196.6,196.6,196.6,196.6,646.0,646.0,646.0,646.0,646.0,67.0,126.2,20.8,13.6,0.0396,0.3927,29.24,350.0
1719.0,0.6,10000.0,-4.81,69.68,3600.0,196.6,196.6,196.6,196.6,196.6,646.0,646.0,646.0,646.0,646.0,67.0,126.2,20.8,13.6,0.0396,0.3927,29.24,340.0
1720.0,0.6,10000.0,-4.81,69.68,3600.0,196.6,196.6,196.6,196.6,196.6,646.0,646.0,646.0,646.0,646.0,67.0,126.2,20.8,13.6,0.0396,0.3927,29.24,340.0
1721.0,0.6,10000.0,-4.81,69.68,3600.0,196.6,196.6,196.6,196.6,196.6,646.0,646.0,646.0,646.0,646.0,67.0,126.2,20.8,13.6,0.0396,0.3927,29.24,340.0
1722.0,0.6,10000.0,-4.81,69.68,3600.0,196.6,196.6,196.6,196.6,196.6,646.0,646.0,646.0,646.0,646.0,67.0,126.2,20.8,13.6,0.0396,0.3927,29.24,340.0
1723.0,0.6,10000.0,-4.81,69.68,3600.0,196.6,196.6,196.6,196.6,196.6,646.0,646.0,646.0,646.0,646.0,67.0,126.2,20.8,13.6,0.0396,0.3927,29.24,340.0
1724.0,0.6,10000.0,-4.81,69.68,3600.0,196.6,196.6,196.6,196.6,196.6,646.0,646.0,646.0,646.0,646.0,67.0,126.2,20.8,13.6,0.0396,0.3927,29.24,340.0
1725.0,0.6,10000.0,-4.81,69.68,3600.0,196.6,196.6,196.6,196.6,196.6,646.0,646.0,646.0,646.0,646.0,67.0,126.2,20.8,13.6,0.0396,0.3927,29.24,340.0
1726.0,0.6,10000.0,-4.81,69.68,3600.0,196.6,196.6,196.6,196.6,196.6,646.0,646.0,646.0,646.0,646.0,67.0,126.2,20.8,13.6,0.0396,0.3927,29.24,340.0
1727.0,0.6,10000.0,-4.81,69.68,3600.0,196.6,196.6,196.6,196.6,196.6,646.0,646.0,646.0,646.0,646.0,67.0,126.2,20.8,13.6,0.0396,0.3927,29.24,340.0
1728.0,0.6,10000.0,-4.81,69.68,3600.0,196.6,196.6,196.6,196.6,196.6,646.0,646.0,646.0,646.0,646.0,67.0,126.2,20.8,13.6,0.0396,0.3927,29.24,340.0
1729.0,0.6,10000.0,-4.81,69.68,3600.0,196.6,196.6,196.6,196.6,196.6,646.0,646.0,646.0,646.0,646.0,67.0,126.2,20.8,13.6,0.0396,0.3927,29.24,330.0
1730.0,0.6,10000.0,-4.81,69.68,3600.0,196.6,196.6,196.6,196.6,196.6,646.0,646.0,646.0,646.0,646.0,67.0,126.2,20.8,13.6,0.0396,0.3927,29.24,330.0
1731.0,0.6,10000.0,-4.81,69.68,3600.0,196.6,196.6,196.6,196.6,196.6,646.0,646.0,646.0,646.0,646.0,67.0,126.2,20.8,13.6,0.0396,0.3927,29.24,330.0
1732.0,0.6,10000.0,-4.81,69.68,3600.0,196.6,196.6,196.6,196.6,196.6,646.0,646.0,646.0,646.0,646.0,67.0,126.2,20.8,13.6,0.0396,0.3927,29.24,330.0
1733.0,0.6,10000.0,-4.81,69.68,3600.0,196.6,196.6,196.6,196.6,196.6,646.0,646.0,646.0,646.0,646.0,67.0,126.2,20.8,13.6,0.0396,0.3927,29.24,330.0
1734.0,0.6,10000.0,-4.81,69.68,3600.0,196.6,196.6,196.6,196.6,196.6,646.0,646.0,646.0,646.0,646.0,67.0,126.2,20.8,13.6,0.0396,0.3927,29.24,330.0
1735.0,0.6,10000.0,-4.81,69.68,3600.0,196.6,196.6,196.6,196.6,196.6,646.0,646.0,646.0,646.0,646.0,67.0,126.2,20.8,13.6,0.0396,0.3927,29.24,330.0
1736.0,0.6,10000.0,-4.81,69.68,3600.0,196.6,196.6,196.6,196.6,196.6,646.0,646.0,646.0,646.0,646.0,67.0,126.2,20.8,13.6,0.0396,0.3927,29.24,330.0
1737.0,0.6,10000.0,-4.81,69.68,3600.0,196.6,196.6,196.6,196.6,196.6,646.0,646.0,646.0,646.0,646.0,67.0,126.2,20.8,13.6,0.0396,0.3927,29.24,330.0
1738.0,0.6,10000.0,-4.81,69.68,3600.0,196.6,196.6,196.6,196.6,196.6,646.0,646.0,646.0,646.0,646.0,67.0,126.2,20.8,13.6,0.0396,0.3927,29.24,330.0
1739.0,0.6,10000.0,-4.81,69.68,3600.0,196.6,196.6,196.6,196.6,196.6,646.0,646.0,646.0,646.0,646.0,67.0,126.2,20.8,13.6,0.0396,0.3927,29.24,320.0
1740.0,0.6,10000.0,-4.81,69.68,3600.0,196.6,196.6,196.6,196.6,196.6,646.0,646.0,646.0,646.0,646.0,67.0,126.2,20.8,13.6,0.0396,0.3927,29.24,320.0
1741.0,0.6,10000.0,-4.81,69.68,3600.0,196.6,196.6,196.6,196.6,196.6,646.0,646.0,646.0,646.0,646.0,67.0,126.2,20.8,13.6,0.0396,0.3927,29.24,320.0
1742.0,0.6,10000.0,-4.81,69.68,3600.0,196.6,196.6,196.6,196.6,196.6,646.0,646.0,646.0,646.0,646.0,67.0,126.2,20.8,13.6,0.0396,0.3927,29.24,320.0
1743.0,0.6,10000.0,-4.81,69.68,3600.0,196.6,196.6,196.6,196.6,196.6,646.0,646.0,646.0,646.0,646.0,67.0,126.2,20.8,13.6,0.0396,0.3927,29.24,320.0
1744.0,0.6,10000.0,-4.81,69.68,3600.0,196.6,196.6,196.6,196.6,196.6,646.0,646.0,646.0,646.0,646.0,67.0,126.2,20.8,13.6,0.0396,0.3927,29.24,320.0
1745.0,0.6,10000.0,-4.81,69.68,3600.0,196.6,196.6,196.6,196.6,196.6,646.0,646.0,646.0,646.0,646.0,67.0,126.2,20.8,13.6,0.0396,0.3927,29.24,320.0
1746.0,0.6,10000.0,-4.81,69.68,3600.0,196.6,196.6,196.6,196.6,196.6,646.0,646.0,646.0,646.0,646.0,67.0,126.2,20.8,13.6,0.0396,0.3927,29.24,320.0
1747.0,0.6,10000.0,-4.81,69.68,3600.0,196.6,196.6,196.6,196.6,196.6,646.0,646.0,646.0,646.0,646.0,67.0,126.2,20.8,13.6,0.0396,0.3927,29.24,320.0
1748.0,0.6,10000.0,-4.81,69.68,3600.0,196.6,196.6,196.6,196.6,196.6,646.0,646.0,646.0,646.0,646.0,67.0,126.2,20.8,13.6,0.0396,0.3927,29.24,320.0
1749.0,0.6,10000.0,-4.81,69.68,3600.0,196.6,196.6,196.6,196.6,196.6,646.0,646.0,646.0,646.0,646.0,67.0,126.2,20.8,13.6,0.0396,0.3927,29.24,310.0
1750.0,0.6,10000.0,-4.81,69.68,3600.0,196.6,196.6,196.6,196.6,196.6,646.0,646.0,646.0,646.0,646.0,67.0,126.2,20.8,13.6,0.0396,0.3927,29.24,310.0
1751.0,0.6,10000.0,-4.81,69.68,3600.0,196.6,196.6,196.6,196.6,196.6,646.0,646.0,646.0,646.0,646.0,67.0,126.2,20.8,13.6,0.0396,0.3927,29.24,310.0
1752.0,0.6,10000.0,-4.81,69.68,3600.0,196.6,196.6,196.6,196.6,196.6,646.0,646.0,646.0,646.0,646.0,67.0,126.2,20.8,13.6,0.0396,0.3927,29.24,310.0
1753.0,0.6,10000.0,-4.81,69.68,3600.0,196.6,196.6,196.6,196.6,196.6,646.0,646.0,646.0,646.0,646.0,67.0,126.2,20.8,13.6,0.0396,0.3927,29.24,310.0
1754.0,0.6,10000.0,-4.81,69.68,3600.0,196.6,196.6,196.6,196.6,196.6,646.0,646.0,646.0,646.0,646.0,67.0,126.2,20.8,13.6,0.0396,0.3927,29.24,310.0
1755.0,0.6,10000.0,-4.81,69.68,3600.0,196.6,196.6,196.6,196.6,196.6,646.0,646.0,646.0,646.0,646.0,67.0,126.2,20.8,13.6,0.0396,0.3927,29.24,310.0
1756.0,0.6,10000.0,-4.81,69.68,3600.0,196.6,196.6,196.6,196.6,196.6,646.0,646.0,646.0,646.0,646.0,67.0,126.2,20.8,13.6,0.0396,0.3927,29.24,310.0
1757.0,0.6,10000.0,-4.81,69.68,3600.0,196.6,196.6,196.6,196.6,196.6,646.0,646.0,646.0,646.0,646.0,67.0,126.2,20.8,13.6,0.0396,0.3927,29.24,310.0
1758.0,0.6,10000.0,-4.81,69.68,3600.0,196.6,196.6,196.6,196.6,196.6,646.0,646.0,646.0,646.0,646.0,67.0,126.2,20.8,13.6,0.0396,0.3927,29.24,310.0
1759.0,0.6,10000.0,-4.81,69.68,3600.0,196.6,196.6,196.6,196.6,196.6,646.0,646.0,646.0,646.0,646.0,67.0,126.2,20.8,13.6,0.0396,0.3927,29.24,300.0
1760.0,0.6,10000.0,-4.81,69.68,3600.0,196.6,196.6,196.6,196.6,196.6,646.0,646.0,646.0,646.0,646.0,67.0,126.2,20.8,13.6,0.0396,0.3927,29.24,300.0
1761.0,0.6,10000.0,-4.81,69.68,3600.0,196.6,196.6,196.6,196.6,196.6,646.0,646.0,646.0,646.0,646.0,67.0,126.2,20.8,13.6,0.0396,0.3927,29.24,300.0
1762.0,0.6,10000.0,-4.81,69.68,3600.0,196.6,196.6,196.6,196.6,196.6,646.0,646.0,646.0,646.0,646.0,67.0,126.2,20.8,13.6,0.0396,0.3927,29.24,300.0
1763.0,0.6,10000.0,-4.81,69.68,3600.0,196.6,196.6,196.6,196.6,196.6,646.0,646.0,646.0,646.0,646.0,67.0,126.2,20.8,13.6,0.0396,0.3927,29.24,300.0
1764.0,0.6,10000.0,-4.81,69.68,3600.0,196.6,196.6,196.6,196.6,196.6,646.0,646.0,646.0,646.0,646.0,67.0,126.2,20.8,13.6,0.0396,0.3927,29.24,300.0
1765.0,0.6,10000.0,-4.81,69.68,3600.0,196.6,196.6,196.6,196.6,196.6,646.0,646.0,646.0,646.0,646.0,67.0,126.2,20.8,13.6,0.0396,0.3927,29.24,300.0
1766.0,0.6,10000.0,-4.81,69.68,3600.0,196.6,196.6,196.6,196.6,196.6,646.0,646.0,646.0,646.0,646.0,67.0,126.2,20.8,13.6,0.0396,0.3927,29.24,300.0
1767.0,0.6,10000.0,-4.81,69.68,3600.0,196.6,196.6,196.6,196.6,196.6,646.0,646.0,646.0,646.0,646.0,67.0,126.2,20.8,13.6,0.0396,0.3927,29.24,300.0
1768.0,0.6,10000.0,-4.81,69.68,3600.0,196.6,196.6,196.6,196.6,196.6,646.0,646.0,646.0,646.0,646.0,67.0,126.2,20.8,13.6,0.0396,0.3927,29.24,300.0
1769.0,0.6,10000.0,-4.81,69.68,3600.0,196.6,196.6,196.6,196.6,196.6,646.0,646.0,646.0,646.0,646.0,67.0,126.2,20.8,13.6,0.0396,0.3927,29.24,290.0
1770.0,0.6,10000.0,-4.81,69.68,3600.0,196.6,196.6,196.6,196.6,196.6,646.0,646.0,646.0,646.0,646.0,67.0,126.2,20.8,13.6,0.0396,0.3927,29.24,290.0
1771.0,0.6,10000.0,-4.81,69.68,3600.0,196.6,196.6,196.6,196.6,196.6,646.0,646.0,646.0,646.0,646.0,67.0,126.2,20.8,13.6,0.0396,0.3927,29.24,290.0
1772.0,0.6,10000.0,-4.81,69.68,3600.0,196.6,196.6,196.6,196.6,196.6,646.0,646.0,646.0,646.0,646.0,67.0,126.2,20.8,13.6,0.0396,0.3927,29.24,290.0
1773.0,0.6,10000.0,-4.81,69.68,3600.0,196.6,196.6,196.6,196.6,196.6,646.0,646.0,646.0,646.0,646.0,67.0,126.2,20.8,13.6,0.0396,0.3927,29.24,290.0
1774.0,0.6,10000.0,-4.81,69.68,3600.0,196.6,196.6,196.6,196.6,196.6,646.0,646.0,646.0,646.0,646.0,67.0,126.2,20.8,13.6,0.0396,0.3927,29.24,290.0
1775.0,0.6,10000.0,-4.81,69.68,3600.0,196.6,196.6,196.6,196.6,196.6,646.0,646.0,646.0,646.0,646.0,67.0,126.2,20.8,13.6,0.0396,0.3927,29.24,290.0
1776.0,0.6,10000.0,-4.81,69.68,3600.0,196.6,196.6,196.6,196.6,196.6,646.0,646.0,646.0,646.0,646.0,67.0,126.2,20.8,13.6,0.0396,0.3927,29.24,290.0
1777.0,0.6,10000.0,-4.81,69.68,3600.0,196.6,196.6,196.6,196.6,196.6,646.0,646.0,646.0,646.0,646.0,67.0,126.2,20.8,13.6,0.0396,0.3927,29.24,290.0
1778.0,0.6,10000.0,-4.81,69.68,3600.0,196.6,196.6,196.6,196.6,196.6,646.0,646.0,646.0,646.0,646.0,67.0,126.2,20.8,13.6,0.0396,0.3927,29.24,290.0
1779.0,0.6,10000.0,-4.81,69.68,3600.0,196.6,196.6,196.6,196.6,196.6,646.0,646.0,646.0,646.0,646.0,67.0,126.2,20.8,13.6,0.0396,0.3927,29.24,280.0
1780.0,0.6,10000.0,-4.81,69.68,3600.0,196.6,196.6,196.6,196.6,196.6,646.0,646.0,646.0,646.0,646.0,67.0,126.2,20.8,13.6,0.0396,0.3927,29.24,280.0
1781.0,0.6,10000.0,-4.81,69.68,3600.0,196.6,196.6,196.6,196.6,196.6,646.0,646.0,646.0,646.0,646.0,67.0,126.2,20.8,13.6,0.0396,0.3927,29.24,280.0
1782.0,0.6,10000.0,-4.81,69.68,3600.0,196.6,196.6,196.6,196.6,196.6,646.0,646.0,646.0,646.0,646.0,67.0,126.2,20.8,13.6,0.0396,0.3927,29.24,280.0
1783.0,0.6,10000.0,-4.81,69.68,3600.0,196.6,196.6,196.6,196.6,196.6,646.0,646.0,646.0,646.0,646.0,67.0,126.2,20.8,13.6,0.0396,0.3927,29.24,280.0
1784.0,0.6,10000.0,-4.81,69.68,3600.0,196.6,196.6,196.6,196.6,196.6,646.0,646.0,646.0,646.0,646.0,67.0,126.2,20.8,13.6,0.0396,0.3927,29.24,280.0
1785.0,0.6,10000.0,-4.81,69.68,3600.0,196.6,196.6,196.6,196.6,196.6,646.0,646.0,646.0,646.0,646.0,67.0,126.2,20.8,13.6,0.0396,0.3927,29.24,280.0
1786.0,0.6,10000.0,-4.81,69.68,3600.0,196.6,196.6,196.6,196.6,196.6,646.0,646.0,646.0,646.0,646.0,67.0,126.2,20.8,13.6,0.0396,0.3927,29.24,280.0
1787.0,0.6,10000.0,-4.81,69.68,3600.0,196.6,196.6,196.6,196.6,196.6,646.0,646.0,646.0,646.0,646.0,67.0,126.2,20.8,13.6,0.0396,0.3927,29.24,280.0
1788.0,0.6,10000.0,-4.81,69.68,3600.0,196.6,196.6,196.6,196.6,196.6,646.0,646.0,646.0,646.0,646.0,67.0,126.2,20.8,13.6,0.0396,0.3927,29.24,280.0
1789.0,0.6,10000.0,-4.81,69.68,3600.0,196.6,196.6,196.6,196.6,196.6,646.0,646.0,646.0,646.0,646.0,67.0,126.2,20.8,13.6,0.0396,0.3927,29.24,270.0
1790.0,0.6,10000.0,-4.81,69.68,3600.0,196.6,196.6,196.6,196.6,196.6,646.0,646.0,646.0,646.0,646.0,67.0,126.2,20.8,13.6,0.0396,0.3927,29.24,270.0
1791.0,0.6,10000.0,-4.81,69.68,3600.0,196.6,196.6,196.6,196.6,196.6,646.0,646.0,646.0,646.0,646.0,67.0,126.2,20.8,13.6,0.0396,0.3927,29.24,270.0
1792.0,0.6,10000.0,-4.81,69.68,3600.0,196.6,196.6,196.6,196.6,196.6,646.0,646.0,646.0,646.0,646.0,67.0,126.2,20.8,13.6,0.0396,0.3927,29.24,270.0
1793.0,0.6,10000.0,-4.81,69.68,3600.0,196.6,196.6,196.6,196.6,196.6,646.0,646.0,646.0,646.0,646.0,67.0,126.2,20.8,13.6,0.0396,0.3927,29.24,270.0
1794.0,0.6,10000.0,-4.81,69.68,3600.0,196.6,196.6,196.6,196.6,196.6,646.0,646.0,646.0,646.0,646.0,67.0,126.2,20.8,13.6,0.0396,0.3927,29.24,270.0
1795.0,0.6,10000.0,-4.81,69.68,3600.0,196.6,196.6,196.6,196.6,196.6,646.0,646.0,646.0,646.0,646.0,67.0,126.2,20.8,13.6,0.0396,0.3927,29.24,270.0
1796.0,0.6,10000.0,-4.81,69.68,3600.0,196.6,196.6,196.6,196.6,196.6,646.0,646.0,646.0,646.0,646.0,67.0,126.2,20.8,13.6,0.0396,0.3927,29.24,270.0
1797.0,0.6,10000.0,-4.81,69.68,3600.0,196.6,196.6,196.6,196.6,196.6,646.0,646.0,646.0,646.0,646.0,67.0,126.2,20.8,13.6,0.0396,0.3927,29.24,270.0
1798.0,0.6,10000.0,-4.81,69.68,3600.0,196.6,196.6,196.6,196.6,196.6,646.0,646.0,646.0,646.0,646.0,67.0,126.2,20.8,13.6,0.0396,0.3927,29.24,270.0
1799.0,0.6,10000.0,-4.81,69.68,3600.0,196.6,196.6,196.6,196.6,196.6,646.0,646.0,646.0,646.0,646.0,67.0,126.2,20.8,13.6,0.0396,0.3927,29.24,260.0
1800.0,0.6,10000.0,-4.81,69.68,3600.0,196.6,196.6,196.6,196.6,196.6,646.0,646.0,646.0,646.0,646.0,67.0,126.2,20.8,13.6,0.0396,0.3927,29.24,260.0
1801.0,0.6,10000.0,-4.81,69.68,3600.0,196.6,196.6,196.6,196.6,196.6,646.0,646.0,646.0,646.0,646.0,67.0,126.2,20.8,13.6,0.0396,0.3927,29.24,260.0
1802.0,0.6,10000.0,-4.81,69.68,3599.35,196.6,196.6,196.6,196.6,196.6,645.98,645.98,645.98,645.98,645.98,67.0,126.2,20.79,13.6,0.0396,0.3924,29.24,260.0
1803.0,0.6,10000.0,-4.81,69.68,3598.37,196.6,196.6,196.6,196.6,196.6,645.95,645.95,645.95,645.95,645.95,66.99,126.2,20.79,13.6,0.0396,0.3921,29.23,260.0
1804.0,0.6,10000.0,-4.81,69.68,3597.22,196.59,196.59,196.59,196.59,196.59,645.9,645.9,645.9,645.9,645.9,66.98,126.2,20.78,13.6,0.0396,0.3918,29.23,260.0
1805.0,0.6,10000.0,-4.81,69.68,3595.98,196.59,196.59,196.59,196.59,196.59,645.84,645.84,645.84,645.84,645.84,66.96,126.19,20.77,13.6,0.0396,0.3914,29.23,260.0
1806.0,0.6,10000.0,-4.81,69.68,3594.69,196.58,196.58,196.58,196.58,196.58,645.77,645.77,645.77,645.77,645.77,66.95,126.19,20.76,13.6,0.0396,0.3911,29.23,260.0
1807.0,0.6,10000.0,-4.81,69.68,3593.38,196.58,196.58,196.58,196.58,196.58,645.69,645.69,645.69,645.69,645.69,66.94,126.19,20.75,13.6,0.0396,0.3907,29.23,260.0
1808.0,0.6,10000.0,-4.81,69.68,3592.06,196.57,196.57,196.57,196.57,196.57,645.6,645.6,645.6,645.6,645.6,66.92,126.18,20.74,13.6,0.0396,0.3903,29.22,260.0
1809.0,0.6,10000.0,-4.81,69.68,3590.73,196.56,196.56,196.56,196.56,196.56,645.5,645.5,645.5,645.5,645.5,66.91,126.18,20.73,13.6,0.0396,0.39,29.22,250.0
1810.0,0.6,10000.0,-4.81,69.68,3589.4,196.55,196.55,196.55,196.55,196.55,645.4,645.4,645.4,645.4,645.4,66.89,126.17,20.72,13.6,0.0396,0.3896,29.22,250.0
1811.0,0.6,10000.0,-4.81,69.68,3588.07,196.54,196.54,196.54,196.54,196.54,645.29,645.29,645.29,645.29,645.29,66.87,126.16,20.71,13.6,0.0396,0.3893,29.22,250.0
1812.0,0.6,10000.0,-4.81,69.68,3586.74,196.53,196.53,196.53,196.53,196.53,645.17,645.17,645.17,645.17,645.17,66.86,126.16,20.7,13.6,0.0396,0.3889,29.22,250.0
1813.0,0.6,10000.0,-4.81,69.68,3585.41,196.52,196.52,196.52,196.52,196.52,645.05,645.05,645.05,645.05,645.05,66.84,126.15,20.69,13.6,0.0396,0.3885,29.22,250.0
1814.0,0.6,10000.0,-4.81,69.68,3584.07,196.51,196.51,196.51,196.51,196.51,644.93,644.93,644.93,644.93,644.93,66.82,126.14,20.68,13.6,0.0395,0.3882,29.21,250.0
1815.0,0.6,10000.0,-4.81,69.68,3582.74,196.49,196.49,196.49,196.49,196.49,644.8,644.8,644.8,644.8,644.8,66.81,126.14,20.67,13.6,0.0395,0.3878,29.21,250.0
1816.0,0.59,10000.0,-4.81,69.68,3581.41,196.48,196.48,196.48,196.48,196.48,644.67,644.67,644.67,644.67,644.67,66.79,126.13,20.67,13.6,0.0395,0.3874,29.21,250.0
1817.0,0.59,10000.0,-4.81,69.68,3580.07,196.47,196.47,196.47,196.47,196.47,644.54,644.54,644.54,644.54,644.54,66.78,126.12,20.66,13.59,0.0395,0.3871,29.21,250.0
1818.0,0.59,10000.0,-4.81,69.68,3578.74,196.45,196.45,196.45,196.45,196.45,644.41,644.41,644.41,644.41,644.41,66.76,126.11,20.65,13.59,0.0395,0.3867,29.21,250.0
1819.0,0.59,10000.0,-4.81,69.68,3577.41,196.43,196.43,196.43,196.43,196.43,644.27,644.27,644.27,644.27,644.27,66.74,126.1,20.64,13.59,0.0395,0.3864,29.2,240.0
1820.0,0.59,10000.0,-4.81,69.68,3576.07,196.42,196.42,196.42,196.42,196.42,644.13,644.13,644.13,644.13,644.13,66.73,126.09,20.63,13.59,0.0395,0.386,29.2,240.0
1821.0,0.59,10000.0,-4.81,69.68,3574.74,196.4,196.4,196.4,196.4,196.4,643.99,643.99,643.99,643.99,643.99,66.71,126.08,20.62,13.59,0.0395,0.3856,29.2,240.0
1822.0,0.59,10000.0,-4.81,69.68,3573.41,196.38,196.38,196.38,196.38,196.38,643.85,643.85,643.85,643.85,643.85,66.69,126.07,20.61,13.59,0.0395,0.3853,29.2,240.0
1823.0,0.59,10000.0,-4.81,69.68,3572.07,196.36,196.36,196.36,196.36,196.36,643.7,643.7,643.7,643.7,643.7,66.68,126.06,20.6,13.59,0.0395,0.3849,29.2,240.0
1824.0,0.59,10000.0,-4.81,69.68,3570.74,196.34,196.34,196.34,196.34,196.34,643.56,643.56,643.56,643.56,643.56,66.66,126.05,20.59,13.59,0.0395,0.3846,29.19,240.0
1825.0,0.59,10000.0,-4.81,69.68,3569.41,196.33,196.33,196.33,196.33,196.33,643.41,643.41,643.41,643.41,643.41,66.64,126.03,20.58,13.59,0.0395,0.3842,29.19,240.0
1826.0,0.59,10000.0,-4.81,69.68,3568.07,196.31,196.31,196.31,196.31,196.31,643.27,643.27,643.27,643.27,643.27,66.63,126.02,20.57,13.59,0.0395,0.3838,29.19,240.0
1827.0,0.59,10000.0,-4.81,69.68,3566.74,196.28,196.28,196.28,196.28,196.28,643.12,643.12,643.12,643.12,643.12,66.61,126.01,20.56,13.59,0.0395,0.3835,29.19,240.0
1828.0,0.59,10000.0,-4.81,69.68,3565.41,196.26,196.26,196.26,196.26,196.26,642.97,642.97,642.97,642.97,642.97,66.59,126.0,20.55,13.59,0.0394,0.3831,29.19,240.0
1829.0,0.59,10000.0,-4.81,69.68,3564.07,196.24,196.24,196.24,196.24,196.24,642.82,642.82,642.82,642.82,642.82,66.58,125.99,20.54,13.59,0.0394,0.3828,29.18,230.0
1830.0,0.59,10000.0,-4.81,69.68,3562.74,196.22,196.22,196.22,196.22,196.22,642.67,642.67,642.67,642.67,642.67,66.56,125.97,20.53,13.59,0.0394,0.3824,29.18,230.0
1831.0,0.59,10000.0,-4.81,69.68,3561.41,196.2,196.2,196.2,196.2,196.2,642.52,642.52,642.52,642.52,642.52,66.54,125.96,20.53,13.59,0.0394,0.382,29.18,230.0
1832.0,0.59,10000.0,-4.81,69.68,3560.07,196.17,196.17,196.17,196.17,196.17,642.37,642.37,642.37,642.37,642.37,66.53,125.95,20.52,13.59,0.0394,0.3817,29.18,230.0
1833.0,0.59,10000.0,-4.81,69.68,3558.74,196.15,196.15,196.15,196.15,196.15,642.22,642.22,642.22,642.22,642.22,66.51,125.93,20.51,13.59,0.0394,0.3813,29.18,230.0
1834.0,0.59,10000.0,-4.81,69.68,3557.41,196.13,196.13,196.13,196.13,196.13,642.07,642.07,642.07,642.07,642.07,66.49,125.92,20.5,13.59,0.0394,0.381,29.17,230.0
1835.0,0.59,10000.0,-4.81,69.68,3556.07,196.1,196.1,196.1,196.1,196.1,641.92,641.92,641.92,641.92,641.92,66.48,125.91,20.49,13.59,0.0394,0.3806,29.17,230.0
1836.0,0.59,10000.0,-4.81,69.68,3554.74,196.08,196.08,196.08,196.08,196.08,641.77,641.77,641.77,641.77,641.77,66.46,125.89,20.48,13.59,0.0394,0.3802,29.17,230.0
1837.0,0.59,10000.0,-4.81,69.68,3553.41,196.05,196.05,196.05,196.05,196.05,641.62,641.62,641.62,641.62,641.62,66.44,125.88,20.47,13.59,0.0394,0.3799,29.17,230.0
1838.0,0.59,10000.0,-4.81,69.68,3552.07,196.03,196.03,196.03,196.03,196.03,641.47,641.47,641.47,641.47,641.47,66.43,125.86,20.46,13.59,0.0394,0.3795,29.17,230.0
1839.0,0.59,10000.0,-4.81,69.68,3550.74,196.0,196.0,196.0,196.0,196.0,641.31,641.31,641.31,641.31,641.31,66.41,125.85,20.45,13.59,0.0394,0.3792,29.16,220.0
1840.0,0.59,10000.0,-4.81,69.68,3549.41,195.98,195.98,195.98,195.98,195.98,641.16,641.16,641.16,641.16,641.16,66.39,125.83,20.44,13.59,0.0394,0.3788,29.16,220.0
1841.0,0.59,10000.0,-4.81,69.68,3548.07,195.95,195.95,195.95,195.95,195.95,641.01,641.01,641.01,641.01,641.01,66.38,125.82,20.43,13.59,0.0394,0.3785,29.16,220.0
1842.0,0.59,10000.0,-4.81,69.68,3546.74,195.92,195.92,195.92,195.92,195.92,640.86,640.86,640.86,640.86,640.86,66.36,125.8,20.42,13.59,0.0393,0.3781,29.16,220.0
1843.0,0.59,10000.0,-4.81,69.68,3545.41,195.9,195.9,195.9,195.9,195.9,640.71,640.71,640.71,640.71,640.71,66.34,125.79,20.41,13.59,0.0393,0.3777,29.16,220.0
1844.0,0.59,10000.0,-4.81,69.68,3544.07,195.87,195.87,195.87,195.87,195.87,640.55,640.55,640.55,640.55,640.55,66.33,125.77,20.4,13.59,0.0393,0.3774,29.16,220.0
1845.0,0.59,10000.0,-4.81,69.68,3542.74,195.84,195.84,195.84,195.84,195.84,640.4,640.4,640.4,640.4,640.4,66.31,125.76,20.39,13.59,0.0393,0.377,29.15,220.0
1846.0,0.58,10000.0,-4.81,69.68,3541.41,195.81,195.81,195.81,195.81,195.81,640.25,640.25,640.25,640.25,640.25,66.29,125.74,20.39,13.59,0.0393,0.3767,29.15,220.0
1847.0,0.58,10000.0,-4.81,69.68,3540.07,195.78,195.78,195.78,195.78,195.78,640.09,640.09,640.09,640.09,640.09,66.28,125.73,20.38,13.58,0.0393,0.3763,29.15,220.0
1848.0,0.58,10000.0,-4.81,69.68,3538.74,195.76,195.76,195.76,195.76,195.76,639.94,639.94,639.94,639.94,639.94,66.26,125.71,20.37,13.58,0.0393,0.376,29.15,220.0
1849.0,0.58,10000.0,-4.81,69.68,3537.41,195.73,195.73,195.73,195.73,195.73,639.79,639.79,639.79,639.79,639.79,66.24,125.7,20.36,13.58,0.0393,0.3756,29.15,210.0
1850.0,0.58,10000.0,-4.81,69.68,3536.07,195.7,195.7,195.7,195.7,195.7,639.64,639.64,639.64,639.64,639.64,66.23,125.68,20.35,13.58,0.0393,0.3753,29.14,210.0
1851.0,0.58,10000.0,-4.81,69.68,3534.74,195.67,195.67,195.67,195.67,195.67,639.48,639.48,639.48,639.48,639.48,66.21,125.66,20.34,13.58,0.0393,0.3749,29.14,210.0
1852.0,0.58,10000.0,-4.81,69.68,3533.41,195.64,195.64,195.64,195.64,195.64,639.33,639.33,639.33,639.33,639.33,66.19,125.65,20.33,13.58,0.0393,0.3745,29.14,210.0
1853.0,0.58,10000.0,-4.81,69.68,3532.07,195.61,195.61,195.61,195.61,195.61,639.18,639.18,639.18,639.18,639.18,66.18,125.63,20.32,13.58,0.0393,0.3742,29.14,210.0
1854.0,0.58,10000.0,-4.81,69.68,3530.74,195.58,195.58,195.58,195.58,195.58,639.02,639.02,639.02,639.02,639.02,66.16,125.61,20.31,13.58,0.0393,0.3738,29.14,210.0
1855.0,0.58,10000.0,-4.81,69.68,3529.41,195.55,195.55,195.55,195.55,195.55,638.87,638.87,638.87,638.87,638.87,66.14,125.6,20.3,13.58,0.0393,0.3735,29.13,210.0
1856.0,0.58,10000.0,-4.81,69.68,3528.07,195.52,195.52,195.52,195.52,195.52,638.72,638.72,638.72,638.72,638.72,66.13,125.58,20.29,13.58,0.0392,0.3731,29.13,210.0
1857.0,0.58,10000.0,-4.81,69.68,3526.74,195.49,195.49,195.49,195.49,195.49,638.56,638.56,638.56,638.56,638.56,66.11,125.56,20.28,13.58,0.0392,0.3728,29.13,210.0
1858.0,0.58,10000.0,-4.81,69.68,3525.41,195.46,195.46,195.46,195.46,195.46,638.41,638.41,638.41,638.41,638.41,66.09,125.55,20.27,13.58,0.0392,0.3724,29.13,210.0
1859.0,0.58,10000.0,-4.81,69.68,3524.07,195.43,195.43,195.43,195.43,195.43,638.26,638.26,638.26,638.26,638.26,66.08,125.53,20.26,13.58,0.0392,0.3721,29.13,200.0
1860.0,0.58,10000.0,-4.81,69.68,3522.74,195.4,195.4,195.4,195.4,195.4,638.1,638.1,638.1,638.1,638.1,66.06,125.51,20.25,13.58,0.0392,0.3717,29.12,200.0
1861.0,0.58,10000.0,-4.81,69.68,3521.41,195.36,195.36,195.36,195.36,195.36,637.95,637.95,637.95,637.95,637.95,66.04,125.5,20.25,13.58,0.0392,0.3713,29.12,200.0
1862.0,0.58,10000.0,-4.81,69.68,3520.07,195.33,195.33,195.33,195.33,195.33,637.8,637.8,637.8,637.8,637.8,66.03,125.48,20.24,13.58,0.0392,0.371,29.12,200.0
1863.0,0.58,10000.0,-4.81,69.68,3518.74,195.3,195.3,195.3,195.3,195.3,637.64,637.64,637.64,637.64,637.64,66.01,125.46,20.23,13.58,0.0392,0.3706,29.12,200.0
1864.0,0.58,10000.0,-4.81,69.68,3517.41,195.27,195.27,195.27,195.27,195.27,637.49,637.49,637.49,637.49,637.49,65.99,125.45,20.22,13.58,0.0392,0.3703,29.12,200.0
1865.0,0.58,10000.0,-4.81,69.68,3516.07,195.24,195.24,195.24,195.24,195.24,637.34,637.34,637.34,637.34,637.34,65.98,125.43,20.21,13.58,0.0392,0.3699,29.11,200.0
1866.0,0.58,10000.0,-4.81,69.68,3514.74,195.21,195.21,195.21,195.21,195.21,637.18,637.18,637.18,637.18,637.18,65.96,125.41,20.2,13.58,0.0392,0.3696,29.11,200.0
1867.0,0.58,10000.0,-4.81,69.68,3513.41,195.17,195.17,195.17,195.17,195.17,637.03,637.03,637.03,637.03,637.03,65.94,125.39,20.19,13.58,0.0392,0.3692,29.11,200.0
1868.0,0.58,10000.0,-4.81,69.68,3512.07,195.14,195.14,195.14,195.14,195.14,636.88,636.88,636.88,636.88,636.88,65.93,125.38,20.18,13.58,0.0392,0.3689,29.11,200.0
1869.0,0.58,10000.0,-4.81,69.68,3510.74,195.11,195.11,195.11,195.11,195.11,636.72,636.72,636.72,636.72,636.72,65.91,125.36,20.17,13.58,0.0391,0.3685,29.11,190.0
1870.0,0.58,10000.0,-4.81,69.68,3509.41,195.08,195.08,195.08,195.08,195.08,636.57,636.57,636.57,636.57,636.57,65.89,125.34,20.16,13.58,0.0391,0.3682,29.1,190.0
1871.0,0.58,10000.0,-4.81,69.68,3508.07,195.04,195.04,195.04,195.04,195.04,636.42,636.42,636.42,636.42,636.42,65.88,125.32,20.15,13.58,0.0391,0.3678,29.1,190.0
1872.0,0.58,10000.0,-4.81,69.68,3506.74,195.01,195.01,195.01,195.01,195.01,636.26,636.26,636.26,636.26,636.26,65.86,125.31,20.14,13.58,0.0391,0.3675,29.1,190.0
1873.0,0.58,10000.0,-4.81,69.68,3505.41,194.98,194.98,194.98,194.98,194.98,636.11,636.11,636.11,636.11,636.11,65.84,125.29,20.13,13.58,0.0391,0.3671,29.1,190.0
1874.0,0.58,10000.0,-4.81,69.68,3504.07,194.94,194.94,194.94,194.94,194.94,635.96,635.96,635.96,635.96,635.96,65.83,125.27,20.12,13.58,0.0391,0.3668,29.1,190.0
1875.0,0.58,10000.0,-4.81,69.68,3502.74,194.91,194.91,194.91,194.91,194.91,635.8,635.8,635.8,635.8,635.8,65.81,125.25,20.11,13.58,0.0391,0.3664,29.09,190.0
1876.0,0.57,10000.0,-4.81,69.68,3501.41,194.88,194.88,194.88,194.88,194.88,635.65,635.65,635.65,635.65,635.65,65.79,125.24,20.11,13.58,0.0391,0.3661,29.09,190.0
1877.0,0.57,10000.0,-4.81,69.68,3500.07,194.85,194.85,194.85,194.85,194.85,635.5,635.5,635.5,635.5,635.5,65.78,125.22,20.1,13.57,0.0391,0.3657,29.09,190.0
1878.0,0.57,10000.0,-4.81,69.68,3498.74,194.81,194.81,194.81,194.81,194.81,635.34,635.34,635.34,635.34,635.34,65.76,125.2,20.09,13.57,0.0391,0.3654,29.09,190.0
1879.0,0.57,10000.0,-4.81,69.68,3497.41,194.78,194.78,194.78,194.78,194.78,635.19,635.19,635.19,635.19,635.19,65.74,125.18,20.08,13.57,0.0391,0.365,29.09,180.0
1880.0,0.57,10000.0,-4.81,69.68,3496.07,194.74,194.74,194.74,194.74,194.74,635.04,635.04,635.04,635.04,635.04,65.73,125.16,20.07,13.57,0.0391,0.3647,29.09,180.0
1881.0,0.57,10000.0,-4.81,69.68,3494.74,194.71,194.71,194.71,194.71,194.71,634.88,634.88,634.88,634.88,634.88,65.71,125.15,20.06,13.57,0.0391,0.3643,29.08,180.0
1882.0,0.57,10000.0,-4.81,69.68,3493.41,194.68,194.68,194.68,194.68,194.68,634.73,634.73,634.73,634.73,634.73,65.69,125.13,20.05,13.57,0.0391,0.3639,29.08,180.0
1883.0,0.57,10000.0,-4.81,69.68,3492.07,194.64,194.64,194.64,194.64,194.64,634.58,634.58,634.58,634.58,634.58,65.68,125.11,20.04,13.57,0.039,0.3636,29.08,180.0
1884.0,0.57,10000.0,-4.81,69.68,3490.74,194.61,194.61,194.61,194.61,194.61,634.42,634.42,634.42,634.42,634.42,65.66,125.09,20.03,13.57,0.039,0.3632,29.08,180.0
1885.0,0.57,10000.0,-4.81,69.68,3489.41,194.57,194.57,194.57,194.57,194.57,634.27,634.27,634.27,634.27,634.27,65.64,125.08,20.02,13.57,0.039,0.3629,29.08,180.0
1886.0,0.57,10000.0,-4.81,69.68,3488.07,194.54,194.54,194.54,194.54,194.54,634.12,634.12,634.12,634.12,634.12,65.63,125.06,20.01,13.57,0.039,0.3625,29.07,180.0
1887.0,0.57,10000.0,-4.81,69.68,3486.74,194.51,194.51,194.51,194.51,194.51,633.96,633.96,633.96,633.96,633.96,65.61,125.04,20.0,13.57,0.039,0.3622,29.07,180.0
1888.0,0.57,10000.0,-4.81,69.68,3485.41,194.47,194.47,194.47,194.47,194.47,633.81,633.81,633.81,633.81,633.81,65.59,125.02,19.99,13.57,0.039,0.3618,29.07,180.0
1889.0,0.57,10000.0,-4.81,69.68,3484.07,194.44,194.44,194.44,194.44,194.44,633.66,633.66,633.66,633.66,633.66,65.58,125.0,19.98,13.57,0.039,0.3615,29.07,170.0
1890.0,0.57,10000.0,-4.81,69.68,3482.74,194.4,194.4,194.4,194.4,194.4,633.5,633.5,633.5,633.5,633.5,65.56,124.98,19.97,13.57,0.039,0.3611,29.07,170.0
1891.0,0.57,10000.0,-4.81,69.68,3481.41,194.37,194.37,194.37,194.37,194.37,633.35,633.35,633.35,633.35,633.35,65.54,124.97,19.97,13.57,0.039,0.3608,29.06,170.0
1892.0,0.57,10000.0,-4.81,69.68,3480.07,194.33,194.33,194.33,194.33,194.33,633.2,633.2,633.2,633.2,633.2,65.53,124.95,19.96,13.57,0.039,0.3605,29.06,170.0
1893.0,0.57,10000.0,-4.81,69.68,3478.74,194.3,194.3,194.3,194.3,194.3,633.04,633.04,633.04,633.04,633.04,65.51,124.93,19.95,13.57,0.039,0.3601,29.06,170.0
1894.0,0.57,10000.0,-4.81,69.68,3477.41,194.26,194.26,194.26,194.26,194.26,632.89,632.89,632.89,632.89,632.89,65.49,124.91,19.94,13.57,0.039,0.3598,29.06,170.0
1895.0,0.57,10000.0,-4.81,69.68,3476.07,194.23,194.23,194.23,194.23,194.23,632.74,632.74,632.74,632.74,632.74,65.48,124.89,19.93,13.57,0.039,0.3594,29.06,170.0
1896.0,0.57,10000.0,-4.81,69.68,3474.74,194.19,194.19,194.19,194.19,194.19,632.58,632.58,632.58,632.58,632.58,65.46,124.88,19.92,13.57,0.039,0.3591,29.05,170.0
1897.0,0.57,10000.0,-4.81,69.68,3473.41,194.16,194.16,194.16,194.16,194.16,632.43,632.43,632.43,632.43,632.43,65.44,124.86,19.91,13.57,0.0389,0.3587,29.05,170.0
1898.0,0.57,10000.0,-4.81,69.68,3472.07,194.12,194.12,194.12,194.12,194.12,632.28,632.28,632.28,632.28,632.28,65.43,124.84,19.9,13.57,0.0389,0.3584,29.05,170.0
1899.0,0.57,10000.0,-4.81,69.68,3470.74,194.09,194.09,194.09,194.09,194.09,632.12,632.12,632.12,632.12,632.12,65.41,124.82,19.89,13.57,0.0389,0.358,29.05,160.0
1900.0,0.57,10000.0,-4.81,69.68,3469.41,194.05,194.05,194.05,194.05,194.05,631.97,631.97,631.97,631.97,631.97,65.39,124.8,19.88,13.57,0.0389,0.3577,29.05,160.0
1901.0,0.57,10000.0,-4.81,69.68,3468.07,194.02,194.02,194.02,194.02,194.02,631.82,631.82,631.82,631.82,631.82,65.38,124.78,19.87,13.57,0.0389,0.3573,29.04,160.0
1902.0,0.57,10000.0,-4.81,69.68,3466.74,193.98,193.98,193.98,193.98,193.98,631.66,631.66,631.66,631.66,631.66,65.36,124.77,19.86,13.57,0.0389,0.357,29.04,160.0
1903.0,0.57,10000.0,-4.81,69.68,3465.41,193.95,193.95,193.95,193.95,193.95,631.51,631.51,631.51,631.51,631.51,65.34,124.75,19.85,13.57,0.0389,0.3566,29.04,160.0
1904.0,0.57,10000.0,-4.81,69.68,3464.07,193.91,193.91,193.91,193.91,193.91,631.36,631.36,631.36,631.36,631.36,65.33,124.73,19.84,13.57,0.0389,0.3563,29.04,160.0
1905.0,0.57,10000.0,-4.81,69.68,3462.74,193.88,193.88,193.88,193.88,193.88,631.2,631.2,631.2,631.2,631.2,65.31,124.71,19.83,13.57,0.0389,0.3559,29.04,160.0
1906.0,0.56,10000.0,-4.81,69.68,3461.41,193.84,193.84,193.84,193.84,193.84,631.05,631.05,631.05,631.05,631.05,65.29,124.69,19.83,13.57,0.0389,0.3556,29.03,160.0
1907.0,0.56,10000.0,-4.81,69.68,3460.07,193.81,193.81,193.81,193.81,193.81,630.9,630.9,630.9,630.9,630.9,65.28,124.67,19.82,13.56,0.0389,0.3552,29.03,160.0
1908.0,0.56,10000.0,-4.81,69.68,3458.74,193.77,193.77,193.77,193.77,193.77,630.74,630.74,630.74,630.74,630.74,65.26,124.66,19.81,13.56,0.0389,0.3549,29.03,160.0
1909.0,0.56,10000.0,-4.81,69.68,3457.41,193.74,193.74,193.74,193.74,193.74,630.59,630.59,630.59,630.59,630.59,65.24,124.64,19.8,13.56,0.0389,0.3545,29.03,150.0
1910.0,0.56,10000.0,-4.81,69.68,3456.07,193.7,193.7,193.7,193.7,193.7,630.44,630.44,630.44,630.44,630.44,65.23,124.62,19.79,13.56,0.0389,0.3542,29.03,150.0
1911.0,0.56,10000.0,-4.81,69.68,3454.74,193.66,193.66,193.66,193.66,193.66,630.28,630.28,630.28,630.28,630.28,65.21,124.6,19.78,13.56,0.0388,0.3538,29.03,150.0
1912.0,0.56,10000.0,-4.81,69.68,3453.41,193.63,193.63,193.63,193.63,193.63,630.13,630.13,630.13,630.13,630.13,65.19,124.58,19.77,13.56,0.0388,0.3535,29.02,150.0
1913.0,0.56,10000.0,-4.81,69.68,3452.07,193.59,193.59,193.59,193.59,193.59,629.98,629.98,629.98,629.98,629.98,65.18,124.56,19.76,13.56,0.0388,0.3532,29.02,150.0
1914.0,0.56,10000.0,-4.81,69.68,3450.74,193.56,193.56,193.56,193.56,193.56,629.82,629.82,629.82,629.82,629.82,65.16,124.54,19.75,13.56,0.0388,0.3528,29.02,150.0
1915.0,0.56,10000.0,-4.81,69.68,3449.41,193.52,193.52,193.52,193.52,193.52,629.67,629.67,629.67,629.67,629.67,65.14,124.53,19.74,13.56,0.0388,0.3525,29.02,150.0
1916.0,0.56,10000.0,-4.81,69.68,3448.07,193.49,193.49,193.49,193.49,193.49,629.52,629.52,629.52,629.52,629.52,65.13,124.51,19.73,13.56,0.0388,0.3521,29.02,150.0
1917.0,0.56,10000.0,-4.81,69.68,3446.74,193.45,193.45,193.45,193.45,193.45,629.36,629.36,629.36,629.36,629.36,65.11,124.49,19.72,13.56,0.0388,0.3518,29.01,150.0
1918.0,0.56,10000.0,-4.81,69.68,3445.41,193.41,193.41,193.41,193.41,193.41,629.21,629.21,629.21,629.21,629.21,65.09,124.47,19.71,13.56,0.0388,0.3514,29.01,150.0
1919.0,0.56,10000.0,-4.81,69.68,3444.07,193.38,193.38,193.38,193.38,193.38,629.06,629.06,629.06,629.06,629.06,65.08,124.45,19.7,13.56,0.0388,0.3511,29.01,140.0
1920.0,0.56,10000.0,-4.81,69.68,3442.74,193.34,193.34,193.34,193.34,193.34,628.9,628.9,628.9,628.9,628.9,65.06,124.43,19.69,13.56,0.0388,0.3507,29.01,140.0
1921.0,0.56,10000.0,-4.81,69.68,3441.41,193.31,193.31,193.31,193.31,193.31,628.75,628.75,628.75,628.75,628.75,65.04,124.42,19.69,13.56,0.0388,0.3504,29.01,140.0
1922.0,0.56,10000.0,-4.81,69.68,3440.07,193.27,193.27,193.27,193.27,193.27,628.6,628.6,628.6,628.6,628.6,65.03,124.4,19.68,13.56,0.0388,0.3501,29.0,140.0
1923.0,0.56,10000.0,-4.81,69.68,3438.74,193.24,193.24,193.24,193.24,193.24,628.44,628.44,628.44,628.44,628.44,65.01,124.38,19.67,13.56,0.0388,0.3497,29.0,140.0
1924.0,0.56,10000.0,-4.81,69.68,3437.41,193.2,193.2,193.2,193.2,193.2,628.29,628.29,628.29,628.29,628.29,64.99,124.36,19.66,13.56,0.0387,0.3494,29.0,140.0
1925.0,0.56,10000.0,-4.81,69.68,3436.07,193.16,193.16,193.16,193.16,193.16,628.14,628.14,628.14,628.14,628.14,64.98,124.34,19.65,13.56,0.0387,0.349,29.0,140.0
1926.0,0.56,10000.0,-4.81,69.68,3434.74,193.13,193.13,193.13,193.13,193.13,627.98,627.98,627.98,627.98,627.98,64.96,124.32,19.64,13.56,0.0387,0.3487,29.0,140.0
1927.0,0.56,10000.0,-4.81,69.68,3433.41,193.09,193.09,193.09,193.09,193.09,627.83,627.83,627.83,627.83,627.83,64.94,124.3,19.63,13.56,0.0387,0.3483,28.99,140.0
1928.0,0.56,10000.0,-4.81,69.68,3432.07,193.06,193.06,193.06,193.06,193.06,627.68,627.68,627.68,627.68,627.68,64.93,124.29,19.62,13.56,0.0387,0.348,28.99,140.0
1929.0,0.56,10000.0,-4.81,69.68,3430.74,193.02,193.02,193.02,193.02,193.02,627.52,627.52,627.52,627.52,627.52,64.91,124.27,19.61,13.56,0.0387,0.3476,28.99,130.0
1930.0,0.56,10000.0,-4.81,69.68,3429.41,192.98,192.98,192.98,192.98,192.98,627.37,627.37,627.37,627.37,627.37,64.89,124.25,19.6,13.56,0.0387,0.3473,28.99,130.0
1931.0,0.56,10000.0,-4.81,69.68,3428.07,192.95,192.95,192.95,192.95,192.95,627.22,627.22,627.22,627.22,627.22,64.88,124.23,19.59,13.56,0.0387,0.347,28.99,130.0
1932.0,0.56,10000.0,-4.81,69.68,3426.74,192.91,192.91,192.91,192.91,192.91,627.06,627.06,627.06,627.06,627.06,64.86,124.21,19.58,13.56,0.0387,0.3466,28.98,130.0
1933.0,0.56,10000.0,-4.81,69.68,3425.41,192.88,192.88,192.88,192.88,192.88,626.91,626.91,626.91,626.91,626.91,64.84,124.19,19.57,13.56,0.0387,0.3463,28.98,130.0
1934.0,0.56,10000.0,-4.81,69.68,3424.07,192.84,192.84,192.84,192.84,192.84,626.76,626.76,626.76,626.76,626.76,64.83,124.17,19.56,13.56,0.0387,0.3459,28.98,130.0
1935.0,0.56,10000.0,-4.81,69.68,3422.74,192.8,192.8,192.8,192.8,192.8,626.6,626.6,626.6,626.6,626.6,64.81,124.16,19.55,13.56,0.0387,0.3456,28.98,130.0
1936.0,0.55,10000.0,-4.81,69.68,3421.41,192.77,192.77,192.77,192.77,192.77,626.45,626.45,626.45,626.45,626.45,64.79,124.14,19.55,13.56,0.0387,0.3453,28.98,130.0
1937.0,0.55,10000.0,-4.81,69.68,3420.07,192.73,192.73,192.73,192.73,192.73,626.3,626.3,626.3,626.3,626.3,64.78,124.12,19.54,13.55,0.0387,0.3449,28.97,130.0
1938.0,0.55,10000.0,-4.81,69.68,3418.74,192.69,192.69,192.69,192.69,192.69,626.14,626.14,626.14,626.14,626.14,64.76,124.1,19.53,13.55,0.0386,0.3446,28.97,130.0
1939.0,0.55,10000.0,-4.81,69.68,3417.41,192.66,192.66,192.66,192.66,192.66,625.99,625.99,625.99,625.99,625.99,64.74,124.08,19.52,13.55,0.0386,0.3442,28.97,120.0
1940.0,0.55,10000.0,-4.81,69.68,3416.07,192.62,192.62,192.62,192.62,192.62,625.84,625.84,625.84,625.84,625.84,64.73,124.06,19.51,13.55,0.0386,0.3439,28.97,120.0
1941.0,0.55,10000.0,-4.81,69.68,3414.74,192.59,192.59,192.59,192.59,192.59,625.68,625.68,625.68,625.68,625.68,64.71,124.04,19.5,13.55,0.0386,0.3435,28.97,120.0
1942.0,0.55,10000.0,-4.81,69.68,3413.41,192.55,192.55,192.55,192.55,192.55,625.53,625.53,625.53,625.53,625.53,64.69,124.03,19.49,13.55,0.0386,0.3432,28.96,120.0
1943.0,0.55,10000.0,-4.81,69.68,3412.07,192.51,192.51,192.51,192.51,192.51,625.38,625.38,625.38,625.38,625.38,64.68,124.01,19.48,13.55,0.0386,0.3429,28.96,120.0
1944.0,0.55,10000.0,-4.81,69.68,3410.74,192.48,192.48,192.48,192.48,192.48,625.22,625.22,625.22,625.22,625.22,64.66,123.99,19.47,13.55,0.0386,0.3425,28.96,120.0
1945.0,0.55,10000.0,-4.81,69.68,3409.41,192.44,192.44,192.44,192.44,192.44,625.07,625.07,625.07,625.07,625.07,64.64,123.97,19.46,13.55,0.0386,0.3422,28.96,120.0
1946.0,0.55,10000.0,-4.81,69.68,3408.07,192.4,192.4,192.4,192.4,192.4,624.92,624.92,624.92,624.92,624.92,64.63,123.95,19.45,13.55,0.0386,0.3418,28.96,120.0
1947.0,0.55,10000.0,-4.81,69.68,3406.74,192.37,192.37,192.37,192.37,192.37,624.76,624.76,624.76,624.76,624.76,64.61,123.93,19.44,13.55,0.0386,0.3415,28.96,120.0
1948.0,0.55,10000.0,-4.81,69.68,3405.41,192.33,192.33,192.33,192.33,192.33,624.61,624.61,624.61,624.61,624.61,64.59,123.91,19.43,13.55,0.0386,0.3412,28.95,120.0
1949.0,0.55,10000.0,-4.81,69.68,3404.07,192.3,192.3,192.3,192.3,192.3,624.46,624.46,624.46,624.46,624.46,64.58,123.9,19.42,13.55,0.0386,0.3408,28.95,110.0
1950.0,0.55,10000.0,-4.81,69.68,3402.74,192.26,192.26,192.26,192.26,192.26,624.3,624.3,624.3,624.3,624.3,64.56,123.88,19.41,13.55,0.0386,0.3405,28.95,110.0
1951.0,0.55,10000.0,-4.81,69.68,3401.41,192.22,192.22,192.22,192.22,192.22,624.15,624.15,624.15,624.15,624.15,64.54,123.86,19.41,13.55,0.0386,0.3401,28.95,110.0
1952.0,0.55,10000.0,-4.81,69.68,3400.07,192.19,192.19,192.19,192.19,192.19,624.0,624.0,624.0,624.0,624.0,64.53,123.84,19.4,13.55,0.0385,0.3398,28.95,110.0
1953.0,0.55,10000.0,-4.81,69.68,3398.74,192.15,192.15,192.15,192.15,192.15,623.84,623.84,623.84,623.84,623.84,64.51,123.82,19.39,13.55,0.0385,0.3395,28.94,110.0
1954.0,0.55,10000.0,-4.81,69.68,3397.41,192.11,192.11,192.11,192.11,192.11,623.69,623.69,623.69,623.69,623.69,64.49,123.8,19.38,13.55,0.0385,0.3391,28.94,110.0
1955.0,0.55,10000.0,-4.81,69.68,3396.07,192.08,192.08,192.08,192.08,192.08,623.54,623.54,623.54,623.54,623.54,64.48,123.78,19.37,13.55,0.0385,0.3388,28.94,110.0
1956.0,0.55,10000.0,-4.81,69.68,3394.74,192.04,192.04,192.04,192.04,192.04,623.38,623.38,623.38,623.38,623.38,64.46,123.76,19.36,13.55,0.0385,0.3384,28.94,110.0
1957.0,0.55,10000.0,-4.81,69.68,3393.41,192.0,192.0,192.0,192.0,192.0,623.23,623.23,623.23,623.23,623.23,64.44,123.75,19.35,13.55,0.0385,0.3381,28.94,110.0
1958.0,0.55,10000.0,-4.81,69.68,3392.07,191.97,191.97,191.97,191.97,191.97,623.08,623.08,623.08,623.08,623.08,64.43,123.73,19.34,13.55,0.0385,0.3378,28.93,110.0
1959.0,0.55,10000.0,-4.81,69.68,3390.74,191.93,191.93,191.93,191.93,191.93,622.92,622.92,622.92,622.92,622.92,64.41,123.71,19.33,13.55,0.0385,0.3374,28.93,100.0
1960.0,0.55,10000.0,-4.81,69.68,3389.41,191.9,191.9,191.9,191.9,191.9,622.77,622.77,622.77,622.77,622.77,64.39,123.69,19.32,13.55,0.0385,0.3371,28.93,100.0
1961.0,0.55,10000.0,-4.81,69.68,3388.07,191.86,191.86,191.86,191.86,191.86,622.62,622.62,622.62,622.62,622.62,64.38,123.67,19.31,13.55,0.0385,0.3368,28.93,100.0
1962.0,0.55,10000.0,-4.81,69.68,3386.74,191.82,191.82,191.82,191.82,191.82,622.46,622.46,622.46,622.46,622.46,64.36,123.65,19.3,13.55,0.0385,0.3364,28.93,100.0
1963.0,0.55,10000.0,-4.81,69.68,3385.41,191.79,191.79,191.79,191.79,191.79,622.31,622.31,622.31,622.31,622.31,64.34,123.63,19.29,13.55,0.0385,0.3361,28.92,100.0
1964.0,0.55,10000.0,-4.81,69.68,3384.07,191.75,191.75,191.75,191.75,191.75,622.16,622.16,622.16,622.16,622.16,64.33,123.62,19.28,13.55,0.0385,0.3357,28.92,100.0
1965.0,0.55,10000.0,-4.81,69.68,3382.74,191.71,191.71,191.71,191.71,191.71,622.0,622.0,622.0,622.0,622.0,64.31,123.6,19.27,13.55,0.0385,0.3354,28.92,100.0
1966.0,0.54,10000.0,-4.81,69.68,3381.41,191.68,191.68,191.68,191.68,191.68,621.85,621.85,621.85,621.85,621.85,64.29,123.58,19.27,13.55,0.0384,0.3351,28.92,100.0
1967.0,0.54,10000.0,-4.81,69.68,3380.07,191.64,191.64,191.64,191.64,191.64,621.7,621.7,621.7,621.7,621.7,64.28,123.56,19.26,13.54,0.0384,0.3347,28.92,100.0
1968.0,0.54,10000.0,-4.81,69.68,3378.74,191.6,191.6,191.6,191.6,191.6,621.54,621.54,621.54,621.54,621.54,64.26,123.54,19.25,13.54,0.0384,0.3344,28.91,100.0
1969.0,0.54,10000.0,-4.81,69.68,3377.41,191.57,191.57,191.57,191.57,191.57,621.39,621.39,621.39,621.39,621.39,64.24,123.52,19.24,13.54,0.0384,0.3341,28.91,90.0
1970.0,0.54,10000.0,-4.81,69.68,3376.07,191.53,191.53,191.53,191.53,191.53,621.24,621.24,621.24,621.24,621.24,64.23,123.5,19.23,13.54,0.0384,0.3337,28.91,90.0
1971.0,0.54,10000.0,-4.81,69.68,3374.74,191.49,191.49,191.49,191.49,191.49,621.08,621.08,621.08,621.08,621.08,64.21,123.49,19.22,13.54,0.0384,0.3334,28.91,90.0
1972.0,0.54,10000.0,-4.81,69.68,3373.41,191.46,191.46,191.46,191.46,191.46,620.93,620.93,620.93,620.93,620.93,64.19,123.47,19.21,13.54,0.0384,0.333,28.91,90.0
1973.0,0.54,10000.0,-4.81,69.68,3372.07,191.42,191.42,191.42,191.42,191.42,620.78,620.78,620.78,620.78,620.78,64.18,123.45,19.2,13.54,0.0384,0.3327,28.9,90.0
1974.0,0.54,10000.0,-4.81,69.68,3370.74,191.38,191.38,191.38,191.38,191.38,620.62,620.62,620.62,620.62,620.62,64.16,123.43,19.19,13.54,0.0384,0.3324,28.9,90.0
1975.0,0.54,10000.0,-4.81,69.68,3369.41,191.35,191.35,191.35,191.35,191.35,620.47,620.47,620.47,620.47,620.47,64.14,123.41,19.18,13.54,0.0384,0.332,28.9,90.0
1976.0,0.54,10000.0,-4.81,69.68,3368.07,191.31,191.31,191.31,191.31,191.31,620.32,620.32,620.32,620.32,620.32,64.13,123.39,19.17,13.54,0.0384,0.3317,28.9,90.0
1977.0,0.54,10000.0,-4.81,69.68,3366.74,191.27,191.27,191.27,191.27,191.27,620.16,620.16,620.16,620.16,620.16,64.11,123.37,19.16,13.54,0.0384,0.3314,28.9,90.0
1978.0,0.54,10000.0,-4.81,69.68,3365.41,191.24,191.24,191.24,191.24,191.24,620.01,620.01,620.01,620.01,620.01,64.09,123.35,19.15,13.54,0.0384,0.331,28.9,90.0
1979.0,0.54,10000.0,-4.81,69.68,3364.07,191.2,191.2,191.2,191.2,191.2,619.86,619.86,619.86,619.86,619.86,64.08,123.34,19.14,13.54,0.0383,0.3307,28.89,80.0
1980.0,0.54,10000.0,-4.81,69.68,3362.74,191.17,191.17,191.17,191.17,191.17,619.7,619.7,619.7,619.7,619.7,64.06,123.32,19.13,13.54,0.0383,0.3304,28.89,80.0
1981.0,0.54,10000.0,-4.81,69.68,3361.41,191.13,191.13,191.13,191.13,191.13,619.55,619.55,619.55,619.55,619.55,64.04,123.3,19.13,13.54,0.0383,0.33,28.89,80.0
1982.0,0.54,10000.0,-4.81,69.68,3360.07,191.09,191.09,191.09,191.09,191.09,619.4,619.4,619.4,619.4,619.4,64.03,123.28,19.12,13.54,0.0383,0.3297,28.89,80.0
1983.0,0.54,10000.0,-4.81,69.68,3358.74,191.06,191.06,191.06,191.06,191.06,619.24,619.24,619.24,619.24,619.24,64.01,123.26,19.11,13.54,0.0383,0.3294,28.89,80.0
1984.0,0.54,10000.0,-4.81,69.68,3357.41,191.02,191.02,191.02,191.02,191.02,619.09,619.09,619.09,619.09,619.09,63.99,123.24,19.1,13.54,0.0383,0.329,28.88,80.0
1985.0,0.54,10000.0,-4.81,69.68,3356.07,190.98,190.98,190.98,190.98,190.98,618.94,618.94,618.94,618.94,618.94,63.98,123.22,19.09,13.54,0.0383,0.3287,28.88,80.0
1986.0,0.54,10000.0,-4.81,69.68,3354.74,190.95,190.95,190.95,190.95,190.95,618.78,618.78,618.78,618.78,618.78,63.96,123.21,19.08,13.54,0.0383,0.3284,28.88,80.0
1987.0,0.54,10000.0,-4.81,69.68,3353.41,190.91,190.91,190.91,190.91,190.91,618.63,618.63,618.63,618.63,618.63,63.94,123.19,19.07,13.54,0.0383,0.328,28.88,80.0
1988.0,0.54,10000.0,-4.81,69.68,3352.07,190.87,190.87,190.87,190.87,190.87,618.48,618.48,618.48,618.48,618.48,63.93,123.17,19.06,13.54,0.0383,0.3277,28.88,80.0
1989.0,0.54,10000.0,-4.81,69.68,3350.74,190.84,190.84,190.84,190.84,190.84,618.32,618.32,618.32,618.32,618.32,63.91,123.15,19.05,13.54,0.0383,0.3274,28.87,70.0
1990.0,0.54,10000.0,-4.81,69.68,3349.41,190.8,190.8,190.8,190.8,190.8,618.17,618.17,618.17,618.17,618.17,63.89,123.13,19.04,13.54,0.0383,0.327,28.87,70.0
1991.0,0.54,10000.0,-4.81,69.68,3348.07,190.76,190.76,190.76,190.76,190.76,618.02,618.02,618.02,618.02,618.02,63.88,123.11,19.03,13.54,0.0383,0.3267,28.87,70.0
1992.0,0.54,10000.0,-4.81,69.68,3346.74,190.73,190.73,190.73,190.73,190.73,617.86,617.86,617.86,617.86,617.86,63.86,123.09,19.02,13.54,0.0383,0.3264,28.87,70.0
1993.0,0.54,10000.0,-4.81,69.68,3345.41,190.69,190.69,190.69,190.69,190.69,617.71,617.71,617.71,617.71,617.71,63.84,123.08,19.01,13.54,0.0382,0.326,28.87,70.0
1994.0,0.54,10000.0,-4.81,69.68,3344.07,190.65,190.65,190.65,190.65,190.65,617.56,617.56,617.56,617.56,617.56,63.83,123.06,19.0,13.54,0.0382,0.3257,28.86,70.0
1995.0,0.54,10000.0,-4.81,69.68,3342.74,190.62,190.62,190.62,190.62,190.62,617.4,617.4,617.4,617.4,617.4,63.81,123.04,18.99,13.54,0.0382,0.3254,28.86,70.0
1996.0,0.54,10000.0,-4.81,69.68,3341.41,190.58,190.58,190.58,190.58,190.58,617.25,617.25,617.25,617.25,617.25,63.79,123.02,18.99,13.54,0.0382,0.325,28.86,70.0
1997.0,0.53,10000.0,-4.81,69.68,3340.07,190.54,190.54,190.54,190.54,190.54,617.1,617.1,617.1,617.1,617.1,63.78,123.0,18.98,13.53,0.0382,0.3247,28.86,70.0
1998.0,0.53,10000.0,-4.81,69.68,3338.74,190.51,190.51,190.51,190.51,190.51,616.94,616.94,616.94,616.94,616.94,63.76,122.98,18.97,13.53,0.0382,0.3244,28.86,70.0
1999.0,0.53,10000.0,-4.81,69.68,3337.41,190.47,190.47,190.47,190.47,190.47,616.79,616.79,616.79,616.79,616.79,63.74,122.96,18.96,13.53,0.0382,0.324,28.85,60.0
2000.0,0.53,10000.0,-4.81,69.68,3336.07,190.43,190.43,190.43,190.43,190.43,616.64,616.64,616.64,616.64,616.64,63.73,122.94,18.95,13.53,0.0382,0.3237,28.85,60.0
2001.0,0.53,10000.0,-4.81,69.68,3334.74,190.4,190.4,190.4,190.4,190.4,616.48,616.48,616.48,616.48,616.48,63.71,122.93,18.94,13.53,0.0382,0.3234,28.85,60.0
2002.0,0.53,10000.0,-4.81,69.68,3333.41,190.36,190.36,190.36,190.36,190.36,616.33,616.33,616.33,616.33,616.33,63.69,122.91,18.93,13.53,0.0382,0.323,28.85,60.0
2003.0,0.53,10000.0,-4.81,69.68,3332.07,190.32,190.32,190.32,190.32,190.32,616.18,616.18,616.18,616.18,616.18,63.68,122.89,18.92,13.53,0.0382,0.3227,28.85,60.0
2004.0,0.53,10000.0,-4.81,69.68,3330.74,190.29,190.29,190.29,190.29,190.29,616.02,616.02,616.02,616.02,616.02,63.66,122.87,18.91,13.53,0.0382,0.3224,28.84,60.0
2005.0,0.53,10000.0,-4.81,69.68,3329.41,190.25,190.25,190.25,190.25,190.25,615.87,615.87,615.87,615.87,615.87,63.64,122.85,18.9,13.53,0.0382,0.322,28.84,60.0
2006.0,0.53,10000.0,-4.81,69.68,3328.07,190.21,190.21,190.21,190.21,190.21,615.72,615.72,615.72,615.72,615.72,63.63,122.83,18.89,13.53,0.0382,0.3217,28.84,60.0
2007.0,0.53,10000.0,-4.81,69.68,3326.74,190.18,190.18,190.18,190.18,190.18,615.56,615.56,615.56,615.56,615.56,63.61,122.81,18.88,13.53,0.0381,0.3214,28.84,60.0
2008.0,0.53,10000.0,-4.81,69.68,3325.41,190.14,190.14,190.14,190.14,190.14,615.41,615.41,615.41,615.41,615.41,63.59,122.8,18.87,13.53,0.0381,0.3211,28.84,60.0
2009.0,0.53,10000.0,-4.81,69.68,3324.07,190.1,190.1,190.1,190.1,190.1,615.26,615.26,615.26,615.26,615.26,63.58,122.78,18.86,13.53,0.0381,0.3207,28.84,50.0
2010.0,0.53,10000.0,-4.81,69.68,3322.74,190.07,190.07,190.07,190.07,190.07,615.1,615.1,615.1,615.1,615.1,63.56,122.76,18.85,13.53,0.0381,0.3204,28.83,50.0
2011.0,0.53,10000.0,-4.81,69.68,3321.41,190.03,190.03,190.03,190.03,190.03,614.95,614.95,614.95,614.95,614.95,63.54,122.74,18.85,13.53,0.0381,0.3201,28.83,50.0
2012.0,0.53,10000.0,-4.81,69.68,3320.07,189.99,189.99,189.99,189.99,189.99,614.8,614.8,614.8,614.8,614.8,63.53,122.72,18.84,13.53,0.0381,0.3197,28.83,50.0
2013.0,0.53,10000.0,-4.81,69.68,3318.74,189.96,189.96,189.96,189.96,189.96,614.64,614.64,614.64,614.64,614.64,63.51,122.7,18.83,13.53,0.0381,0.3194,28.83,50.0
2014.0,0.53,10000.0,-4.81,69.68,3317.41,189.92,189.92,189.92,189.92,189.92,614.49,614.49,614.49,614.49,614.49,63.49,122.68,18.82,13.53,0.0381,0.3191,28.83,50.0
2015.0,0.53,10000.0,-4.81,69.68,3316.07,189.88,189.88,189.88,189.88,189.88,614.34,614.34,614.34,614.34,614.34,63.48,122.66,18.81,13.53,0.0381,0.3187,28.82,50.0
2016.0,0.53,10000.0,-4.81,69.68,3314.74,189.85,189.85,189.85,189.85,189.85,614.18,614.18,614.18,614.18,614.18,63.46,122.65,18.8,13.53,0.0381,0.3184,28.82,50.0
2017.0,0.53,10000.0,-4.81,69.68,3313.41,189.81,189.81,189.81,189.81,189.81,614.03,614.03,614.03,614.03,614.03,63.44,122.63,18.79,13.53,0.0381,0.3181,28.82,50.0
2018.0,0.53,10000.0,-4.81,69.68,3312.07,189.77,189.77,189.77,189.77,189.77,613.88,613.88,613.88,613.88,613.88,63.43,122.61,18.78,13.53,0.0381,0.3178,28.82,50.0
2019.0,0.53,10000.0,-4.81,69.68,3310.74,189.74,189.74,189.74,189.74,189.74,613.72,613.72,613.72,613.72,613.72,63.41,122.59,18.77,13.53,0.0381,0.3174,28.82,40.0
2020.0,0.53,10000.0,-4.81,69.68,3309.41,189.7,189.7,189.7,189.7,189.7,613.57,613.57,613.57,613.57,613.57,63.39,122.57,18.76,13.53,0.0381,0.3171,28.81,40.0
2021.0,0.53,10000.0,-4.81,69.68,3308.07,189.66,189.66,189.66,189.66,189.66,613.42,613.42,613.42,613.42,613.42,63.38,122.55,18.75,13.53,0.038,0.3168,28.81,40.0
2022.0,0.53,10000.0,-4.81,69.68,3306.74,189.63,189.63,189.63,189.63,189.63,613.26,613.26,613.26,613.26,613.26,63.36,122.53,18.74,13.53,0.038,0.3164,28.81,40.0
2023.0,0.53,10000.0,-4.81,69.68,3305.41,189.59,189.59,189.59,189.59,189.59,613.11,613.11,613.11,613.11,613.11,63.34,122.52,18.73,13.53,0.038,0.3161,28.81,40.0
2024.0,0.53,10000.0,-4.81,69.68,3304.07,189.55,189.55,189.55,189.55,189.55,612.96,612.96,612.96,612.96,612.96,63.33,122.5,18.72,13.53,0.038,0.3158,28.81,40.0
2025.0,0.53,10000.0,-4.81,69.68,3302.74,189.52,189.52,189.52,189.52,189.52,612.8,612.8,612.8,612.8,612.8,63.31,122.48,18.71,13.53,0.038,0.3155,28.8,40.0
2026.0,0.53,10000.0,-4.81,69.68,3301.41,189.48,189.48,189.48,189.48,189.48,612.65,612.65,612.65,612.65,612.65,63.29,122.46,18.71,13.53,0.038,0.3151,28.8,40.0
2027.0,0.52,10000.0,-4.81,69.68,3300.07,189.44,189.44,189.44,189.44,189.44,612.5,612.5,612.5,612.5,612.5,63.28,122.44,18.7,13.52,0.038,0.3148,28.8,40.0
2028.0,0.52,10000.0,-4.81,69.68,3298.74,189.41,189.41,189.41,189.41,189.41,612.34,612.34,612.34,612.34,612.34,63.26,122.42,18.69,13.52,0.038,0.3145,28.8,40.0
2029.0,0.52,10000.0,-4.81,69.68,3297.41,189.37,189.37,189.37,189.37,189.37,612.19,612.19,612.19,612.19,612.19,63.24,122.4,18.68,13.52,0.038,0.3142,28.8,30.0
2030.0,0.52,10000.0,-4.81,69.68,3296.07,189.33,189.33,189.33,189.33,189.33,612.04,612.04,612.04,612.04,612.04,63.23,122.38,18.67,13.52,0.038,0.3138,28.79,30.0
2031.0,0.52,10000.0,-4.81,69.68,3294.74,189.3,189.3,189.3,189.3,189.3,611.88,611.88,611.88,611.88,611.88,63.21,122.37,18.66,13.52,0.038,0.3135,28.79,30.0
2032.0,0.52,10000.0,-4.81,69.68,3293.41,189.26,189.26,189.26,189.26,189.26,611.73,611.73,611.73,611.73,611.73,63.19,122.35,18.65,13.52,0.038,0.3132,28.79,30.0
2033.0,0.52,10000.0,-4.81,69.68,3292.07,189.22,189.22,189.22,189.22,189.22,611.58,611.58,611.58,611.58,611.58,63.18,122.33,18.64,13.52,0.038,0.3128,28.79,30.0
2034.0,0.52,10000.0,-4.81,69.68,3290.74,189.19,189.19,189.19,189.19,189.19,611.42,611.42,611.42,611.42,611.42,63.16,122.31,18.63,13.52,0.0379,0.3125,28.79,30.0
2035.0,0.52,10000.0,-4.81,69.68,3289.41,189.15,189.15,189.15,189.15,189.15,611.27,611.27,611.27,611.27,611.27,63.14,122.29,18.62,13.52,0.0379,0.3122,28.78,30.0
2036.0,0.52,10000.0,-4.81,69.68,3288.07,189.11,189.11,189.11,189.11,189.11,611.12,611.12,611.12,611.12,611.12,63.13,122.27,18.61,13.52,0.0379,0.3119,28.78,30.0
2037.0,0.52,10000.0,-4.81,69.68,3286.74,189.08,189.08,189.08,189.08,189.08,610.96,610.96,610.96,610.96,610.96,63.11,122.25,18.6,13.52,0.0379,0.3115,28.78,30.0
2038.0,0.52,10000.0,-4.81,69.68,3285.41,189.04,189.04,189.04,189.04,189.04,610.81,610.81,610.81,610.81,610.81,63.09,122.24,18.59,13.52,0.0379,0.3112,28.78,30.0
2039.0,0.52,10000.0,-4.81,69.68,3284.07,189.0,189.0,189.0,189.0,189.0,610.66,610.66,610.66,610.66,610.66,63.08,122.22,18.58,13.52,0.0379,0.3109,28.78,20.0
2040.0,0.52,10000.0,-4.81,69.68,3282.74,188.97,188.97,188.97,188.97,188.97,610.5,610.5,610.5,610.5,610.5,63.06,122.2,18.57,13.52,0.0379,0.3106,28.77,20.0
2041.0,0.52,10000.0,-4.81,69.68,3281.41,188.93,188.93,188.93,188.93,188.93,610.35,610.35,610.35,610.35,610.35,63.04,122.18,18.57,13.52,0.0379,0.3102,28.77,20.0
2042.0,0.52,10000.0,-4.81,69.68,3280.07,188.89,188.89,188.89,188.89,188.89,610.2,610.2,610.2,610.2,610.2,63.03,122.16,18.56,13.52,0.0379,0.3099,28.77,20.0
2043.0,0.52,10000.0,-4.81,69.68,3278.74,188.86,188.86,188.86,188.86,188.86,610.04,610.04,610.04,610.04,610.04,63.01,122.14,18.55,13.52,0.0379,0.3096,28.77,20.0
2044.0,0.52,10000.0,-4.81,69.68,3277.41,188.82,188.82,188.82,188.82,188.82,609.89,609.89,609.89,609.89,609.89,62.99,122.12,18.54,13.52,0.0379,0.3093,28.77,20.0
2045.0,0.52,10000.0,-4.81,69.68,3276.07,188.79,188.79,188.79,188.79,188.79,609.74,609.74,609.74,609.74,609.74,62.98,122.1,18.53,13.52,0.0379,0.3089,28.77,20.0
2046.0,0.52,10000.0,-4.81,69.68,3274.74,188.75,188.75,188.75,188.75,188.75,609.58,609.58,609.58,609.58,609.58,62.96,122.09,18.52,13.52,0.0379,0.3086,28.76,20.0
2047.0,0.52,10000.0,-4.81,69.68,3273.41,188.71,188.71,188.71,188.71,188.71,609.43,609.43,609.43,609.43,609.43,62.94,122.07,18.51,13.52,0.0379,0.3083,28.76,20.0
2048.0,0.52,10000.0,-4.81,69.68,3272.07,188.68,188.68,188.68,188.68,188.68,609.28,609.28,609.28,609.28,609.28,62.93,122.05,18.5,13.52,0.0378,0.308,28.76,20.0
2049.0,0.52,10000.0,-4.81,69.68,3270.74,188.64,188.64,188.64,188.64,188.64,609.12,609.12,609.12,609.12,609.12,62.91,122.03,18.49,13.52,0.0378,0.3076,28.76,10.0
2050.0,0.52,10000.0,-4.81,69.68,3269.41,188.6,188.6,188.6,188.6,188.6,608.97,608.97,608.97,608.97,608.97,62.89,122.01,18.48,13.52,0.0378,0.3073,28.76,10.0
2051.0,0.52,10000.0,-4.81,69.68,3268.07,188.57,188.57,188.57,188.57,188.57,608.82,608.82,608.82,608.82,608.82,62.88,121.99,18.47,13.52,0.0378,0.307,28.75,10.0
2052.0,0.52,10000.0,-4.81,69.68,3266.74,188.53,188.53,188.53,188.53,188.53,608.66,608.66,608.66,608.66,608.66,62.86,121.97,18.46,13.52,0.0378,0.3067,28.75,10.0
2053.0,0.52,10000.0,-4.81,69.68,3265.41,188.49,188.49,188.49,188.49,188.49,608.51,608.51,608.51,608.51,608.51,62.84,121.96,18.45,13.52,0.0378,0.3064,28.75,10.0
2054.0,0.52,10000.0,-4.81,69.68,3264.07,188.46,188.46,188.46,188.46,188.46,608.36,608.36,608.36,608.36,608.36,62.83,121.94,18.44,13.52,0.0378,0.306,28.75,10.0
2055.0,0.52,10000.0,-4.81,69.68,3262.74,188.42,188.42,188.42,188.42,188.42,608.2,608.2,608.2,608.2,608.2,62.81,121.92,18.43,13.52,0.0378,0.3057,28.75,10.0
2056.0,0.52,10000.0,-4.81,69.68,3261.41,188.38,188.38,188.38,188.38,188.38,608.05,608.05,608.05,608.05,608.05,62.79,121.9,18.43,13.52,0.0378,0.3054,28.74,10.0
2057.0,0.51,10000.0,-4.81,69.68,3260.07,188.35,188.35,188.35,188.35,188.35,607.9,607.9,607.9,607.9,607.9,62.78,121.88,18.42,13.51,0.0378,0.3051,28.74,10.0
2058.0,0.51,10000.0,-4.81,69.68,3258.74,188.31,188.31,188.31,188.31,188.31,607.74,607.74,607.74,607.74,607.74,62.76,121.86,18.41,13.51,0.0378,0.3047,28.74,10.0
2059.0,0.51,10000.0,-4.81,69.68,3257.41,188.27,188.27,188.27,188.27,188.27,607.59,607.59,607.59,607.59,607.59,62.74,121.84,18.4,13.51,0.0378,0.3044,28.74,0.0
2060.0,0.51,10000.0,-4.81,69.68,3256.07,188.24,188.24,188.24,188.24,188.24,607.44,607.44,607.44,607.44,607.44,62.73,121.82,18.39,13.51,0.0378,0.3041,28.74,0.0
2061.0,0.51,10000.0,-4.81,69.68,3254.74,188.2,188.2,188.2,188.2,188.2,607.28,607.28,607.28,607.28,607.28,62.71,121.81,18.38,13.51,0.0378,0.3038,28.73,0.0
2062.0,0.51,10000.0,-4.81,69.68,3253.41,188.16,188.16,188.16,188.16,188.16,607.13,607.13,607.13,607.13,607.13,62.69,121.79,18.37,13.51,0.0377,0.3035,28.73,0.0
2063.0,0.51,10000.0,-4.81,69.68,3252.07,188.13,188.13,188.13,188.13,188.13,606.98,606.98,606.98,606.98,606.98,62.68,121.77,18.36,13.51,0.0377,0.3031,28.73,0.0
2064.0,0.51,10000.0,-4.81,69.68,3250.74,188.09,188.09,188.09,188.09,188.09,606.82,606.82,606.82,606.82,606.82,62.66,121.75,18.35,13.51,0.0377,0.3028,28.73,0.0
2065.0,0.51,10000.0,-4.81,69.68,3249.41,188.05,188.05,188.05,188.05,188.05,606.67,606.67,606.67,606.67,606.67,62.64,121.73,18.34,13.51,0.0377,0.3025,28.73,0.0
2066.0,0.51,10000.0,-4.81,69.68,3248.07,188.02,188.02,188.02,188.02,188.02,606.52,606.52,606.52,606.52,606.52,62.63,121.71,18.33,13.51,0.0377,0.3022,28.72,0.0
2067.0,0.51,10000.0,-4.81,69.68,3246.74,187.98,187.98,187.98,187.98,187.98,606.36,606.36,606.36,606.36,606.36,62.61,121.69,18.32,13.51,0.0377,0.3018,28.72,0.0
2068.0,0.51,10000.0,-4.81,69.68,3245.41,187.94,187.94,187.94,187.94,187.94,606.21,606.21,606.21,606.21,606.21,62.59,121.68,18.31,13.51,0.0377,0.3015,28.72,0.0
2069.0,0.51,10000.0,-4.81,69.68,3244.07,187.91,187.91,187.91,187.91,187.91,606.06,606.06,606.06,606.06,606.06,62.58,121.66,18.3,13.51,0.0377,0.3012,28.72,0.0
2070.0,0.51,10000.0,-4.81,69.68,3242.74,187.87,187.87,187.87,187.87,187.87,605.9,605.9,605.9,605.9,605.9,62.56,121.64,18.29,13.51,0.0377,0.3009,28.72,0.0
2071.0,0.51,10000.0,-4.81,69.68,3241.41,187.83,187.83,187.83,187.83,187.83,605.75,605.75,605.75,605.75,605.75,62.54,121.62,18.29,13.51,0.0377,0.3006,28.71,0.0
2072.0,0.51,10000.0,-4.81,69.68,3240.07,187.8,187.8,187.8,187.8,187.8,605.6,605.6,605.6,605.6,605.6,62.53,121.6,18.28,13.51,0.0377,0.3002,28.71,0.0
2073.0,0.51,10000.0,-4.81,69.68,3238.74,187.76,187.76,187.76,187.76,187.76,605.44,605.44,605.44,605.44,605.44,62.51,121.58,18.27,13.51,0.0377,0.2999,28.71,0.0
2074.0,0.51,10000.0,-4.81,69.68,3237.41,187.72,187.72,187.72,187.72,187.72,605.29,605.29,605.29,605.29,605.29,62.49,121.56,18.26,13.51,0.0377,0.2996,28.71,0.0
2075.0,0.51,10000.0,-4.81,69.68,3236.07,187.69,187.69,187.69,187.69,187.69,605.14,605.14,605.14,605.14,605.14,62.48,121.54,18.25,13.51,0.0377,0.2993,28.71,0.0
2076.0,0.51,10000.0,-4.81,69.68,3234.74,187.65,187.65,187.65,187.65,187.65,604.98,604.98,604.98,604.98,604.98,62.46,121.53,18.24,13.51,0.0376,0.299,28.71,0.0
2077.0,0.51,10000.0,-4.81,69.68,3233.41,187.61,187.61,187.61,187.61,187.61,604.83,604.83,604.83,604.83,604.83,62.44,121.51,18.23,13.51,0.0376,0.2986,28.7,0.0
2078.0,0.51,10000.0,-4.81,69.68,3232.07,187.58,187.58,187.58,187.58,187.58,604.68,604.68,604.68,604.68,604.68,62.43,121.49,18.22,13.51,0.0376,0.2983,28.7,0.0
2079.0,0.51,10000.0,-4.81,69.68,3230.74,187.54,187.54,187.54,187.54,187.54,604.52,604.52,604.52,604.52,604.52,62.41,121.47,18.21,13.51,0.0376,0.298,28.7,0.0
2080.0,0.51,10000.0,-4.81,69.68,3229.41,187.5,187.5,187.5,187.5,187.5,604.37,604.37,604.37,604.37,604.37,62.39,121.45,18.2,13.51,0.0376,0.2977,28.7,0.0
2081.0,0.51,10000.0,-4.81,69.68,3228.07,187.47,187.47,187.47,187.47,187.47,604.22,604.22,604.22,604.22,604.22,62.38,121.43,18.19,13.51,0.0376,0.2974,28.7,0.0
2082.0,0.51,10000.0,-4.81,69.68,3226.74,187.43,187.43,187.43,187.43,187.43,604.06,604.06,604.06,604.06,604.06,62.36,121.41,18.18,13.51,0.0376,0.2971,28.69,0.0
2083.0,0.51,10000.0,-4.81,69.68,3225.41,187.39,187.39,187.39,187.39,187.39,603.91,603.91,603.91,603.91,603.91,62.34,121.4,18.17,13.51,0.0376,0.2967,28.69,0.0
2084.0,0.51,10000.0,-4.81,69.68,3224.07,187.36,187.36,187.36,187.36,187.36,603.76,603.76,603.76,603.76,603.76,62.33,121.38,18.16,13.51,0.0376,0.2964,28.69,0.0
2085.0,0.51,10000.0,-4.81,69.68,3222.74,187.32,187.32,187.32,187.32,187.32,603.6,603.6,603.6,603.6,603.6,62.31,121.36,18.15,13.51,0.0376,0.2961,28.69,0.0
2086.0,0.51,10000.0,-4.81,69.68,3221.41,187.28,187.28,187.28,187.28,187.28,603.45,603.45,603.45,603.45,603.45,62.29,121.34,18.15,13.51,0.0376,0.2958,28.69,0.0
2087.0,0.5,10000.0,-4.81,69.68,3220.07,187.25,187.25,187.25,187.25,187.25,603.3,603.3,603.3,603.3,603.3,62.28,121.32,18.14,13.5,0.0376,0.2955,28.68,0.0
2088.0,0.5,10000.0,-4.81,69.68,3218.74,187.21,187.21,187.21,187.21,187.21,603.14,603.14,603.14,603.14,603.14,62.26,121.3,18.13,13.5,0.0376,0.2951,28.68,0.0
2089.0,0.5,10000.0,-4.81,69.68,3217.41,187.17,187.17,187.17,187.17,187.17,602.99,602.99,602.99,602.99,602.99,62.24,121.28,18.12,13.5,0.0375,0.2948,28.68,0.0
2090.0,0.5,10000.0,-4.81,69.68,3216.07,187.14,187.14,187.14,187.14,187.14,602.84,602.84,602.84,602.84,602.84,62.23,121.26,18.11,13.5,0.0375,0.2945,28.68,0.0
2091.0,0.5,10000.0,-4.81,69.68,3214.74,187.1,187.1,187.1,187.1,187.1,602.68,602.68,602.68,602.68,602.68,62.21,121.25,18.1,13.5,0.0375,0.2942,28.68,0.0
2092.0,0.5,10000.0,-4.81,69.68,3213.41,187.06,187.06,187.06,187.06,187.06,602.53,602.53,602.53,602.53,602.53,62.19,121.23,18.09,13.5,0.0375,0.2939,28.67,0.0
2093.0,0.5,10000.0,-4.81,69.68,3212.07,187.03,187.03,187.03,187.03,187.03,602.38,602.38,602.38,602.38,602.38,62.18,121.21,18.08,13.5,0.0375,0.2936,28.67,0.0
2094.0,0.5,10000.0,-4.81,69.68,3210.74,186.99,186.99,186.99,186.99,186.99,602.22,602.22,602.22,602.22,602.22,62.16,121.19,18.07,13.5,0.0375,0.2932,28.67,0.0
2095.0,0.5,10000.0,-4.81,69.68,3209.41,186.95,186.95,186.95,186.95,186.95,602.07,602.07,602.07,602.07,602.07,62.14,121.17,18.06,13.5,0.0375,0.2929,28.67,0.0
2096.0,0.5,10000.0,-4.81,69.68,3208.07,186.92,186.92,186.92,186.92,186.92,601.92,601.92,601.92,601.92,601.92,62.13,121.15,18.05,13.5,0.0375,0.2926,28.67,0.0
2097.0,0.5,10000.0,-4.81,69.68,3206.74,186.88,186.88,186.88,186.88,186.88,601.76,601.76,601.76,601.76,601.76,62.11,121.13,18.04,13.5,0.0375,0.2923,28.66,0.0
2098.0,0.5,10000.0,-4.81,69.68,3205.41,186.84,186.84,186.84,186.84,186.84,601.61,601.61,601.61,601.61,601.61,62.09,121.12,18.03,13.5,0.0375,0.292,28.66,0.0
2099.0,0.5,10000.0,-4.81,69.68,3204.07,186.81,186.81,186.81,186.81,186.81,601.46,601.46,601.46,601.46,601.46,62.08,121.1,18.02,13.5,0.0375,0.2917,28.66,0.0
2100.0,0.5,10000.0,-4.81,69.68,3202.74,186.77,186.77,186.77,186.77,186.77,601.3,601.3,601.3,601.3,601.3,62.06,121.08,18.01,13.5,0.0375,0.2914,28.66,0.0
2101.0,0.5,10000.0,-4.81,69.68,3201.41,186.73,186.73,186.73,186.73,186.73,601.15,601.15,601.15,601.15,601.15,62.04,121.06,18.01,13.5,0.0375,0.291,28.66,0.0
2102.0,0.5,10000.0,-4.81,69.68,3199.94,186.7,186.7,186.7,186.7,186.7,601.0,601.0,601.0,601.0,601.0,62.02,121.04,18.0,13.5,0.0375,0.2907,28.65,0.0
2103.0,0.5,10000.0,-4.81,69.68,3198.4,186.66,186.66,186.66,186.66,186.66,600.84,600.84,600.84,600.84,600.84,62.01,121.02,17.99,13.5,0.0374,0.2904,28.65,0.0
2104.0,0.5,10000.0,-4.81,69.68,3196.82,186.62,186.62,186.62,186.62,186.62,600.68,600.68,600.68,600.68,600.68,61.99,121.0,17.98,13.5,0.0374,0.29,28.65,0.0
2105.0,0.5,10000.0,-4.81,69.68,3195.23,186.59,186.59,186.59,186.59,186.59,600.52,600.52,600.52,600.52,600.52,61.97,120.99,17.97,13.5,0.0374,0.2897,28.65,0.0
2106.0,0.5,10000.0,-4.81,69.68,3193.63,186.55,186.55,186.55,186.55,186.55,600.35,600.35,600.35,600.35,600.35,61.95,120.97,17.96,13.5,0.0374,0.2894,28.65,0.0
2107.0,0.5,10000.0,-4.81,69.68,3192.02,186.51,186.51,186.51,186.51,186.51,600.19,600.19,600.19,600.19,600.19,61.93,120.95,17.95,13.49,0.0374,0.289,28.64,0.0
2108.0,0.5,10000.0,-4.81,69.68,3190.41,186.48,186.48,186.48,186.48,186.48,600.03,600.03,600.03,600.03,600.03,61.91,120.93,17.95,13.49,0.0374,0.2887,28.64,0.0
2109.0,0.5,10000.0,-4.81,69.68,3188.79,186.44,186.44,186.44,186.44,186.44,599.86,599.86,599.86,599.86,599.86,61.89,120.91,17.94,13.49,0.0374,0.2883,28.64,0.0
2110.0,0.5,10000.0,-4.81,69.68,3187.18,186.41,186.41,186.41,186.41,186.41,599.69,599.69,599.69,599.69,599.69,61.87,120.89,17.93,13.49,0.0374,0.288,28.64,0.0
2111.0,0.5,10000.0,-4.81,69.68,3185.57,186.37,186.37,186.37,186.37,186.37,599.53,599.53,599.53,599.53,599.53,61.86,120.88,17.92,13.49,0.0374,0.2877,28.63,0.0
2112.0,0.5,10000.0,-4.81,69.68,3183.96,186.34,186.34,186.34,186.34,186.34,599.36,599.36,599.36,599.36,599.36,61.84,120.86,17.91,13.49,0.0374,0.2873,28.63,0.0
2113.0,0.5,10000.0,-4.81,69.68,3182.34,186.3,186.3,186.3,186.3,186.3,599.19,599.19,599.19,599.19,599.19,61.82,120.84,17.9,13.49,0.0374,0.287,28.63,0.0
2114.0,0.5,10000.0,-4.81,69.68,3180.73,186.26,186.26,186.26,186.26,186.26,599.02,599.02,599.02,599.02,599.02,61.8,120.82,17.9,13.49,0.0373,0.2867,28.63,0.0
2115.0,0.5,10000.0,-4.81,69.68,3179.12,186.23,186.23,186.23,186.23,186.23,598.85,598.85,598.85,598.85,598.85,61.78,120.8,17.89,13.49,0.0373,0.2863,28.62,0.0
2116.0,0.49,10000.0,-4.81,69.68,3177.5,186.19,186.19,186.19,186.19,186.19,598.68,598.68,598.68,598.68,598.68,61.76,120.79,17.88,13.49,0.0373,0.286,28.62,0.0
2117.0,0.49,10000.0,-4.81,69.68,3175.89,186.16,186.16,186.16,186.16,186.16,598.51,598.51,598.51,598.51,598.51,61.74,120.77,17.87,13.49,0.0373,0.2856,28.62,0.0
2118.0,0.49,10000.0,-4.81,69.68,3174.28,186.12,186.12,186.12,186.12,186.12,598.34,598.34,598.34,598.34,598.34,61.72,120.75,17.86,13.48,0.0373,0.2853,28.62,0.0
2119.0,0.49,10000.0,-4.81,69.68,3172.66,186.09,186.09,186.09,186.09,186.09,598.17,598.17,598.17,598.17,598.17,61.7,120.73,17.85,13.48,0.0373,0.285,28.61,0.0
2120.0,0.49,10000.0,-4.81,69.68,3171.05,186.05,186.05,186.05,186.05,186.05,597.99,597.99,597.99,597.99,597.99,61.68,120.72,17.85,13.48,0.0373,0.2846,28.61,0.0
2121.0,0.49,10000.0,-4.81,69.68,3169.44,186.02,186.02,186.02,186.02,186.02,597.82,597.82,597.82,597.82,597.82,61.66,120.7,17.84,13.48,0.0373,0.2843,28.61,0.0
2122.0,0.49,10000.0,-4.81,69.68,3167.82,185.98,185.98,185.98,185.98,185.98,597.65,597.65,597.65,597.65,597.65,61.64,120.68,17.83,13.48,0.0373,0.284,28.61,0.0
2123.0,0.49,10000.0,-4.81,69.68,3166.21,185.95,185.95,185.95,185.95,185.95,597.48,597.48,597.48,597.48,597.48,61.62,120.66,17.82,13.48,0.0373,0.2836,28.61,0.0
2124.0,0.49,10000.0,-4.81,69.68,3164.6,185.91,185.91,185.91,185.91,185.91,597.31,597.31,597.31,597.31,597.31,61.6,120.65,17.81,13.48,0.0373,0.2833,28.6,0.0
2125.0,0.49,10000.0,-4.81,69.68,3162.98,185.88,185.88,185.88,185.88,185.88,597.13,597.13,597.13,597.13,597.13,61.58,120.63,17.8,13.48,0.0373,0.2829,28.6,0.0
2126.0,0.49,10000.0,-4.81,69.68,3161.37,185.84,185.84,185.84,185.84,185.84,596.96,596.96,596.96,596.96,596.96,61.57,120.61,17.8,13.48,0.0372,0.2826,28.6,0.0
2127.0,0.49,10000.0,-4.81,69.68,3159.76,185.81,185.81,185.81,185.81,185.81,596.79,596.79,596.79,596.79,596.79,61.55,120.59,17.79,13.48,0.0372,0.2823,28.6,0.0
2128.0,0.49,10000.0,-4.81,69.68,3158.14,185.77,185.77,185.77,185.77,185.77,596.62,596.62,596.62,596.62,596.62,61.53,120.58,17.78,13.47,0.0372,0.2819,28.59,0.0
2129.0,0.49,10000.0,-4.81,69.68,3156.53,185.74,185.74,185.74,185.74,185.74,596.44,596.44,596.44,596.44,596.44,61.51,120.56,17.77,13.47,0.0372,0.2816,28.59,0.0
2130.0,0.49,10000.0,-4.81,69.68,3154.92,185.7,185.7,185.7,185.7,185.7,596.27,596.27,596.27,596.27,596.27,61.49,120.54,17.76,13.47,0.0372,0.2813,28.59,0.0
2131.0,0.49,10000.0,-4.81,69.68,3153.3,185.67,185.67,185.67,185.67,185.67,596.1,596.1,596.1,596.1,596.1,61.47,120.52,17.75,13.47,0.0372,0.2809,28.59,0.0
2132.0,0.49,10000.0,-4.81,69.68,3151.69,185.63,185.63,185.63,185.63,185.63,595.93,595.93,595.93,595.93,595.93,61.45,120.51,17.75,13.47,0.0372,0.2806,28.58,0.0
2133.0,0.49,10000.0,-4.81,69.68,3150.08,185.6,185.6,185.6,185.6,185.6,595.75,595.75,595.75,595.75,595.75,61.43,120.49,17.74,13.47,0.0372,0.2803,28.58,0.0
2134.0,0.49,10000.0,-4.81,69.68,3148.46,185.57,185.57,185.57,185.57,185.57,595.58,595.58,595.58,595.58,595.58,61.41,120.47,17.73,13.47,0.0372,0.2799,28.58,0.0
2135.0,0.49,10000.0,-4.81,69.68,3146.85,185.53,185.53,185.53,185.53,185.53,595.41,595.41,595.41,595.41,595.41,61.39,120.46,17.72,13.47,0.0372,0.2796,28.58,0.0
2136.0,0.49,10000.0,-4.81,69.68,3145.24,185.5,185.5,185.5,185.5,185.5,595.23,595.23,595.23,595.23,595.23,61.37,120.44,17.71,13.47,0.0372,0.2793,28.57,0.0
2137.0,0.49,10000.0,-4.81,69.68,3143.62,185.46,185.46,185.46,185.46,185.46,595.06,595.06,595.06,595.06,595.06,61.35,120.42,17.7,13.47,0.0371,0.2789,28.57,0.0
2138.0,0.49,10000.0,-4.81,69.68,3142.01,185.43,185.43,185.43,185.43,185.43,594.89,594.89,594.89,594.89,594.89,61.33,120.4,17.7,13.47,0.0371,0.2786,28.57,0.0
2139.0,0.49,10000.0,-4.81,69.68,3140.4,185.39,185.39,185.39,185.39,185.39,594.71,594.71,594.71,594.71,594.71,61.31,120.39,17.69,13.46,0.0371,0.2783,28.57,0.0
2140.0,0.49,10000.0,-4.81,69.68,3138.78,185.36,185.36,185.36,185.36,185.36,594.54,594.54,594.54,594.54,594.54,61.29,120.37,17.68,13.46,0.0371,0.2779,28.57,0.0
2141.0,0.49,10000.0,-4.81,69.68,3137.17,185.32,185.32,185.32,185.32,185.32,594.37,594.37,594.37,594.37,594.37,61.28,120.35,17.67,13.46,0.0371,0.2776,28.56,0.0
2142.0,0.49,10000.0,-4.81,69.68,3135.56,185.29,185.29,185.29,185.29,185.29,594.19,594.19,594.19,594.19,594.19,61.26,120.34,17.66,13.46,0.0371,0.2773,28.56,0.0
2143.0,0.49,10000.0,-4.81,69.68,3133.94,185.26,185.26,185.26,185.26,185.26,594.02,594.02,594.02,594.02,594.02,61.24,120.32,17.65,13.46,0.0371,0.2769,28.56,0.0
2144.0,0.49,10000.0,-4.81,69.68,3132.33,185.22,185.22,185.22,185.22,185.22,593.85,593.85,593.85,593.85,593.85,61.22,120.3,17.65,13.46,0.0371,0.2766,28.56,0.0
2145.0,0.49,10000.0,-4.81,69.68,3130.72,185.19,185.19,185.19,185.19,185.19,593.67,593.67,593.67,593.67,593.67,61.2,120.29,17.64,13.46,0.0371,0.2763,28.55,0.0
2146.0,0.48,10000.0,-4.81,69.68,3129.1,185.15,185.15,185.15,185.15,185.15,593.5,593.5,593.5,593.5,593.5,61.18,120.27,17.63,13.46,0.0371,0.2759,28.55,0.0
2147.0,0.48,10000.0,-4.81,69.68,3127.49,185.12,185.12,185.12,185.12,185.12,593.33,593.33,593.33,593.33,593.33,61.16,120.25,17.62,13.46,0.0371,0.2756,28.55,0.0
2148.0,0.48,10000.0,-4.81,69.68,3125.88,185.09,185.09,185.09,185.09,185.09,593.15,593.15,593.15,593.15,593.15,61.14,120.23,17.61,13.46,0.0371,0.2753,28.55,0.0
2149.0,0.48,10000.0,-4.81,69.68,3124.26,185.05,185.05,185.05,185.05,185.05,592.98,592.98,592.98,592.98,592.98,61.12,120.22,17.6,13.46,0.037,0.2749,28.54,0.0
2150.0,0.48,10000.0,-4.81,69.68,3122.65,185.02,185.02,185.02,185.02,185.02,592.81,592.81,592.81,592.81,592.81,61.1,120.2,17.6,13.45,0.037,0.2746,28.54,0.0
2151.0,0.48,10000.0,-4.81,69.68,3121.04,184.98,184.98,184.98,184.98,184.98,592.63,592.63,592.63,592.63,592.63,61.08,120.18,17.59,13.45,0.037,0.2743,28.54,0.0
2152.0,0.48,10000.0,-4.81,69.68,3119.42,184.95,184.95,184.95,184.95,184.95,592.46,592.46,592.46,592.46,592.46,61.06,120.17,17.58,13.45,0.037,0.2739,28.54,0.0
2153.0,0.48,10000.0,-4.81,69.68,3117.81,184.92,184.92,184.92,184.92,184.92,592.29,592.29,592.29,592.29,592.29,61.04,120.15,17.57,13.45,0.037,0.2736,28.53,0.0
2154.0,0.48,10000.0,-4.81,69.68,3116.2,184.88,184.88,184.88,184.88,184.88,592.11,592.11,592.11,592.11,592.11,61.02,120.13,17.56,13.45,0.037,0.2733,28.53,0.0
2155.0,0.48,10000.0,-4.81,69.68,3114.58,184.85,184.85,184.85,184.85,184.85,591.94,591.94,591.94,591.94,591.94,61.0,120.12,17.55,13.45,0.037,0.273,28.53,0.0
2156.0,0.48,10000.0,-4.81,69.68,3112.97,184.81,184.81,184.81,184.81,184.81,591.77,591.77,591.77,591.77,591.77,60.99,120.1,17.55,13.45,0.037,0.2726,28.53,0.0
2157.0,0.48,10000.0,-4.81,69.68,3111.36,184.78,184.78,184.78,184.78,184.78,591.6,591.6,591.6,591.6,591.6,60.97,120.08,17.54,13.45,0.037,0.2723,28.53,0.0
2158.0,0.48,10000.0,-4.81,69.68,3109.74,184.75,184.75,184.75,184.75,184.75,591.42,591.42,591.42,591.42,591.42,60.95,120.07,17.53,13.45,0.037,0.272,28.52,0.0
2159.0,0.48,10000.0,-4.81,69.68,3108.13,184.71,184.71,184.71,184.71,184.71,591.25,591.25,591.25,591.25,591.25,60.93,120.05,17.52,13.45,0.037,0.2716,28.52,0.0
2160.0,0.48,10000.0,-4.81,69.68,3106.52,184.68,184.68,184.68,184.68,184.68,591.08,591.08,591.08,591.08,591.08,60.91,120.03,17.51,13.45,0.0369,0.2713,28.52,0.0
2161.0,0.48,10000.0,-4.81,69.68,3104.9,184.64,184.64,184.64,184.64,184.64,590.9,590.9,590.9,590.9,590.9,60.89,120.01,17.5,13.44,0.0369,0.271,28.52,0.0
2162.0,0.48,10000.0,-4.81,69.68,3103.29,184.61,184.61,184.61,184.61,184.61,590.73,590.73,590.73,590.73,590.73,60.87,120.0,17.5,13.44,0.0369,0.2706,28.51,0.0
2163.0,0.48,10000.0,-4.81,69.68,3101.68,184.58,184.58,184.58,184.58,184.58,590.56,590.56,590.56,590.56,590.56,60.85,119.98,17.49,13.44,0.0369,0.2703,28.51,0.0
2164.0,0.48,10000.0,-4.81,69.68,3100.06,184.54,184.54,184.54,184.54,184.54,590.38,590.38,590.38,590.38,590.38,60.83,119.96,17.48,13.44,0.0369,0.27,28.51,0.0
2165.0,0.48,10000.0,-4.81,69.68,3098.45,184.51,184.51,184.51,184.51,184.51,590.21,590.21,590.21,590.21,590.21,60.81,119.95,17.47,13.44,0.0369,0.2697,28.51,0.0
2166.0,0.48,10000.0,-4.81,69.68,3096.84,184.48,184.48,184.48,184.48,184.48,590.04,590.04,590.04,590.04,590.04,60.79,119.93,17.46,13.44,0.0369,0.2693,28.5,0.0
2167.0,0.48,10000.0,-4.81,69.68,3095.22,184.44,184.44,184.44,184.44,184.44,589.86,589.86,589.86,589.86,589.86,60.77,119.91,17.45,13.44,0.0369,0.269,28.5,0.0
2168.0,0.48,10000.0,-4.81,69.68,3093.61,184.41,184.41,184.41,184.41,184.41,589.69,589.69,589.69,589.69,589.69,60.75,119.9,17.45,13.44,0.0369,0.2687,28.5,0.0
2169.0,0.48,10000.0,-4.81,69.68,3092.0,184.37,184.37,184.37,184.37,184.37,589.52,589.52,589.52,589.52,589.52,60.73,119.88,17.44,13.44,0.0369,0.2683,28.5,0.0
2170.0,0.48,10000.0,-4.81,69.68,3090.38,184.34,184.34,184.34,184.34,184.34,589.34,589.34,589.34,589.34,589.34,60.71,119.86,17.43,13.44,0.0369,0.268,28.5,0.0
2171.0,0.48,10000.0,-4.81,69.68,3088.77,184.31,184.31,184.31,184.31,184.31,589.17,589.17,589.17,589.17,589.17,60.7,119.85,17.42,13.43,0.0368,0.2677,28.49,0.0
2172.0,0.48,10000.0,-4.81,69.68,3087.16,184.27,184.27,184.27,184.27,184.27,589.0,589.0,589.0,589.0,589.0,60.68,119.83,17.41,13.43,0.0368,0.2674,28.49,0.0
2173.0,0.48,10000.0,-4.81,69.68,3085.54,184.24,184.24,184.24,184.24,184.24,588.82,588.82,588.82,588.82,588.82,60.66,119.81,17.4,13.43,0.0368,0.267,28.49,0.0
2174.0,0.48,10000.0,-4.81,69.68,3083.93,184.21,184.21,184.21,184.21,184.21,588.65,588.65,588.65,588.65,588.65,60.64,119.8,17.4,13.43,0.0368,0.2667,28.49,0.0
2175.0,0.48,10000.0,-4.81,69.68,3082.32,184.17,184.17,184.17,184.17,184.17,588.48,588.48,588.48,588.48,588.48,60.62,119.78,17.39,13.43,0.0368,0.2664,28.48,0.0
2176.0,0.47,10000.0,-4.81,69.68,3080.7,184.14,184.14,184.14,184.14,184.14,588.3,588.3,588.3,588.3,588.3,60.6,119.76,17.38,13.43,0.0368,0.2661,28.48,0.0
2177.0,0.47,10000.0,-4.81,69.68,3079.09,184.11,184.11,184.11,184.11,184.11,588.13,588.13,588.13,588.13,588.13,60.58,119.75,17.37,13.43,0.0368,0.2657,28.48,0.0
2178.0,0.47,10000.0,-4.81,69.68,3077.48,184.07,184.07,184.07,184.07,184.07,587.96,587.96,587.96,587.96,587.96,60.56,119.73,17.36,13.43,0.0368,0.2654,28.48,0.0
2179.0,0.47,10000.0,-4.81,69.68,3075.86,184.04,184.04,184.04,184.04,184.04,587.78,587.78,587.78,587.78,587.78,60.54,119.71,17.35,13.43,0.0368,0.2651,28.47,0.0
2180.0,0.47,10000.0,-4.81,69.68,3074.25,184.0,184.0,184.0,184.0,184.0,587.61,587.61,587.61,587.61,587.61,60.52,119.7,17.35,13.43,0.0368,0.2648,28.47,0.0
2181.0,0.47,10000.0,-4.81,69.68,3072.64,183.97,183.97,183.97,183.97,183.97,587.44,587.44,587.44,587.44,587.44,60.5,119.68,17.34,13.43,0.0368,0.2644,28.47,0.0
2182.0,0.47,10000.0,-4.81,69.68,3071.02,183.94,183.94,183.94,183.94,183.94,587.26,587.26,587.26,587.26,587.26,60.48,119.66,17.33,13.42,0.0368,0.2641,28.47,0.0
2183.0,0.47,10000.0,-4.81,69.68,3069.41,183.9,183.9,183.9,183.9,183.9,587.09,587.09,587.09,587.09,587.09,60.46,119.65,17.32,13.42,0.0367,0.2638,28.46,0.0
2184.0,0.47,10000.0,-4.81,69.68,3067.8,183.87,183.87,183.87,183.87,183.87,586.92,586.92,586.92,586.92,586.92,60.44,119.63,17.31,13.42,0.0367,0.2635,28.46,0.0
2185.0,0.47,10000.0,-4.81,69.68,3066.18,183.84,183.84,183.84,183.84,183.84,586.74,586.74,586.74,586.74,586.74,60.42,119.61,17.3,13.42,0.0367,0.2631,28.46,0.0
2186.0,0.47,10000.0,-4.81,69.68,3064.57,183.8,183.8,183.8,183.8,183.8,586.57,586.57,586.57,586.57,586.57,60.41,119.6,17.3,13.42,0.0367,0.2628,28.46,0.0
2187.0,0.47,10000.0,-4.81,69.68,3062.96,183.77,183.77,183.77,183.77,183.77,586.4,586.4,586.4,586.4,586.4,60.39,119.58,17.29,13.42,0.0367,0.2625,28.46,0.0
2188.0,0.47,10000.0,-4.81,69.68,3061.34,183.74,183.74,183.74,183.74,183.74,586.22,586.22,586.22,586.22,586.22,60.37,119.56,17.28,13.42,0.0367,0.2622,28.45,0.0
2189.0,0.47,10000.0,-4.81,69.68,3059.73,183.7,183.7,183.7,183.7,183.7,586.05,586.05,586.05,586.05,586.05,60.35,119.54,17.27,13.42,0.0367,0.2618,28.45,0.0
2190.0,0.47,10000.0,-4.81,69.68,3058.12,183.67,183.67,183.67,183.67,183.67,585.88,585.88,585.88,585.88,585.88,60.33,119.53,17.26,13.42,0.0367,0.2615,28.45,0.0
2191.0,0.47,10000.0,-4.81,69.68,3056.5,183.64,183.64,183.64,183.64,183.64,585.7,585.7,585.7,585.7,585.7,60.31,119.51,17.25,13.42,0.0367,0.2612,28.45,0.0
2192.0,0.47,10000.0,-4.81,69.68,3054.89,183.6,183.6,183.6,183.6,183.6,585.53,585.53,585.53,585.53,585.53,60.29,119.49,17.25,13.42,0.0367,0.2609,28.44,0.0
2193.0,0.47,10000.0,-4.81,69.68,3053.28,183.57,183.57,183.57,183.57,183.57,585.36,585.36,585.36,585.36,585.36,60.27,119.48,17.24,13.41,0.0367,0.2605,28.44,0.0
2194.0,0.47,10000.0,-4.81,69.68,3051.66,183.53,183.53,183.53,183.53,183.53,585.18,585.18,585.18,585.18,585.18,60.25,119.46,17.23,13.41,0.0366,0.2602,28.44,0.0
2195.0,0.47,10000.0,-4.81,69.68,3050.05,183.5,183.5,183.5,183.5,183.5,585.01,585.01,585.01,585.01,585.01,60.23,119.44,17.22,13.41,0.0366,0.2599,28.44,0.0
2196.0,0.47,10000.0,-4.81,69.68,3048.44,183.47,183.47,183.47,183.47,183.47,584.84,584.84,584.84,584.84,584.84,60.21,119.43,17.21,13.41,0.0366,0.2596,28.43,0.0
2197.0,0.47,10000.0,-4.81,69.68,3046.82,183.43,183.43,183.43,183.43,183.43,584.66,584.66,584.66,584.66,584.66,60.19,119.41,17.2,13.41,0.0366,0.2593,28.43,0.0
2198.0,0.47,10000.0,-4.81,69.68,3045.21,183.4,183.4,183.4,183.4,183.4,584.49,584.49,584.49,584.49,584.49,60.17,119.39,17.2,13.41,0.0366,0.2589,28.43,0.0
2199.0,0.47,10000.0,-4.81,69.68,3043.6,183.37,183.37,183.37,183.37,183.37,584.32,584.32,584.32,584.32,584.32,60.15,119.38,17.19,13.41,0.0366,0.2586,28.43,0.0
2200.0,0.47,10000.0,-4.81,69.68,3041.98,183.33,183.33,183.33,183.33,183.33,584.14,584.14,584.14,584.14,584.14,60.13,119.36,17.18,13.41,0.0366,0.2583,28.42,0.0
2201.0,0.47,10000.0,-4.81,69.68,3040.37,183.3,183.3,183.3,183.3,183.3,583.97,583.97,583.97,583.97,583.97,60.12,119.34,17.17,13.41,0.0366,0.258,28.42,0.0
2202.0,0.47,10000.0,-4.81,69.68,3038.76,183.27,183.27,183.27,183.27,183.27,583.8,583.8,583.8,583.8,583.8,60.1,119.33,17.16,13.41,0.0366,0.2576,28.42,0.0
2203.0,0.47,10000.0,-4.81,69.68,3037.14,183.23,183.23,183.23,183.23,183.23,583.62,583.62,583.62,583.62,583.62,60.08,119.31,17.15,13.4,0.0366,0.2573,28.42,0.0
2204.0,0.47,10000.0,-4.81,69.68,3035.53,183.2,183.2,183.2,183.2,183.2,583.45,583.45,583.45,583.45,583.45,60.06,119.29,17.15,13.4,0.0366,0.257,28.42,0.0
2205.0,0.47,10000.0,-4.81,69.68,3033.92,183.17,183.17,183.17,183.17,183.17,583.28,583.28,583.28,583.28,583.28,60.04,119.28,17.14,13.4,0.0365,0.2567,28.41,0.0
2206.0,0.46,10000.0,-4.81,69.68,3032.3,183.13,183.13,183.13,183.13,183.13,583.1,583.1,583.1,583.1,583.1,60.02,119.26,17.13,13.4,0.0365,0.2564,28.41,0.0
2207.0,0.46,10000.0,-4.81,69.68,3030.69,183.1,183.1,183.1,183.1,183.1,582.93,582.93,582.93,582.93,582.93,60.0,119.24,17.12,13.4,0.0365,0.256,28.41,0.0
2208.0,0.46,10000.0,-4.81,69.68,3029.08,183.07,183.07,183.07,183.07,183.07,582.76,582.76,582.76,582.76,582.76,59.98,119.23,17.11,13.4,0.0365,0.2557,28.41,0.0
2209.0,0.46,10000.0,-4.81,69.68,3027.46,183.03,183.03,183.03,183.03,183.03,582.58,582.58,582.58,582.58,582.58,59.96,119.21,17.1,13.4,0.0365,0.2554,28.4,0.0
2210.0,0.46,10000.0,-4.81,69.68,3025.85,183.0,183.0,183.0,183.0,183.0,582.41,582.41,582.41,582.41,582.41,59.94,119.19,17.1,13.4,0.0365,0.2551,28.4,0.0
2211.0,0.46,10000.0,-4.81,69.68,3024.24,182.97,182.97,182.97,182.97,182.97,582.24,582.24,582.24,582.24,582.24,59.92,119.18,17.09,13.4,0.0365,0.2548,28.4,0.0
2212.0,0.46,10000.0,-4.81,69.68,3022.62,182.93,182.93,182.93,182.93,182.93,582.06,582.06,582.06,582.06,582.06,59.9,119.16,17.08,13.4,0.0365,0.2544,28.4,0.0
2213.0,0.46,10000.0,-4.81,69.68,3021.01,182.9,182.9,182.9,182.9,182.9,581.89,581.89,581.89,581.89,581.89,59.88,119.14,17.07,13.4,0.0365,0.2541,28.39,0.0
2214.0,0.46,10000.0,-4.81,69.68,3019.4,182.87,182.87,182.87,182.87,182.87,581.72,581.72,581.72,581.72,581.72,59.86,119.13,17.06,13.39,0.0365,0.2538,28.39,0.0
2215.0,0.46,10000.0,-4.81,69.68,3017.78,182.83,182.83,182.83,182.83,182.83,581.54,581.54,581.54,581.54,581.54,59.84,119.11,17.05,13.39,0.0365,0.2535,28.39,0.0
2216.0,0.46,10000.0,-4.81,69.68,3016.17,182.8,182.8,182.8,182.8,182.8,581.37,581.37,581.37,581.37,581.37,59.83,119.09,17.05,13.39,0.0365,0.2532,28.39,0.0
2217.0,0.46,10000.0,-4.81,69.68,3014.56,182.77,182.77,182.77,182.77,182.77,581.2,581.2,581.2,581.2,581.2,59.81,119.08,17.04,13.39,0.0364,0.2529,28.38,0.0
2218.0,0.46,10000.0,-4.81,69.68,3012.94,182.73,182.73,182.73,182.73,182.73,581.02,581.02,581.02,581.02,581.02,59.79,119.06,17.03,13.39,0.0364,0.2525,28.38,0.0
2219.0,0.46,10000.0,-4.81,69.68,3011.33,182.7,182.7,182.7,182.7,182.7,580.85,580.85,580.85,580.85,580.85,59.77,119.04,17.02,13.39,0.0364,0.2522,28.38,0.0
2220.0,0.46,10000.0,-4.81,69.68,3009.72,182.66,182.66,182.66,182.66,182.66,580.68,580.68,580.68,580.68,580.68,59.75,119.03,17.01,13.39,0.0364,0.2519,28.38,0.0
2221.0,0.46,10000.0,-4.81,69.68,3008.1,182.63,182.63,182.63,182.63,182.63,580.5,580.5,580.5,580.5,580.5,59.73,119.01,17.0,13.39,0.0364,0.2516,28.38,0.0
2222.0,0.46,10000.0,-4.81,69.68,3006.49,182.6,182.6,182.6,182.6,182.6,580.33,580.33,580.33,580.33,580.33,59.71,118.99,17.0,13.39,0.0364,0.2513,28.37,0.0
2223.0,0.46,10000.0,-4.81,69.68,3004.88,182.56,182.56,182.56,182.56,182.56,580.16,580.16,580.16,580.16,580.16,59.69,118.98,16.99,13.39,0.0364,0.251,28.37,0.0
2224.0,0.46,10000.0,-4.81,69.68,3003.26,182.53,182.53,182.53,182.53,182.53,579.98,579.98,579.98,579.98,579.98,59.67,118.96,16.98,13.39,0.0364,0.2506,28.37,0.0
2225.0,0.46,10000.0,-4.81,69.68,3001.65,182.5,182.5,182.5,182.5,182.5,579.81,579.81,579.81,579.81,579.81,59.65,118.94,16.97,13.38,0.0364,0.2503,28.37,0.0
2226.0,0.46,10000.0,-4.81,69.68,3000.04,182.46,182.46,182.46,182.46,182.46,579.64,579.64,579.64,579.64,579.64,59.63,118.93,16.96,13.38,0.0364,0.25,28.36,0.0
2227.0,0.46,10000.0,-4.81,69.68,2998.42,182.43,182.43,182.43,182.43,182.43,579.46,579.46,579.46,579.46,579.46,59.61,118.91,16.95,13.38,0.0364,0.2497,28.36,0.0
2228.0,0.46,10000.0,-4.81,69.68,2996.81,182.4,182.4,182.4,182.4,182.4,579.29,579.29,579.29,579.29,579.29,59.59,118.89,16.95,13.38,0.0363,0.2494,28.36,0.0
2229.0,0.46,10000.0,-4.81,69.68,2995.2,182.36,182.36,182.36,182.36,182.36,579.12,579.12,579.12,579.12,579.12,59.57,118.88,16.94,13.38,0.0363,0.2491,28.36,0.0
2230.0,0.46,10000.0,-4.81,69.68,2993.58,182.33,182.33,182.33,182.33,182.33,578.94,578.94,578.94,578.94,578.94,59.55,118.86,16.93,13.38,0.0363,0.2487,28.35,0.0
2231.0,0.46,10000.0,-4.81,69.68,2991.97,182.3,182.3,182.3,182.3,182.3,578.77,578.77,578.77,578.77,578.77,59.54,118.84,16.92,13.38,0.0363,0.2484,28.35,0.0
2232.0,0.46,10000.0,-4.81,69.68,2990.36,182.26,182.26,182.26,182.26,182.26,578.6,578.6,578.6,578.6,578.6,59.52,118.83,16.91,13.38,0.0363,0.2481,28.35,0.0
2233.0,0.46,10000.0,-4.81,69.68,2988.74,182.23,182.23,182.23,182.23,182.23,578.42,578.42,578.42,578.42,578.42,59.5,118.81,16.9,13.38,0.0363,0.2478,28.35,0.0
2234.0,0.46,10000.0,-4.81,69.68,2987.13,182.2,182.2,182.2,182.2,182.2,578.25,578.25,578.25,578.25,578.25,59.48,118.79,16.9,13.38,0.0363,0.2475,28.34,0.0
2235.0,0.46,10000.0,-4.81,69.68,2985.52,182.16,182.16,182.16,182.16,182.16,578.08,578.08,578.08,578.08,578.08,59.46,118.78,16.89,13.38,0.0363,0.2472,28.34,0.0
2236.0,0.46,10000.0,-4.81,69.68,2983.9,182.13,182.13,182.13,182.13,182.13,577.9,577.9,577.9,577.9,577.9,59.44,118.76,16.88,13.37,0.0363,0.2469,28.34,0.0
2237.0,0.45,10000.0,-4.81,69.68,2982.29,182.1,182.1,182.1,182.1,182.1,577.73,577.73,577.73,577.73,577.73,59.42,118.74,16.87,13.37,0.0363,0.2465,28.34,0.0
2238.0,0.45,10000.0,-4.81,69.68,2980.68,182.06,182.06,182.06,182.06,182.06,577.56,577.56,577.56,577.56,577.56,59.4,118.73,16.86,13.37,0.0363,0.2462,28.34,0.0
2239.0,0.45,10000.0,-4.81,69.68,2979.06,182.03,182.03,182.03,182.03,182.03,577.38,577.38,577.38,577.38,577.38,59.38,118.71,16.85,13.37,0.0362,0.2459,28.33,0.0
2240.0,0.45,10000.0,-4.81,69.68,2977.45,182.0,182.0,182.0,182.0,182.0,577.21,577.21,577.21,577.21,577.21,59.36,118.69,16.85,13.37,0.0362,0.2456,28.33,0.0
2241.0,0.45,10000.0,-4.81,69.68,2975.84,181.96,181.96,181.96,181.96,181.96,577.04,577.04,577.04,577.04,577.04,59.34,118.68,16.84,13.37,0.0362,0.2453,28.33,0.0
2242.0,0.45,10000.0,-4.81,69.68,2974.22,181.93,181.93,181.93,181.93,181.93,576.86,576.86,576.86,576.86,576.86,59.32,118.66,16.83,13.37,0.0362,0.245,28.33,0.0
2243.0,0.45,10000.0,-4.81,69.68,2972.61,181.9,181.9,181.9,181.9,181.9,576.69,576.69,576.69,576.69,576.69,59.3,118.64,16.82,13.37,0.0362,0.2447,28.32,0.0
2244.0,0.45,10000.0,-4.81,69.68,2971.0,181.86,181.86,181.86,181.86,181.86,576.52,576.52,576.52,576.52,576.52,59.28,118.63,16.81,13.37,0.0362,0.2443,28.32,0.0
2245.0,0.45,10000.0,-4.81,69.68,2969.38,181.83,181.83,181.83,181.83,181.83,576.34,576.34,576.34,576.34,576.34,59.26,118.61,16.8,13.37,0.0362,0.244,28.32,0.0
2246.0,0.45,10000.0,-4.81,69.68,2967.77,181.8,181.8,181.8,181.8,181.8,576.17,576.17,576.17,576.17,576.17,59.25,118.59,16.8,13.36,0.0362,0.2437,28.32,0.0
2247.0,0.45,10000.0,-4.81,69.68,2966.16,181.76,181.76,181.76,181.76,181.76,576.0,576.0,576.0,576.0,576.0,59.23,118.58,16.79,13.36,0.0362,0.2434,28.31,0.0
2248.0,0.45,10000.0,-4.81,69.68,2964.54,181.73,181.73,181.73,181.73,181.73,575.82,575.82,575.82,575.82,575.82,59.21,118.56,16.78,13.36,0.0362,0.2431,28.31,0.0
2249.0,0.45,10000.0,-4.81,69.68,2962.93,181.7,181.7,181.7,181.7,181.7,575.65,575.65,575.65,575.65,575.65,59.19,118.54,16.77,13.36,0.0362,0.2428,28.31,0.0
2250.0,0.45,10000.0,-4.81,69.68,2961.32,181.66,181.66,181.66,181.66,181.66,575.48,575.48,575.48,575.48,575.48,59.17,118.53,16.76,13.36,0.0362,0.2425,28.31,0.0
2251.0,0.45,10000.0,-4.81,69.68,2959.7,181.63,181.63,181.63,181.63,181.63,575.3,575.3,575.3,575.3,575.3,59.15,118.51,16.75,13.36,0.0361,0.2422,28.31,0.0
2252.0,0.45,10000.0,-4.81,69.68,2958.09,181.6,181.6,181.6,181.6,181.6,575.13,575.13,575.13,575.13,575.13,59.13,118.49,16.75,13.36,0.0361,0.2418,28.3,0.0
2253.0,0.45,10000.0,-4.81,69.68,2956.48,181.56,181.56,181.56,181.56,181.56,574.96,574.96,574.96,574.96,574.96,59.11,118.48,16.74,13.36,0.0361,0.2415,28.3,0.0
2254.0,0.45,10000.0,-4.81,69.68,2954.86,181.53,181.53,181.53,181.53,181.53,574.78,574.78,574.78,574.78,574.78,59.09,118.46,16.73,13.36,0.0361,0.2412,28.3,0.0
2255.0,0.45,10000.0,-4.81,69.68,2953.25,181.5,181.5,181.5,181.5,181.5,574.61,574.61,574.61,574.61,574.61,59.07,118.44,16.72,13.36,0.0361,0.2409,28.3,0.0
2256.0,0.45,10000.0,-4.81,69.68,2951.64,181.46,181.46,181.46,181.46,181.46,574.44,574.44,574.44,574.44,574.44,59.05,118.43,16.71,13.36,0.0361,0.2406,28.29,0.0
2257.0,0.45,10000.0,-4.81,69.68,2950.02,181.43,181.43,181.43,181.43,181.43,574.26,574.26,574.26,574.26,574.26,59.03,118.41,16.7,13.35,0.0361,0.2403,28.29,0.0
2258.0,0.45,10000.0,-4.81,69.68,2948.41,181.4,181.4,181.4,181.4,181.4,574.09,574.09,574.09,574.09,574.09,59.01,118.39,16.7,13.35,0.0361,0.24,28.29,0.0
2259.0,0.45,10000.0,-4.81,69.68,2946.8,181.36,181.36,181.36,181.36,181.36,573.92,573.92,573.92,573.92,573.92,58.99,118.38,16.69,13.35,0.0361,0.2397,28.29,0.0
2260.0,0.45,10000.0,-4.81,69.68,2945.18,181.33,181.33,181.33,181.33,181.33,573.74,573.74,573.74,573.74,573.74,58.97,118.36,16.68,13.35,0.0361,0.2394,28.28,0.0
2261.0,0.45,10000.0,-4.81,69.68,2943.57,181.3,181.3,181.3,181.3,181.3,573.57,573.57,573.57,573.57,573.57,58.96,118.34,16.67,13.35,0.0361,0.2391,28.28,0.0
2262.0,0.45,10000.0,-4.81,69.68,2941.96,181.26,181.26,181.26,181.26,181.26,573.4,573.4,573.4,573.4,573.4,58.94,118.33,16.66,13.35,0.036,0.2387,28.28,0.0
2263.0,0.45,10000.0,-4.81,69.68,2940.34,181.23,181.23,181.23,181.23,181.23,573.22,573.22,573.22,573.22,573.22,58.92,118.31,16.65,13.35,0.036,0.2384,28.28,0.0
2264.0,0.45,10000.0,-4.81,69.68,2938.73,181.2,181.2,181.2,181.2,181.2,573.05,573.05,573.05,573.05,573.05,58.9,118.29,16.65,13.35,0.036,0.2381,28.27,0.0
2265.0,0.45,10000.0,-4.81,69.68,2937.12,181.16,181.16,181.16,181.16,181.16,572.88,572.88,572.88,572.88,572.88,58.88,118.28,16.64,13.35,0.036,0.2378,28.27,0.0
2266.0,0.45,10000.0,-4.81,69.68,2935.5,181.13,181.13,181.13,181.13,181.13,572.7,572.7,572.7,572.7,572.7,58.86,118.26,16.63,13.35,0.036,0.2375,28.27,0.0
2267.0,0.44,10000.0,-4.81,69.68,2933.89,181.1,181.1,181.1,181.1,181.1,572.53,572.53,572.53,572.53,572.53,58.84,118.24,16.62,13.35,0.036,0.2372,28.27,0.0
2268.0,0.44,10000.0,-4.81,69.68,2932.28,181.06,181.06,181.06,181.06,181.06,572.36,572.36,572.36,572.36,572.36,58.82,118.23,16.61,13.34,0.036,0.2369,28.27,0.0
2269.0,0.44,10000.0,-4.81,69.68,2930.66,181.03,181.03,181.03,181.03,181.03,572.18,572.18,572.18,572.18,572.18,58.8,118.21,16.6,13.34,0.036,0.2366,28.26,0.0
2270.0,0.44,10000.0,-4.81,69.68,2929.05,181.0,181.0,181.0,181.0,181.0,572.01,572.01,572.01,572.01,572.01,58.78,118.19,16.6,13.34,0.036,0.2363,28.26,0.0
2271.0,0.44,10000.0,-4.81,69.68,2927.44,180.96,180.96,180.96,180.96,180.96,571.84,571.84,571.84,571.84,571.84,58.76,118.18,16.59,13.34,0.036,0.236,28.26,0.0
2272.0,0.44,10000.0,-4.81,69.68,2925.82,180.93,180.93,180.93,180.93,180.93,571.66,571.66,571.66,571.66,571.66,58.74,118.16,16.58,13.34,0.036,0.2357,28.26,0.0
2273.0,0.44,10000.0,-4.81,69.68,2924.21,180.9,180.9,180.9,180.9,180.9,571.49,571.49,571.49,571.49,571.49,58.72,118.14,16.57,13.34,0.036,0.2354,28.25,0.0
2274.0,0.44,10000.0,-4.81,69.68,2922.6,180.86,180.86,180.86,180.86,180.86,571.32,571.32,571.32,571.32,571.32,58.7,118.13,16.56,13.34,0.0359,0.235,28.25,0.0
2275.0,0.44,10000.0,-4.81,69.68,2920.98,180.83,180.83,180.83,180.83,180.83,571.14,571.14,571.14,571.14,571.14,58.68,118.11,16.55,13.34,0.0359,0.2347,28.25,0.0
2276.0,0.44,10000.0,-4.81,69.68,2919.37,180.8,180.8,180.8,180.8,180.8,570.97,570.97,570.97,570.97,570.97,58.67,118.09,16.55,13.34,0.0359,0.2344,28.25,0.0
2277.0,0.44,10000.0,-4.81,69.68,2917.76,180.76,180.76,180.76,180.76,180.76,570.8,570.8,570.8,570.8,570.8,58.65,118.08,16.54,13.34,0.0359,0.2341,28.24,0.0
2278.0,0.44,10000.0,-4.81,69.68,2916.14,180.73,180.73,180.73,180.73,180.73,570.62,570.62,570.62,570.62,570.62,58.63,118.06,16.53,13.33,0.0359,0.2338,28.24,0.0
2279.0,0.44,10000.0,-4.81,69.68,2914.53,180.7,180.7,180.7,180.7,180.7,570.45,570.45,570.45,570.45,570.45,58.61,118.04,16.52,13.33,0.0359,0.2335,28.24,0.0
2280.0,0.44,10000.0,-4.81,69.68,2912.92,180.66,180.66,180.66,180.66,180.66,570.28,570.28,570.28,570.28,570.28,58.59,118.03,16.51,13.33,0.0359,0.2332,28.24,0.0
2281.0,0.44,10000.0,-4.81,69.68,2911.3,180.63,180.63,180.63,180.63,180.63,570.1,570.1,570.1,570.1,570.1,58.57,118.01,16.5,13.33,0.0359,0.2329,28.23,0.0
2282.0,0.44,10000.0,-4.81,69.68,2909.69,180.6,180.6,180.6,180.6,180.6,569.93,569.93,569.93,569.93,569.93,58.55,117.99,16.5,13.33,0.0359,0.2326,28.23,0.0
2283.0,0.44,10000.0,-4.81,69.68,2908.08,180.56,180.56,180.56,180.56,180.56,569.76,569.76,569.76,569.76,569.76,58.53,117.98,16.49,13.33,0.0359,0.2323,28.23,0.0
2284.0,0.44,10000.0,-4.81,69.68,2906.46,180.53,180.53,180.53,180.53,180.53,569.58,569.58,569.58,569.58,569.58,58.51,117.96,16.48,13.33,0.0359,0.232,28.23,0.0
2285.0,0.44,10000.0,-4.81,69.68,2904.85,180.5,180.5,180.5,180.5,180.5,569.41,569.41,569.41,569.41,569.41,58.49,117.94,16.47,13.33,0.0358,0.2317,28.23,0.0
2286.0,0.44,10000.0,-4.81,69.68,2903.24,180.46,180.46,180.46,180.46,180.46,569.24,569.24,569.24,569.24,569.24,58.47,117.93,16.46,13.33,0.0358,0.2314,28.22,0.0
2287.0,0.44,10000.0,-4.81,69.68,2901.62,180.43,180.43,180.43,180.43,180.43,569.06,569.06,569.06,569.06,569.06,58.45,117.91,16.45,13.33,0.0358,0.2311,28.22,0.0
2288.0,0.44,10000.0,-4.81,69.68,2900.01,180.4,180.4,180.4,180.4,180.4,568.89,568.89,568.89,568.89,568.89,58.43,117.89,16.45,13.33,0.0358,0.2308,28.22,0.0
2289.0,0.44,10000.0,-4.81,69.68,2898.4,180.36,180.36,180.36,180.36,180.36,568.72,568.72,568.72,568.72,568.72,58.41,117.88,16.44,13.32,0.0358,0.2305,28.22,0.0
2290.0,0.44,10000.0,-4.81,69.68,2896.78,180.33,180.33,180.33,180.33,180.33,568.54,568.54,568.54,568.54,568.54,58.39,117.86,16.43,13.32,0.0358,0.2302,28.21,0.0
2291.0,0.44,10000.0,-4.81,69.68,2895.17,180.3,180.3,180.3,180.3,180.3,568.37,568.37,568.37,568.37,568.37,58.38,117.84,16.42,13.32,0.0358,0.2299,28.21,0.0
2292.0,0.44,10000.0,-4.81,69.68,2893.56,180.26,180.26,180.26,180.26,180.26,568.2,568.2,568.2,568.2,568.2,58.36,117.83,16.41,13.32,0.0358,0.2296,28.21,0.0
2293.0,0.44,10000.0,-4.81,69.68,2891.94,180.23,180.23,180.23,180.23,180.23,568.02,568.02,568.02,568.02,568.02,58.34,117.81,16.4,13.32,0.0358,0.2293,28.21,0.0
2294.0,0.44,10000.0,-4.81,69.68,2890.33,180.2,180.2,180.2,180.2,180.2,567.85,567.85,567.85,567.85,567.85,58.32,117.79,16.4,13.32,0.0358,0.2289,28.2,0.0
2295.0,0.44,10000.0,-4.81,69.68,2888.72,180.16,180.16,180.16,180.16,180.16,567.68,567.68,567.68,567.68,567.68,58.3,117.78,16.39,13.32,0.0358,0.2286,28.2,0.0
2296.0,0.44,10000.0,-4.81,69.68,2887.1,180.13,180.13,180.13,180.13,180.13,567.5,567.5,567.5,567.5,567.5,58.28,117.76,16.38,13.32,0.0357,0.2283,28.2,0.0
2297.0,0.43,10000.0,-4.81,69.68,2885.49,180.1,180.1,180.1,180.1,180.1,567.33,567.33,567.33,567.33,567.33,58.26,117.74,16.37,13.32,0.0357,0.228,28.2,0.0
2298.0,0.43,10000.0,-4.81,69.68,2883.88,180.06,180.06,180.06,180.06,180.06,567.16,567.16,567.16,567.16,567.16,58.24,117.73,16.36,13.32,0.0357,0.2277,28.19,0.0
2299.0,0.43,10000.0,-4.81,69.68,2882.26,180.03,180.03,180.03,180.03,180.03,566.98,566.98,566.98,566.98,566.98,58.22,117.71,16.35,13.32,0.0357,0.2274,28.19,0.0
2300.0,0.43,10000.0,-4.81,69.68,2880.65,180.0,180.0,180.0,180.0,180.0,566.81,566.81,566.81,566.81,566.81,58.2,117.69,16.35,13.31,0.0357,0.2271,28.19,0.0
2301.0,0.43,10000.0,-4.81,69.68,2879.04,179.96,179.96,179.96,179.96,179.96,566.64,566.64,566.64,566.64,566.64,58.18,117.68,16.34,13.31,0.0357,0.2268,28.19,0.0
2302.0,0.43,10000.0,-4.81,69.68,2877.42,179.93,179.93,179.93,179.93,179.93,566.46,566.46,566.46,566.46,566.46,58.16,117.66,16.33,13.31,0.0357,0.2265,28.19,0.0
2303.0,0.43,10000.0,-4.81,69.68,2875.81,179.9,179.9,179.9,179.9,179.9,566.29,566.29,566.29,566.29,566.29,58.14,117.64,16.32,13.31,0.0357,0.2262,28.18,0.0
2304.0,0.43,10000.0,-4.81,69.68,2874.2,179.86,179.86,179.86,179.86,179.86,566.12,566.12,566.12,566.12,566.12,58.12,117.63,16.31,13.31,0.0357,0.2259,28.18,0.0
2305.0,0.43,10000.0,-4.81,69.68,2872.58,179.83,179.83,179.83,179.83,179.83,565.94,565.94,565.94,565.94,565.94,58.1,117.61,16.3,13.31,0.0357,0.2256,28.18,0.0
2306.0,0.43,10000.0,-4.81,69.68,2870.97,179.8,179.8,179.8,179.8,179.8,565.77,565.77,565.77,565.77,565.77,58.09,117.59,16.3,13.31,0.0357,0.2253,28.18,0.0
2307.0,0.43,10000.0,-4.81,69.68,2869.36,179.76,179.76,179.76,179.76,179.76,565.6,565.6,565.6,565.6,565.6,58.07,117.58,16.29,13.31,0.0357,0.225,28.17,0.0
2308.0,0.43,10000.0,-4.81,69.68,2867.74,179.73,179.73,179.73,179.73,179.73,565.42,565.42,565.42,565.42,565.42,58.05,117.56,16.28,13.31,0.0356,0.2247,28.17,0.0
2309.0,0.43,10000.0,-4.81,69.68,2866.13,179.7,179.7,179.7,179.7,179.7,565.25,565.25,565.25,565.25,565.25,58.03,117.54,16.27,13.31,0.0356,0.2244,28.17,0.0
2310.0,0.43,10000.0,-4.81,69.68,2864.52,179.66,179.66,179.66,179.66,179.66,565.08,565.08,565.08,565.08,565.08,58.01,117.53,16.26,13.31,0.0356,0.2241,28.17,0.0
2311.0,0.43,10000.0,-4.81,69.68,2862.9,179.63,179.63,179.63,179.63,179.63,564.9,564.9,564.9,564.9,564.9,57.99,117.51,16.25,13.3,0.0356,0.2238,28.16,0.0
2312.0,0.43,10000.0,-4.81,69.68,2861.29,179.6,179.6,179.6,179.6,179.6,564.73,564.73,564.73,564.73,564.73,57.97,117.49,16.25,13.3,0.0356,0.2235,28.16,0.0
2313.0,0.43,10000.0,-4.81,69.68,2859.68,179.56,179.56,179.56,179.56,179.56,564.56,564.56,564.56,564.56,564.56,57.95,117.48,16.24,13.3,0.0356,0.2232,28.16,0.0
2314.0,0.43,10000.0,-4.81,69.68,2858.06,179.53,179.53,179.53,179.53,179.53,564.38,564.38,564.38,564.38,564.38,57.93,117.46,16.23,13.3,0.0356,0.2229,28.16,0.0
2315.0,0.43,10000.0,-4.81,69.68,2856.45,179.5,179.5,179.5,179.5,179.5,564.21,564.21,564.21,564.21,564.21,57.91,117.44,16.22,13.3,0.0356,0.2226,28.15,0.0
2316.0,0.43,10000.0,-4.81,69.68,2854.84,179.46,179.46,179.46,179.46,179.46,564.04,564.04,564.04,564.04,564.04,57.89,117.43,16.21,13.3,0.0356,0.2223,28.15,0.0
2317.0,0.43,10000.0,-4.81,69.68,2853.22,179.43,179.43,179.43,179.43,179.43,563.86,563.86,563.86,563.86,563.86,57.87,117.41,16.2,13.3,0.0356,0.222,28.15,0.0
2318.0,0.43,10000.0,-4.81,69.68,2851.61,179.4,179.4,179.4,179.4,179.4,563.69,563.69,563.69,563.69,563.69,57.85,117.39,16.2,13.3,0.0356,0.2217,28.15,0.0
2319.0,0.43,10000.0,-4.81,69.68,2850.0,179.36,179.36,179.36,179.36,179.36,563.52,563.52,563.52,563.52,563.52,57.83,117.38,16.19,13.3,0.0355,0.2214,28.15,0.0
2320.0,0.43,10000.0,-4.81,69.68,2848.38,179.33,179.33,179.33,179.33,179.33,563.34,563.34,563.34,563.34,563.34,57.81,117.36,16.18,13.3,0.0355,0.2211,28.14,0.0
2321.0,0.43,10000.0,-4.81,69.68,2846.77,179.3,179.3,179.3,179.3,179.3,563.17,563.17,563.17,563.17,563.17,57.8,117.34,16.17,13.29,0.0355,0.2208,28.14,0.0
2322.0,0.43,10000.0,-4.81,69.68,2845.16,179.26,179.26,179.26,179.26,179.26,563.0,563.0,563.0,563.0,563.0,57.78,117.33,16.16,13.29,0.0355,0.2205,28.14,0.0
2323.0,0.43,10000.0,-4.81,69.68,2843.54,179.23,179.23,179.23,179.23,179.23,562.82,562.82,562.82,562.82,562.82,57.76,117.31,16.15,13.29,0.0355,0.2202,28.14,0.0
2324.0,0.43,10000.0,-4.81,69.68,2841.93,179.2,179.2,179.2,179.2,179.2,562.65,562.65,562.65,562.65,562.65,57.74,117.29,16.15,13.29,0.0355,0.2199,28.13,0.0
2325.0,0.43,10000.0,-4.81,69.68,2840.32,179.16,179.16,179.16,179.16,179.16,562.48,562.48,562.48,562.48,562.48,57.72,117.28,16.14,13.29,0.0355,0.2197,28.13,0.0
2326.0,0.43,10000.0,-4.81,69.68,2838.7,179.13,179.13,179.13,179.13,179.13,562.3,562.3,562.3,562.3,562.3,57.7,117.26,16.13,13.29,0.0355,0.2194,28.13,0.0
2327.0,0.42,10000.0,-4.81,69.68,2837.09,179.1,179.1,179.1,179.1,179.1,562.13,562.13,562.13,562.13,562.13,57.68,117.24,16.12,13.29,0.0355,0.2191,28.13,0.0
2328.0,0.42,10000.0,-4.81,69.68,2835.48,179.06,179.06,179.06,179.06,179.06,561.96,561.96,561.96,561.96,561.96,57.66,117.23,16.11,13.29,0.0355,0.2188,28.12,0.0
2329.0,0.42,10000.0,-4.81,69.68,2833.86,179.03,179.03,179.03,179.03,179.03,561.78,561.78,561.78,561.78,561.78,57.64,117.21,16.1,13.29,0.0355,0.2185,28.12,0.0
2330.0,0.42,10000.0,-4.81,69.68,2832.25,179.0,179.0,179.0,179.0,179.0,561.61,561.61,561.61,561.61,561.61,57.62,117.19,16.1,13.29,0.0354,0.2182,28.12,0.0
2331.0,0.42,10000.0,-4.81,69.68,2830.64,178.96,178.96,178.96,178.96,178.96,561.44,561.44,561.44,561.44,561.44,57.6,117.18,16.09,13.29,0.0354,0.2179,28.12,0.0
2332.0,0.42,10000.0,-4.81,69.68,2829.02,178.93,178.93,178.93,178.93,178.93,561.26,561.26,561.26,561.26,561.26,57.58,117.16,16.08,13.28,0.0354,0.2176,28.11,0.0
2333.0,0.42,10000.0,-4.81,69.68,2827.41,178.9,178.9,178.9,178.9,178.9,561.09,561.09,561.09,561.09,561.09,57.56,117.14,16.07,13.28,0.0354,0.2173,28.11,0.0
2334.0,0.42,10000.0,-4.81,69.68,2825.8,178.86,178.86,178.86,178.86,178.86,560.92,560.92,560.92,560.92,560.92,57.54,117.13,16.06,13.28,0.0354,0.217,28.11,0.0
2335.0,0.42,10000.0,-4.81,69.68,2824.18,178.83,178.83,178.83,178.83,178.83,560.74,560.74,560.74,560.74,560.74,57.52,117.11,16.05,13.28,0.0354,0.2167,28.11,0.0
2336.0,0.42,10000.0,-4.81,69.68,2822.57,178.8,178.8,178.8,178.8,178.8,560.57,560.57,560.57,560.57,560.57,57.51,117.09,16.05,13.28,0.0354,0.2164,28.11,0.0
2337.0,0.42,10000.0,-4.81,69.68,2820.96,178.76,178.76,178.76,178.76,178.76,560.4,560.4,560.4,560.4,560.4,57.49,117.08,16.04,13.28,0.0354,0.2161,28.1,0.0
2338.0,0.42,10000.0,-4.81,69.68,2819.34,178.73,178.73,178.73,178.73,178.73,560.22,560.22,560.22,560.22,560.22,57.47,117.06,16.03,13.28,0.0354,0.2158,28.1,0.0
2339.0,0.42,10000.0,-4.81,69.68,2817.73,178.7,178.7,178.7,178.7,178.7,560.05,560.05,560.05,560.05,560.05,57.45,117.04,16.02,13.28,0.0354,0.2155,28.1,0.0
2340.0,0.42,10000.0,-4.81,69.68,2816.12,178.66,178.66,178.66,178.66,178.66,559.88,559.88,559.88,559.88,559.88,57.43,117.03,16.01,13.28,0.0354,0.2152,28.1,0.0
2341.0,0.42,10000.0,-4.81,69.68,2814.5,178.63,178.63,178.63,178.63,178.63,559.7,559.7,559.7,559.7,559.7,57.41,117.01,16.0,13.28,0.0354,0.2149,28.09,0.0
2342.0,0.42,10000.0,-4.81,69.68,2812.89,178.6,178.6,178.6,178.6,178.6,559.53,559.53,559.53,559.53,559.53,57.39,116.99,16.0,13.28,0.0353,0.2146,28.09,0.0
2343.0,0.42,10000.0,-4.81,69.68,2811.28,178.56,178.56,178.56,178.56,178.56,559.36,559.36,559.36,559.36,559.36,57.37,116.98,15.99,13.27,0.0353,0.2143,28.09,0.0
2344.0,0.42,10000.0,-4.81,69.68,2809.66,178.53,178.53,178.53,178.53,178.53,559.18,559.18,559.18,559.18,559.18,57.35,116.96,15.98,13.27,0.0353,0.214,28.09,0.0
2345.0,0.42,10000.0,-4.81,69.68,2808.05,178.5,178.5,178.5,178.5,178.5,559.01,559.01,559.01,559.01,559.01,57.33,116.94,15.97,13.27,0.0353,0.2138,28.08,0.0
2346.0,0.42,10000.0,-4.81,69.68,2806.44,178.46,178.46,178.46,178.46,178.46,558.84,558.84,558.84,558.84,558.84,57.31,116.93,15.96,13.27,0.0353,0.2135,28.08,0.0
2347.0,0.42,10000.0,-4.81,69.68,2804.82,178.43,178.43,178.43,178.43,178.43,558.66,558.66,558.66,558.66,558.66,57.29,116.91,15.95,13.27,0.0353,0.2132,28.08,0.0
2348.0,0.42,10000.0,-4.81,69.68,2803.21,178.4,178.4,178.4,178.4,178.4,558.49,558.49,558.49,558.49,558.49,57.27,116.89,15.95,13.27,0.0353,0.2129,28.08,0.0
2349.0,0.42,10000.0,-4.81,69.68,2801.6,178.36,178.36,178.36,178.36,178.36,558.32,558.32,558.32,558.32,558.32,57.25,116.88,15.94,13.27,0.0353,0.2126,28.08,0.0
2350.0,0.42,10000.0,-4.81,69.68,2799.98,178.33,178.33,178.33,178.33,178.33,558.14,558.14,558.14,558.14,558.14,57.23,116.86,15.93,13.27,0.0353,0.2123,28.07,0.0
2351.0,0.42,10000.0,-4.81,69.68,2798.37,178.3,178.3,178.3,178.3,178.3,557.97,557.97,557.97,557.97,557.97,57.22,116.84,15.92,13.27,0.0353,0.212,28.07,0.0
2352.0,0.42,10000.0,-4.81,69.68,2796.76,178.26,178.26,178.26,178.26,178.26,557.8,557.8,557.8,557.8,557.8,57.2,116.83,15.91,13.27,0.0353,0.2117,28.07,0.0
2353.0,0.42,10000.0,-4.81,69.68,2795.14,178.23,178.23,178.23,178.23,178.23,557.62,557.62,557.62,557.62,557.62,57.18,116.81,15.9,13.26,0.0352,0.2114,28.07,0.0
2354.0,0.42,10000.0,-4.81,69.68,2793.53,178.2,178.2,178.2,178.2,178.2,557.45,557.45,557.45,557.45,557.45,57.16,116.79,15.9,13.26,0.0352,0.2111,28.06,0.0
2355.0,0.42,10000.0,-4.81,69.68,2791.92,178.16,178.16,178.16,178.16,178.16,557.28,557.28,557.28,557.28,557.28,57.14,116.78,15.89,13.26,0.0352,0.2108,28.06,0.0
2356.0,0.42,10000.0,-4.81,69.68,2790.3,178.13,178.13,178.13,178.13,178.13,557.1,557.1,557.1,557.1,557.1,57.12,116.76,15.88,13.26,0.0352,0.2105,28.06,0.0
2357.0,0.41,10000.0,-4.81,69.68,2788.69,178.1,178.1,178.1,178.1,178.1,556.93,556.93,556.93,556.93,556.93,57.1,116.74,15.87,13.26,0.0352,0.2103,28.06,0.0
2358.0,0.41,10000.0,-4.81,69.68,2787.08,178.06,178.06,178.06,178.06,178.06,556.76,556.76,556.76,556.76,556.76,57.08,116.73,15.86,13.26,0.0352,0.21,28.05,0.0
2359.0,0.41,10000.0,-4.81,69.68,2785.46,178.03,178.03,178.03,178.03,178.03,556.58,556.58,556.58,556.58,556.58,57.06,116.71,15.85,13.26,0.0352,0.2097,28.05,0.0
2360.0,0.41,10000.0,-4.81,69.68,2783.85,178.0,178.0,178.0,178.0,178.0,556.41,556.41,556.41,556.41,556.41,57.04,116.69,15.85,13.26,0.0352,0.2094,28.05,0.0
2361.0,0.41,10000.0,-4.81,69.68,2782.24,177.96,177.96,177.96,177.96,177.96,556.24,556.24,556.24,556.24,556.24,57.02,116.68,15.84,13.26,0.0352,0.2091,28.05,0.0
2362.0,0.41,10000.0,-4.81,69.68,2780.62,177.93,177.93,177.93,177.93,177.93,556.06,556.06,556.06,556.06,556.06,57.0,116.66,15.83,13.26,0.0352,0.2088,28.04,0.0
2363.0,0.41,10000.0,-4.81,69.68,2779.01,177.9,177.9,177.9,177.9,177.9,555.89,555.89,555.89,555.89,555.89,56.98,116.64,15.82,13.26,0.0352,0.2085,28.04,0.0
2364.0,0.41,10000.0,-4.81,69.68,2777.4,177.86,177.86,177.86,177.86,177.86,555.72,555.72,555.72,555.72,555.72,56.96,116.63,15.81,13.25,0.0351,0.2082,28.04,0.0
2365.0,0.41,10000.0,-4.81,69.68,2775.78,177.83,177.83,177.83,177.83,177.83,555.54,555.54,555.54,555.54,555.54,56.94,116.61,15.8,13.25,0.0351,0.2079,28.04,0.0
2366.0,0.41,10000.0,-4.81,69.68,2774.17,177.8,177.8,177.8,177.8,177.8,555.37,555.37,555.37,555.37,555.37,56.93,116.59,15.8,13.25,0.0351,0.2076,28.04,0.0
2367.0,0.41,10000.0,-4.81,69.68,2772.56,177.76,177.76,177.76,177.76,177.76,555.2,555.2,555.2,555.2,555.2,56.91,116.58,15.79,13.25,0.0351,0.2074,28.03,0.0
2368.0,0.41,10000.0,-4.81,69.68,2770.94,177.73,177.73,177.73,177.73,177.73,555.02,555.02,555.02,555.02,555.02,56.89,116.56,15.78,13.25,0.0351,0.2071,28.03,0.0
2369.0,0.41,10000.0,-4.81,69.68,2769.33,177.7,177.7,177.7,177.7,177.7,554.85,554.85,554.85,554.85,554.85,56.87,116.54,15.77,13.25,0.0351,0.2068,28.03,0.0
2370.0,0.41,10000.0,-4.81,69.68,2767.72,177.66,177.66,177.66,177.66,177.66,554.68,554.68,554.68,554.68,554.68,56.85,116.53,15.76,13.25,0.0351,0.2065,28.03,0.0
2371.0,0.41,10000.0,-4.81,69.68,2766.1,177.63,177.63,177.63,177.63,177.63,554.5,554.5,554.5,554.5,554.5,56.83,116.51,15.75,13.25,0.0351,0.2062,28.02,0.0
2372.0,0.41,10000.0,-4.81,69.68,2764.49,177.6,177.6,177.6,177.6,177.6,554.33,554.33,554.33,554.33,554.33,56.81,116.49,15.75,13.25,0.0351,0.2059,28.02,0.0
2373.0,0.41,10000.0,-4.81,69.68,2762.88,177.56,177.56,177.56,177.56,177.56,554.16,554.16,554.16,554.16,554.16,56.79,116.48,15.74,13.25,0.0351,0.2056,28.02,0.0
2374.0,0.41,10000.0,-4.81,69.68,2761.26,177.53,177.53,177.53,177.53,177.53,553.98,553.98,553.98,553.98,553.98,56.77,116.46,15.73,13.25,0.0351,0.2053,28.02,0.0
2375.0,0.41,10000.0,-4.81,69.68,2759.65,177.5,177.5,177.5,177.5,177.5,553.81,553.81,553.81,553.81,553.81,56.75,116.44,15.72,13.24,0.0351,0.2051,28.01,0.0
2376.0,0.41,10000.0,-4.81,69.68,2758.04,177.46,177.46,177.46,177.46,177.46,553.64,553.64,553.64,553.64,553.64,56.73,116.43,15.71,13.24,0.035,0.2048,28.01,0.0
2377.0,0.41,10000.0,-4.81,69.68,2756.42,177.43,177.43,177.43,177.43,177.43,553.46,553.46,553.46,553.46,553.46,56.71,116.41,15.7,13.24,0.035,0.2045,28.01,0.0
2378.0,0.41,10000.0,-4.81,69.68,2754.81,177.4,177.4,177.4,177.4,177.4,553.29,553.29,553.29,553.29,553.29,56.69,116.39,15.7,13.24,0.035,0.2042,28.01,0.0
2379.0,0.41,10000.0,-4.81,69.68,2753.2,177.36,177.36,177.36,177.36,177.36,553.12,553.12,553.12,553.12,553.12,56.67,116.38,15.69,13.24,0.035,0.2039,28.0,0.0
2380.0,0.41,10000.0,-4.81,69.68,2751.58,177.33,177.33,177.33,177.33,177.33,552.94,552.94,552.94,552.94,552.94,56.65,116.36,15.68,13.24,0.035,0.2036,28.0,0.0
2381.0,0.41,10000.0,-4.81,69.68,2749.97,177.3,177.3,177.3,177.3,177.3,552.77,552.77,552.77,552.77,552.77,56.64,116.34,15.67,13.24,0.035,0.2033,28.0,0.0
2382.0,0.41,10000.0,-4.81,69.68,2748.36,177.26,177.26,177.26,177.26,177.26,552.6,552.6,552.6,552.6,552.6,56.62,116.33,15.66,13.24,0.035,0.203,28.0,0.0
2383.0,0.41,10000.0,-4.81,69.68,2746.74,177.23,177.23,177.23,177.23,177.23,552.42,552.42,552.42,552.42,552.42,56.6,116.31,15.65,13.24,0.035,0.2028,28.0,0.0
2384.0,0.41,10000.0,-4.81,69.68,2745.13,177.2,177.2,177.2,177.2,177.2,552.25,552.25,552.25,552.25,552.25,56.58,116.29,15.65,13.24,0.035,0.2025,27.99,0.0
2385.0,0.41,10000.0,-4.81,69.68,2743.52,177.16,177.16,177.16,177.16,177.16,552.08,552.08,552.08,552.08,552.08,56.56,116.28,15.64,13.24,0.035,0.2022,27.99,0.0
2386.0,0.41,10000.0,-4.81,69.68,2741.9,177.13,177.13,177.13,177.13,177.13,551.9,551.9,551.9,551.9,551.9,56.54,116.26,15.63,13.23,0.035,0.2019,27.99,0.0
2387.0,0.4,10000.0,-4.81,69.68,2740.29,177.1,177.1,177.1,177.1,177.1,551.73,551.73,551.73,551.73,551.73,56.52,116.24,15.62,13.23,0.0349,0.2016,27.99,0.0
2388.0,0.4,10000.0,-4.81,69.68,2738.68,177.06,177.06,177.06,177.06,177.06,551.56,551.56,551.56,551.56,551.56,56.5,116.23,15.61,13.23,0.0349,0.2013,27.98,0.0
2389.0,0.4,10000.0,-4.81,69.68,2737.06,177.03,177.03,177.03,177.03,177.03,551.38,551.38,551.38,551.38,551.38,56.48,116.21,15.6,13.23,0.0349,0.201,27.98,0.0
2390.0,0.4,10000.0,-4.81,69.68,2735.45,177.0,177.0,177.0,177.0,177.0,551.21,551.21,551.21,551.21,551.21,56.46,116.19,15.6,13.23,0.0349,0.2008,27.98,0.0
2391.0,0.4,10000.0,-4.81,69.68,2733.84,176.96,176.96,176.96,176.96,176.96,551.04,551.04,551.04,551.04,551.04,56.44,116.18,15.59,13.23,0.0349,0.2005,27.98,0.0
2392.0,0.4,10000.0,-4.81,69.68,2732.22,176.93,176.93,176.93,176.93,176.93,550.86,550.86,550.86,550.86,550.86,56.42,116.16,15.58,13.23,0.0349,0.2002,27.97,0.0
2393.0,0.4,10000.0,-4.81,69.68,2730.61,176.9,176.9,176.9,176.9,176.9,550.69,550.69,550.69,550.69,550.69,56.4,116.14,15.57,13.23,0.0349,0.1999,27.97,0.0
2394.0,0.4,10000.0,-4.81,69.68,2729.0,176.86,176.86,176.86,176.86,176.86,550.52,550.52,550.52,550.52,550.52,56.38,116.13,15.56,13.23,0.0349,0.1996,27.97,0.0
2395.0,0.4,10000.0,-4.81,69.68,2727.38,176.83,176.83,176.83,176.83,176.83,550.34,550.34,550.34,550.34,550.34,56.36,116.11,15.55,13.23,0.0349,0.1993,27.97,0.0
2396.0,0.4,10000.0,-4.81,69.68,2725.77,176.8,176.8,176.8,176.8,176.8,550.17,550.17,550.17,550.17,550.17,56.35,116.09,15.55,13.22,0.0349,0.1991,27.96,0.0
2397.0,0.4,10000.0,-4.81,69.68,2724.16,176.76,176.76,176.76,176.76,176.76,550.0,550.0,550.0,550.0,550.0,56.33,116.08,15.54,13.22,0.0349,0.1988,27.96,0.0
2398.0,0.4,10000.0,-4.81,69.68,2722.54,176.73,176.73,176.73,176.73,176.73,549.82,549.82,549.82,549.82,549.82,56.31,116.06,15.53,13.22,0.0349,0.1985,27.96,0.0
2399.0,0.4,10000.0,-4.81,69.68,2720.93,176.7,176.7,176.7,176.7,176.7,549.65,549.65,549.65,549.65,549.65,56.29,116.04,15.52,13.22,0.0348,0.1982,27.96,0.0
2400.0,0.4,10000.0,-4.81,69.68,2719.32,176.66,176.66,176.66,176.66,176.66,549.48,549.48,549.48,549.48,549.48,56.27,116.03,15.51,13.22,0.0348,0.1979,27.96,0.0
2401.0,0.4,10000.0,-4.81,69.68,2717.7,176.63,176.63,176.63,176.63,176.63,549.3,549.3,549.3,549.3,549.3,56.25,116.01,15.5,13.22,0.0348,0.1977,27.95,0.0
2402.0,0.4,9991.67,-4.8,69.7,2716.56,176.6,176.6,176.6,176.6,176.6,549.14,549.14,549.14,549.14,549.14,56.23,115.99,15.5,13.22,0.0348,0.1975,27.95,0.0
2403.0,0.4,9983.33,-4.78,69.73,2715.67,176.56,176.56,176.56,176.56,176.56,548.99,548.99,548.99,548.99,548.99,56.22,115.98,15.5,13.22,0.0348,0.1973,27.95,0.0
2404.0,0.4,9975.0,-4.76,69.75,2714.9,176.53,176.53,176.53,176.53,176.53,548.85,548.85,548.85,548.85,548.85,56.21,115.96,15.49,13.22,0.0348,0.1972,27.95,0.0
2405.0,0.4,9966.67,-4.75,69.77,2714.2,176.5,176.5,176.5,176.5,176.5,548.71,548.71,548.71,548.71,548.71,56.2,115.95,15.49,13.22,0.0348,0.1971,27.95,0.0
2406.0,0.4,9958.33,-4.73,69.79,2713.53,176.47,176.47,176.47,176.47,176.47,548.59,548.59,548.59,548.59,548.59,56.19,115.93,15.49,13.22,0.0348,0.1969,27.95,0.0
2407.0,0.4,9950.0,-4.71,69.82,2712.87,176.44,176.44,176.44,176.44,176.44,548.47,548.47,548.47,548.47,548.47,56.18,115.92,15.48,13.22,0.0348,0.1968,27.95,0.0
2408.0,0.4,9941.67,-4.7,69.84,2712.23,176.42,176.42,176.42,176.42,176.42,548.35,548.35,548.35,548.35,548.35,56.17,115.91,15.48,13.22,0.0348,0.1967,27.95,0.0
2409.0,0.4,9933.33,-4.68,69.86,2711.58,176.39,176.39,176.39,176.39,176.39,548.24,548.24,548.24,548.24,548.24,56.16,115.89,15.48,13.22,0.0348,0.1965,27.94,0.0
2410.0,0.4,9925.0,-4.66,69.88,2710.94,176.36,176.36,176.36,176.36,176.36,548.13,548.13,548.13,548.13,548.13,56.15,115.88,15.47,13.22,0.0348,0.1964,27.94,0.0
2411.0,0.4,9916.67,-4.65,69.91,2710.31,176.33,176.33,176.33,176.33,176.33,548.03,548.03,548.03,548.03,548.03,56.15,115.87,15.47,13.22,0.0348,0.1963,27.94,0.0
2412.0,0.4,9908.33,-4.63,69.93,2709.67,176.31,176.31,176.31,176.31,176.31,547.93,547.93,547.93,547.93,547.93,56.14,115.85,15.47,13.22,0.0348,0.1962,27.94,0.0
2413.0,0.4,9900.0,-4.61,69.95,2709.03,176.28,176.28,176.28,176.28,176.28,547.84,547.84,547.84,547.84,547.84,56.13,115.84,15.46,13.22,0.0348,0.196,27.94,0.0
2414.0,0.4,9891.67,-4.6,69.97,2708.4,176.25,176.25,176.25,176.25,176.25,547.74,547.74,547.74,547.74,547.74,56.12,115.83,15.46,13.22,0.0348,0.1959,27.94,0.0
2415.0,0.4,9883.33,-4.58,70.0,2707.76,176.23,176.23,176.23,176.23,176.23,547.65,547.65,547.65,547.65,547.65,56.12,115.82,15.46,13.22,0.0348,0.1958,27.94,0.0
2416.0,0.4,9875.0,-4.56,70.02,2707.12,176.21,176.21,176.21,176.21,176.21,547.57,547.57,547.57,547.57,547.57,56.11,115.81,15.46,13.21,0.0348,0.1957,27.94,0.0
2417.0,0.4,9866.67,-4.55,70.04,2706.49,176.18,176.18,176.18,176.18,176.18,547.48,547.48,547.48,547.48,547.48,56.1,115.8,15.45,13.21,0.0348,0.1955,27.94,0.0
2418.0,0.4,9858.33,-4.53,70.06,2705.85,176.16,176.16,176.16,176.16,176.16,547.39,547.39,547.39,547.39,547.39,56.09,115.79,15.45,13.21,0.0348,0.1954,27.94,0.0
2419.0,0.4,9850.0,-4.51,70.09,2705.21,176.13,176.13,176.13,176.13,176.13,547.31,547.31,547.31,547.31,547.31,56.09,115.78,15.45,13.21,0.0348,0.1953,27.93,0.0
2420.0,0.4,9841.67,-4.5,70.11,2704.58,176.11,176.11,176.11,176.11,176.11,547.23,547.23,547.23,547.23,547.23,56.08,115.77,15.44,13.21,0.0348,0.1951,27.93,0.0
2421.0,0.4,9833.33,-4.48,70.13,2703.94,176.09,176.09,176.09,176.09,176.09,547.14,547.14,547.14,547.14,547.14,56.07,115.76,15.44,13.21,0.0347,0.195,27.93,0.0
2422.0,0.4,9825.0,-4.47,70.16,2703.3,176.07,176.07,176.07,176.07,176.07,547.06,547.06,547.06,547.06,547.06,56.06,115.75,15.44,13.21,0.0347,0.1949,27.93,0.0
2423.0,0.4,9816.67,-4.45,70.18,2702.67,176.05,176.05,176.05,176.05,176.05,546.98,546.98,546.98,546.98,546.98,56.06,115.74,15.43,13.21,0.0347,0.1948,27.93,0.0
2424.0,0.4,9808.33,-4.43,70.2,2702.03,176.02,176.02,176.02,176.02,176.02,546.9,546.9,546.9,546.9,546.9,56.05,115.73,15.43,13.21,0.0347,0.1946,27.93,0.0
2425.0,0.4,9800.0,-4.42,70.22,2701.39,176.0,176.0,176.0,176.0,176.0,546.83,546.83,546.83,546.83,546.83,56.04,115.72,15.43,13.21,0.0347,0.1945,27.93,0.0
2426.0,0.4,9791.67,-4.4,70.25,2700.76,175.98,175.98,175.98,175.98,175.98,546.75,546.75,546.75,546.75,546.75,56.04,115.71,15.42,13.21,0.0347,0.1944,27.93,0.0
2427.0,0.4,9783.33,-4.38,70.27,2700.12,175.96,175.96,175.96,175.96,175.96,546.67,546.67,546.67,546.67,546.67,56.03,115.7,15.42,13.21,0.0347,0.1942,27.93,0.0
2428.0,0.4,9775.0,-4.37,70.29,2699.49,175.94,175.94,175.94,175.94,175.94,546.59,546.59,546.59,546.59,546.59,56.02,115.69,15.42,13.21,0.0347,0.1941,27.93,0.0
2429.0,0.4,9766.67,-4.35,70.31,2698.85,175.92,175.92,175.92,175.92,175.92,546.52,546.52,546.52,546.52,546.52,56.01,115.68,15.41,13.21,0.0347,0.194,27.93,0.0
2430.0,0.4,9758.33,-4.33,70.34,2698.21,175.9,175.9,175.9,175.9,175.9,546.44,546.44,546.44,546.44,546.44,56.01,115.68,15.41,13.21,0.0347,0.1939,27.92,0.0
2431.0,0.4,9750.0,-4.32,70.36,2697.58,175.89,175.89,175.89,175.89,175.89,546.37,546.37,546.37,546.37,546.37,56.0,115.67,15.41,13.21,0.0347,0.1937,27.92,0.0
2432.0,0.39,9741.67,-4.3,70.38,2696.94,175.87,175.87,175.87,175.87,175.87,546.29,546.29,546.29,546.29,546.29,55.99,115.66,15.41,13.21,0.0347,0.1936,27.92,0.0
2433.0,0.39,9733.33,-4.28,70.4,2696.3,175.85,175.85,175.85,175.85,175.85,546.21,546.21,546.21,546.21,546.21,55.98,115.65,15.4,13.21,0.0347,0.1935,27.92,0.0
2434.0,0.39,9725.0,-4.27,70.43,2695.67,175.83,175.83,175.83,175.83,175.83,546.14,546.14,546.14,546.14,546.14,55.98,115.64,15.4,13.21,0.0347,0.1934,27.92,0.0
2435.0,0.39,9716.67,-4.25,70.45,2695.03,175.81,175.81,175.81,175.81,175.81,546.06,546.06,546.06,546.06,546.06,55.97,115.64,15.4,13.21,0.0347,0.1932,27.92,0.0
2436.0,0.39,9708.33,-4.23,70.47,2694.39,175.79,175.79,175.79,175.79,175.79,545.99,545.99,545.99,545.99,545.99,55.96,115.63,15.39,13.21,0.0347,0.1931,27.92,0.0
2437.0,0.39,9700.0,-4.22,70.5,2693.76,175.78,175.78,175.78,175.78,175.78,545.91,545.91,545.91,545.91,545.91,55.95,115.62,15.39,13.21,0.0347,0.193,27.92,0.0
2438.0,0.39,9691.67,-4.2,70.52,2693.12,175.76,175.76,175.76,175.76,175.76,545.84,545.84,545.84,545.84,545.84,55.95,115.62,15.39,13.21,0.0347,0.1928,27.92,0.0
2439.0,0.39,9683.33,-4.18,70.54,2692.49,175.74,175.74,175.74,175.74,175.74,545.77,545.77,545.77,545.77,545.77,55.94,115.61,15.38,13.21,0.0347,0.1927,27.92,0.0
2440.0,0.39,9675.0,-4.17,70.56,2691.85,175.73,175.73,175.73,175.73,175.73,545.69,545.69,545.69,545.69,545.69,55.93,115.6,15.38,13.21,0.0347,0.1926,27.92,0.0
2441.0,0.39,9666.67,-4.15,70.59,2691.21,175.71,175.71,175.71,175.71,175.71,545.62,545.62,545.62,545.62,545.62,55.92,115.59,15.38,13.21,0.0347,0.1925,27.91,0.0
2442.0,0.39,9658.33,-4.14,70.61,2690.58,175.69,175.69,175.69,175.69,175.69,545.54,545.54,545.54,545.54,545.54,55.92,115.59,15.37,13.21,0.0347,0.1923,27.91,0.0
2443.0,0.39,9650.0,-4.12,70.63,2689.94,175.68,175.68,175.68,175.68,175.68,545.47,545.47,545.47,545.47,545.47,55.91,115.58,15.37,13.21,0.0347,0.1922,27.91,0.0
2444.0,0.39,9641.67,-4.1,70.65,2689.3,175.66,175.66,175.66,175.66,175.66,545.39,545.39,545.39,545.39,545.39,55.9,115.57,15.37,13.21,0.0347,0.1921,27.91,0.0
2445.0,0.39,9633.33,-4.09,70.68,2688.67,175.64,175.64,175.64,175.64,175.64,545.32,545.32,545.32,545.32,545.32,55.9,115.57,15.36,13.2,0.0347,0.192,27.91,0.0
2446.0,0.39,9625.0,-4.07,70.7,2688.03,175.63,175.63,175.63,175.63,175.63,545.25,545.25,545.25,545.25,545.25,55.89,115.56,15.36,13.2,0.0347,0.1918,27.91,0.0
2447.0,0.39,9616.67,-4.05,70.72,2687.4,175.61,175.61,175.61,175.61,175.61,545.17,545.17,545.17,545.17,545.17,55.88,115.56,15.36,13.2,0.0347,0.1917,27.91,0.0
2448.0,0.39,9608.33,-4.04,70.75,2686.76,175.6,175.6,175.6,175.6,175.6,545.1,545.1,545.1,545.1,545.1,55.87,115.55,15.35,13.2,0.0347,0.1916,27.91,0.0
2449.0,0.39,9600.0,-4.02,70.77,2686.12,175.58,175.58,175.58,175.58,175.58,545.02,545.02,545.02,545.02,545.02,55.87,115.54,15.35,13.2,0.0347,0.1914,27.91,0.0
2450.0,0.39,9591.67,-4.0,70.79,2685.49,175.57,175.57,175.57,175.57,175.57,544.95,544.95,544.95,544.95,544.95,55.86,115.54,15.35,13.2,0.0346,0.1913,27.91,0.0
2451.0,0.39,9583.33,-3.99,70.81,2684.85,175.55,175.55,175.55,175.55,175.55,544.88,544.88,544.88,544.88,544.88,55.85,115.53,15.35,13.2,0.0346,0.1912,27.91,0.0
2452.0,0.39,9575.0,-3.97,70.84,2684.22,175.54,175.54,175.54,175.54,175.54,544.8,544.8,544.8,544.8,544.8,55.84,115.53,15.34,13.2,0.0346,0.1911,27.9,0.0
2453.0,0.39,9566.67,-3.95,70.86,2683.58,175.52,175.52,175.52,175.52,175.52,544.73,544.73,544.73,544.73,544.73,55.84,115.52,15.34,13.2,0.0346,0.1909,27.9,0.0
2454.0,0.39,9558.33,-3.94,70.88,2682.94,175.51,175.51,175.51,175.51,175.51,544.65,544.65,544.65,544.65,544.65,55.83,115.51,15.34,13.2,0.0346,0.1908,27.9,0.0
2455.0,0.39,9550.0,-3.92,70.91,2682.31,175.49,175.49,175.49,175.49,175.49,544.58,544.58,544.58,544.58,544.58,55.82,115.51,15.33,13.2,0.0346,0.1907,27.9,0.0
2456.0,0.39,9541.67,-3.9,70.93,2681.67,175.48,175.48,175.48,175.48,175.48,544.51,544.51,544.51,544.51,544.51,55.81,115.5,15.33,13.2,0.0346,0.1906,27.9,0.0
2457.0,0.39,9533.33,-3.89,70.95,2681.04,175.47,175.47,175.47,175.47,175.47,544.43,544.43,544.43,544.43,544.43,55.81,115.5,15.33,13.2,0.0346,0.1904,27.9,0.0
2458.0,0.39,9525.0,-3.87,70.97,2680.4,175.45,175.45,175.45,175.45,175.45,544.36,544.36,544.36,544.36,544.36,55.8,115.49,15.32,13.2,0.0346,0.1903,27.9,0.0
2459.0,0.39,9516.67,-3.85,71.0,2679.76,175.44,175.44,175.44,175.44,175.44,544.28,544.28,544.28,544.28,544.28,55.79,115.48,15.32,13.2,0.0346,0.1902,27.9,0.0
2460.0,0.39,9508.33,-3.84,71.02,2679.13,175.42,175.42,175.42,175.42,175.42,544.21,544.21,544.21,544.21,544.21,55.78,115.48,15.32,13.2,0.0346,0.1901,27.9,0.0
2461.0,0.39,9500.0,-3.82,71.04,2678.49,175.41,175.41,175.41,175.41,175.41,544.14,544.14,544.14,544.14,544.14,55.78,115.47,15.31,13.2,0.0346,0.1899,27.9,0.0
2462.0,0.39,9491.67,-3.8,71.07,2677.86,175.4,175.4,175.4,175.4,175.4,544.06,544.06,544.06,544.06,544.06,55.77,115.47,15.31,13.2,0.0346,0.1898,27.9,0.0
2463.0,0.39,9483.33,-3.79,71.09,2677.22,175.38,175.38,175.38,175.38,175.38,543.99,543.99,543.99,543.99,543.99,55.76,115.46,15.31,13.2,0.0346,0.1897,27.89,0.0
2464.0,0.39,9475.0,-3.77,71.11,2676.58,175.37,175.37,175.37,175.37,175.37,543.91,543.91,543.91,543.91,543.91,55.76,115.46,15.3,13.2,0.0346,0.1896,27.89,0.0
2465.0,0.39,9466.67,-3.76,71.13,2675.95,175.36,175.36,175.36,175.36,175.36,543.84,543.84,543.84,543.84,543.84,55.75,115.45,15.3,13.2,0.0346,0.1894,27.89,0.0
2466.0,0.39,9458.33,-3.74,71.16,2675.31,175.34,175.34,175.34,175.34,175.34,543.77,543.77,543.77,543.77,543.77,55.74,115.45,15.3,13.2,0.0346,0.1893,27.89,0.0
2467.0,0.39,9450.0,-3.72,71.18,2674.68,175.33,175.33,175.33,175.33,175.33,543.69,543.69,543.69,543.69,543.69,55.73,115.44,15.29,13.2,0.0346,0.1892,27.89,0.0
2468.0,0.39,9441.67,-3.71,71.2,2674.04,175.32,175.32,175.32,175.32,175.32,543.62,543.62,543.62,543.62,543.62,55.73,115.44,15.29,13.2,0.0346,0.189,27.89,0.0
2469.0,0.39,9433.33,-3.69,71.23,2673.4,175.31,175.31,175.31,175.31,175.31,543.54,543.54,543.54,543.54,543.54,55.72,115.43,15.29,13.2,0.0346,0.1889,27.89,0.0
2470.0,0.39,9425.0,-3.67,71.25,2672.77,175.29,175.29,175.29,175.29,175.29,543.47,543.47,543.47,543.47,543.47,55.71,115.43,15.28,13.2,0.0346,0.1888,27.89,0.0
2471.0,0.39,9416.67,-3.66,71.27,2672.13,175.28,175.28,175.28,175.28,175.28,543.4,543.4,543.4,543.4,543.4,55.7,115.42,15.28,13.2,0.0346,0.1887,27.89,0.0
2472.0,0.39,9408.33,-3.64,71.3,2671.5,175.27,175.27,175.27,175.27,175.27,543.32,543.32,543.32,543.32,543.32,55.7,115.42,15.28,13.2,0.0346,0.1885,27.89,0.0
2473.0,0.39,9400.0,-3.62,71.32,2670.86,175.25,175.25,175.25,175.25,175.25,543.25,543.25,543.25,543.25,543.25,55.69,115.41,15.27,13.2,0.0346,0.1884,27.88,0.0
2474.0,0.39,9391.67,-3.61,71.34,2670.22,175.24,175.24,175.24,175.24,175.24,543.17,543.17,543.17,543.17,543.17,55.68,115.41,15.27,13.19,0.0346,0.1883,27.88,0.0
2475.0,0.39,9383.33,-3.59,71.36,2669.59,175.23,175.23,175.23,175.23,175.23,543.1,543.1,543.1,543.1,543.1,55.67,115.4,15.27,13.19,0.0346,0.1882,27.88,0.0
2476.0,0.39,9375.0,-3.57,71.39,2668.95,175.22,175.22,175.22,175.22,175.22,543.03,543.03,543.03,543.03,543.03,55.67,115.4,15.27,13.19,0.0346,0.188,27.88,0.0
2477.0,0.39,9366.67,-3.56,71.41,2668.32,175.2,175.2,175.2,175.2,175.2,542.95,542.95,542.95,542.95,542.95,55.66,115.39,15.26,13.19,0.0346,0.1879,27.88,0.0
2478.0,0.39,9358.33,-3.54,71.43,2667.68,175.19,175.19,175.19,175.19,175.19,542.88,542.88,542.88,542.88,542.88,55.65,115.39,15.26,13.19,0.0346,0.1878,27.88,0.0
2479.0,0.39,9350.0,-3.52,71.46,2667.04,175.18,175.18,175.18,175.18,175.18,542.8,542.8,542.8,542.8,542.8,55.64,115.38,15.26,13.19,0.0345,0.1877,27.88,0.0
2480.0,0.39,9341.67,-3.51,71.48,2666.41,175.17,175.17,175.17,175.17,175.17,542.73,542.73,542.73,542.73,542.73,55.64,115.38,15.25,13.19,0.0345,0.1875,27.88,0.0
2481.0,0.39,9333.33,-3.49,71.5,2665.77,175.16,175.16,175.16,175.16,175.16,542.65,542.65,542.65,542.65,542.65,55.63,115.37,15.25,13.19,0.0345,0.1874,27.88,0.0
2482.0,0.39,9325.0,-3.47,71.53,2665.14,175.14,175.14,175.14,175.14,175.14,542.58,542.58,542.58,542.58,542.58,55.62,115.37,15.25,13.19,0.0345,0.1873,27.88,0.0
2483.0,0.39,9316.67,-3.46,71.55,2664.5,175.13,175.13,175.13,175.13,175.13,542.51,542.51,542.51,542.51,542.51,55.62,115.36,15.24,13.19,0.0345,0.1872,27.88,0.0
2484.0,0.39,9308.33,-3.44,71.57,2663.87,175.12,175.12,175.12,175.12,175.12,542.43,542.43,542.43,542.43,542.43,55.61,115.36,15.24,13.19,0.0345,0.187,27.87,0.0
2485.0,0.39,9300.0,-3.43,71.59,2663.23,175.11,175.11,175.11,175.11,175.11,542.36,542.36,542.36,542.36,542.36,55.6,115.35,15.24,13.19,0.0345,0.1869,27.87,0.0
2486.0,0.39,9291.67,-3.41,71.62,2662.59,175.1,175.1,175.1,175.1,175.1,542.28,542.28,542.28,542.28,542.28,55.59,115.35,15.23,13.19,0.0345,0.1868,27.87,0.0
2487.0,0.39,9283.33,-3.39,71.64,2661.96,175.08,175.08,175.08,175.08,175.08,542.21,542.21,542.21,542.21,542.21,55.59,115.34,15.23,13.19,0.0345,0.1867,27.87,0.0
2488.0,0.39,9275.0,-3.38,71.66,2661.32,175.07,175.07,175.07,175.07,175.07,542.14,542.14,542.14,542.14,542.14,55.58,115.34,15.23,13.19,0.0345,0.1865,27.87,0.0
2489.0,0.39,9266.67,-3.36,71.69,2660.69,175.06,175.06,175.06,175.06,175.06,542.06,542.06,542.06,542.06,542.06,55.57,115.33,15.22,13.19,0.0345,0.1864,27.87,0.0
2490.0,0.39,9258.33,-3.34,71.71,2660.05,175.05,175.05,175.05,175.05,175.05,541.99,541.99,541.99,541.99,541.99,55.56,115.33,15.22,13.19,0.0345,0.1863,27.87,0.0
2491.0,0.39,9250.0,-3.33,71.73,2659.42,175.04,175.04,175.04,175.04,175.04,541.91,541.91,541.91,541.91,541.91,55.56,115.32,15.22,13.19,0.0345,0.1862,27.87,0.0
2492.0,0.38,9241.67,-3.31,71.76,2658.78,175.03,175.03,175.03,175.03,175.03,541.84,541.84,541.84,541.84,541.84,55.55,115.32,15.21,13.19,0.0345,0.186,27.87,0.0
2493.0,0.38,9233.33,-3.29,71.78,2658.14,175.01,175.01,175.01,175.01,175.01,541.76,541.76,541.76,541.76,541.76,55.54,115.31,15.21,13.19,0.0345,0.1859,27.87,0.0
2494.0,0.38,9225.0,-3.28,71.8,2657.51,175.0,175.0,175.0,175.0,175.0,541.69,541.69,541.69,541.69,541.69,55.53,115.31,15.21,13.19,0.0345,0.1858,27.87,0.0
2495.0,0.38,9216.67,-3.26,71.82,2656.87,174.99,174.99,174.99,174.99,174.99,541.62,541.62,541.62,541.62,541.62,55.53,115.3,15.2,13.19,0.0345,0.1857,27.86,0.0
2496.0,0.38,9208.33,-3.24,71.85,2656.24,174.98,174.98,174.98,174.98,174.98,541.54,541.54,541.54,541.54,541.54,55.52,115.3,15.2,13.19,0.0345,0.1855,27.86,0.0
2497.0,0.38,9200.0,-3.23,71.87,2655.6,174.97,174.97,174.97,174.97,174.97,541.47,541.47,541.47,541.47,541.47,55.51,115.3,15.2,13.19,0.0345,0.1854,27.86,0.0
2498.0,0.38,9191.67,-3.21,71.89,2654.97,174.96,174.96,174.96,174.96,174.96,541.39,541.39,541.39,541.39,541.39,55.5,115.29,15.19,13.19,0.0345,0.1853,27.86,0.0
2499.0,0.38,9183.33,-3.19,71.92,2654.33,174.95,174.95,174.95,174.95,174.95,541.32,541.32,541.32,541.32,541.32,55.5,115.29,15.19,13.19,0.0345,0.1852,27.86,0.0
2500.0,0.38,9175.0,-3.18,71.94,2653.7,174.93,174.93,174.93,174.93,174.93,541.24,541.24,541.24,541.24,541.24,55.49,115.28,15.19,13.19,0.0345,0.185,27.86,0.0
2501.0,0.38,9166.67,-3.16,71.96,2653.06,174.92,174.92,174.92,174.92,174.92,541.17,541.17,541.17,541.17,541.17,55.48,115.28,15.18,13.19,0.0345,0.1849,27.86,0.0
2502.0,0.38,9158.33,-3.14,71.99,2652.42,174.91,174.91,174.91,174.91,174.91,541.1,541.1,541.1,541.1,541.1,55.48,115.27,15.18,13.19,0.0345,0.1848,27.86,0.0
2503.0,0.38,9150.0,-3.13,72.01,2651.79,174.9,174.9,174.9,174.9,174.9,541.02,541.02,541.02,541.02,541.02,55.47,115.27,15.18,13.18,0.0345,0.1847,27.86,0.0
2504.0,0.38,9141.67,-3.11,72.03,2651.15,174.89,174.89,174.89,174.89,174.89,540.95,540.95,540.95,540.95,540.95,55.46,115.26,15.17,13.18,0.0345,0.1845,27.86,0.0
2505.0,0.38,9133.33,-3.09,72.06,2650.52,174.88,174.88,174.88,174.88,174.88,540.87,540.87,540.87,540.87,540.87,55.45,115.26,15.17,13.18,0.0345,0.1844,27.86,0.0
2506.0,0.38,9125.0,-3.08,72.08,2649.88,174.87,174.87,174.87,174.87,174.87,540.8,540.8,540.8,540.8,540.8,55.45,115.25,15.17,13.18,0.0345,0.1843,27.85,0.0
2507.0,0.38,9116.67,-3.06,72.1,2649.25,174.86,174.86,174.86,174.86,174.86,540.72,540.72,540.72,540.72,540.72,55.44,115.25,15.16,13.18,0.0345,0.1842,27.85,0.0
2508.0,0.38,9108.33,-3.05,72.13,2648.61,174.84,174.84,174.84,174.84,174.84,540.65,540.65,540.65,540.65,540.65,55.43,115.25,15.16,13.18,0.0344,0.184,27.85,0.0
2509.0,0.38,9100.0,-3.03,72.15,2647.98,174.83,174.83,174.83,174.83,174.83,540.57,540.57,540.57,540.57,540.57,55.42,115.24,15.16,13.18,0.0344,0.1839,27.85,0.0
2510.0,0.38,9091.67,-3.01,72.17,2647.34,174.82,174.82,174.82,174.82,174.82,540.5,540.5,540.5,540.5,540.5,55.42,115.24,15.15,13.18,0.0344,0.1838,27.85,0.0
2511.0,0.38,9083.33,-3.0,72.2,2646.7,174.81,174.81,174.81,174.81,174.81,540.43,540.43,540.43,540.43,540.43,55.41,115.23,15.15,13.18,0.0344,0.1837,27.85,0.0
2512.0,0.38,9075.0,-2.98,72.22,2646.07,174.8,174.8,174.8,174.8,174.8,540.35,540.35,540.35,540.35,540.35,55.4,115.23,15.15,13.18,0.0344,0.1835,27.85,0.0
2513.0,0.38,9066.67,-2.96,72.24,2645.43,174.79,174.79,174.79,174.79,174.79,540.28,540.28,540.28,540.28,540.28,55.39,115.22,15.14,13.18,0.0344,0.1834,27.85,0.0
2514.0,0.38,9058.33,-2.95,72.26,2644.8,174.78,174.78,174.78,174.78,174.78,540.2,540.2,540.2,540.2,540.2,55.39,115.22,15.14,13.18,0.0344,0.1833,27.85,0.0
2515.0,0.38,9050.0,-2.93,72.29,2644.16,174.77,174.77,174.77,174.77,174.77,540.13,540.13,540.13,540.13,540.13,55.38,115.21,15.14,13.18,0.0344,0.1832,27.85,0.0
2516.0,0.38,9041.67,-2.91,72.31,2643.53,174.75,174.75,174.75,174.75,174.75,540.05,540.05,540.05,540.05,540.05,55.37,115.21,15.13,13.18,0.0344,0.183,27.85,0.0
2517.0,0.38,9033.33,-2.9,72.33,2642.89,174.74,174.74,174.74,174.74,174.74,539.98,539.98,539.98,539.98,539.98,55.36,115.2,15.13,13.18,0.0344,0.1829,27.84,0.0
2518.0,0.38,9025.0,-2.88,72.36,2642.26,174.73,174.73,174.73,174.73,174.73,539.9,539.9,539.9,539.9,539.9,55.36,115.2,15.13,13.18,0.0344,0.1828,27.84,0.0
2519.0,0.38,9016.67,-2.86,72.38,2641.62,174.72,174.72,174.72,174.72,174.72,539.83,539.83,539.83,539.83,539.83,55.35,115.2,15.12,13.18,0.0344,0.1827,27.84,0.0
2520.0,0.38,9008.33,-2.85,72.4,2640.99,174.71,174.71,174.71,174.71,174.71,539.75,539.75,539.75,539.75,539.75,55.34,115.19,15.12,13.18,0.0344,0.1825,27.84,0.0
2521.0,0.38,9000.0,-2.83,72.43,2640.35,174.7,174.7,174.7,174.7,174.7,539.68,539.68,539.68,539.68,539.68,55.33,115.19,15.12,13.18,0.0344,0.1824,27.84,0.0
2522.0,0.38,8991.67,-2.81,72.45,2639.72,174.69,174.69,174.69,174.69,174.69,539.61,539.61,539.61,539.61,539.61,55.33,115.18,15.11,13.18,0.0344,0.1823,27.84,0.0
2523.0,0.38,8983.33,-2.8,72.47,2639.08,174.68,174.68,174.68,174.68,174.68,539.53,539.53,539.53,539.53,539.53,55.32,115.18,15.11,13.18,0.0344,0.1822,27.84,0.0
2524.0,0.38,8975.0,-2.78,72.5,2638.44,174.67,174.67,174.67,174.67,174.67,539.46,539.46,539.46,539.46,539.46,55.31,115.17,15.11,13.18,0.0344,0.1821,27.84,0.0
2525.0,0.38,8966.67,-2.76,72.52,2637.81,174.66,174.66,174.66,174.66,174.66,539.38,539.38,539.38,539.38,539.38,55.31,115.17,15.1,13.18,0.0344,0.1819,27.84,0.0
2526.0,0.38,8958.33,-2.75,72.54,2637.17,174.64,174.64,174.64,174.64,174.64,539.31,539.31,539.31,539.31,539.31,55.3,115.16,15.1,13.18,0.0344,0.1818,27.84,0.0
2527.0,0.38,8950.0,-2.73,72.57,2636.54,174.63,174.63,174.63,174.63,174.63,539.23,539.23,539.23,539.23,539.23,55.29,115.16,15.1,13.18,0.0344,0.1817,27.83,0.0
2528.0,0.38,8941.67,-2.72,72.59,2635.9,174.62,174.62,174.62,174.62,174.62,539.16,539.16,539.16,539.16,539.16,55.28,115.16,15.09,13.18,0.0344,0.1816,27.83,0.0
2529.0,0.38,8933.33,-2.7,72.61,2635.27,174.61,174.61,174.61,174.61,174.61,539.08,539.08,539.08,539.08,539.08,55.28,115.15,15.09,13.18,0.0344,0.1814,27.83,0.0
2530.0,0.38,8925.0,-2.68,72.64,2634.63,174.6,174.6,174.6,174.6,174.6,539.01,539.01,539.01,539.01,539.01,55.27,115.15,15.09,13.18,0.0344,0.1813,27.83,0.0
2531.0,0.38,8916.67,-2.67,72.66,2634.0,174.59,174.59,174.59,174.59,174.59,538.93,538.93,538.93,538.93,538.93,55.26,115.14,15.08,13.18,0.0344,0.1812,27.83,0.0
2532.0,0.38,8908.33,-2.65,72.68,2633.36,174.58,174.58,174.58,174.58,174.58,538.86,538.86,538.86,538.86,538.86,55.25,115.14,15.08,13.18,0.0344,0.1811,27.83,0.0
2533.0,0.38,8900.0,-2.63,72.71,2632.73,174.57,174.57,174.57,174.57,174.57,538.78,538.78,538.78,538.78,538.78,55.25,115.13,15.08,13.17,0.0344,0.1809,27.83,0.0
2534.0,0.38,8891.67,-2.62,72.73,2632.09,174.56,174.56,174.56,174.56,174.56,538.71,538.71,538.71,538.71,538.71,55.24,115.13,15.07,13.17,0.0344,0.1808,27.83,0.0
2535.0,0.38,8883.33,-2.6,72.75,2631.46,174.55,174.55,174.55,174.55,174.55,538.63,538.63,538.63,538.63,538.63,55.23,115.12,15.07,13.17,0.0344,0.1807,27.83,0.0
2536.0,0.38,8875.0,-2.58,72.78,2630.82,174.54,174.54,174.54,174.54,174.54,538.56,538.56,538.56,538.56,538.56,55.22,115.12,15.07,13.17,0.0343,0.1806,27.83,0.0
2537.0,0.38,8866.67,-2.57,72.8,2630.19,174.52,174.52,174.52,174.52,174.52,538.49,538.49,538.49,538.49,538.49,55.22,115.12,15.06,13.17,0.0343,0.1804,27.83,0.0
2538.0,0.38,8858.33,-2.55,72.82,2629.55,174.51,174.51,174.51,174.51,174.51,538.41,538.41,538.41,538.41,538.41,55.21,115.11,15.06,13.17,0.0343,0.1803,27.82,0.0
2539.0,0.38,8850.0,-2.53,72.85,2628.92,174.5,174.5,174.5,174.5,174.5,538.34,538.34,538.34,538.34,538.34,55.2,115.11,15.06,13.17,0.0343,0.1802,27.82,0.0
2540.0,0.38,8841.67,-2.52,72.87,2628.28,174.49,174.49,174.49,174.49,174.49,538.26,538.26,538.26,538.26,538.26,55.19,115.1,15.05,13.17,0.0343,0.1801,27.82,0.0
2541.0,0.38,8833.33,-2.5,72.89,2627.65,174.48,174.48,174.48,174.48,174.48,538.19,538.19,538.19,538.19,538.19,55.19,115.1,15.05,13.17,0.0343,0.18,27.82,0.0
2542.0,0.38,8825.0,-2.48,72.92,2627.01,174.47,174.47,174.47,174.47,174.47,538.11,538.11,538.11,538.11,538.11,55.18,115.09,15.05,13.17,0.0343,0.1798,27.82,0.0
2543.0,0.38,8816.67,-2.47,72.94,2626.38,174.46,174.46,174.46,174.46,174.46,538.04,538.04,538.04,538.04,538.04,55.17,115.09,15.04,13.17,0.0343,0.1797,27.82,0.0
2544.0,0.38,8808.33,-2.45,72.96,2625.74,174.45,174.45,174.45,174.45,174.45,537.96,537.96,537.96,537.96,537.96,55.16,115.08,15.04,13.17,0.0343,0.1796,27.82,0.0
2545.0,0.38,8800.0,-2.43,72.99,2625.11,174.44,174.44,174.44,174.44,174.44,537.89,537.89,537.89,537.89,537.89,55.16,115.08,15.04,13.17,0.0343,0.1795,27.82,0.0
2546.0,0.38,8791.67,-2.42,73.01,2624.47,174.43,174.43,174.43,174.43,174.43,537.81,537.81,537.81,537.81,537.81,55.15,115.08,15.03,13.17,0.0343,0.1793,27.82,0.0
2547.0,0.38,8783.33,-2.4,73.03,2623.84,174.42,174.42,174.42,174.42,174.42,537.74,537.74,537.74,537.74,537.74,55.14,115.07,15.03,13.17,0.0343,0.1792,27.82,0.0
2548.0,0.38,8775.0,-2.39,73.06,2623.2,174.41,174.41,174.41,174.41,174.41,537.66,537.66,537.66,537.66,537.66,55.13,115.07,15.03,13.17,0.0343,0.1791,27.82,0.0
2549.0,0.38,8766.67,-2.37,73.08,2622.57,174.39,174.39,174.39,174.39,174.39,537.59,537.59,537.59,537.59,537.59,55.13,115.06,15.02,13.17,0.0343,0.179,27.81,0.0
2550.0,0.38,8758.33,-2.35,73.1,2621.93,174.38,174.38,174.38,174.38,174.38,537.51,537.51,537.51,537.51,537.51,55.12,115.06,15.02,13.17,0.0343,0.1788,27.81,0.0
2551.0,0.38,8750.0,-2.34,73.13,2621.3,174.37,174.37,174.37,174.37,174.37,537.44,537.44,537.44,537.44,537.44,55.11,115.05,15.02,13.17,0.0343,0.1787,27.81,0.0
2552.0,0.37,8741.67,-2.32,73.15,2620.66,174.36,174.36,174.36,174.36,174.36,537.36,537.36,537.36,537.36,537.36,55.11,115.05,15.01,13.17,0.0343,0.1786,27.81,0.0
2553.0,0.37,8733.33,-2.3,73.17,2620.03,174.35,174.35,174.35,174.35,174.35,537.29,537.29,537.29,537.29,537.29,55.1,115.04,15.01,13.17,0.0343,0.1785,27.81,0.0
2554.0,0.37,8725.0,-2.29,73.2,2619.39,174.34,174.34,174.34,174.34,174.34,537.21,537.21,537.21,537.21,537.21,55.09,115.04,15.01,13.17,0.0343,0.1784,27.81,0.0
2555.0,0.37,8716.67,-2.27,73.22,2618.76,174.33,174.33,174.33,174.33,174.33,537.14,537.14,537.14,537.14,537.14,55.08,115.04,15.0,13.17,0.0343,0.1782,27.81,0.0
2556.0,0.37,8708.33,-2.25,73.24,2618.12,174.32,174.32,174.32,174.32,174.32,537.06,537.06,537.06,537.06,537.06,55.08,115.03,15.0,13.17,0.0343,0.1781,27.81,0.0
2557.0,0.37,8700.0,-2.24,73.27,2617.49,174.31,174.31,174.31,174.31,174.31,536.99,536.99,536.99,536.99,536.99,55.07,115.03,15.0,13.17,0.0343,0.178,27.81,0.0
2558.0,0.37,8691.67,-2.22,73.29,2616.85,174.3,174.3,174.3,174.3,174.3,536.91,536.91,536.91,536.91,536.91,55.06,115.02,14.99,13.17,0.0343,0.1779,27.81,0.0
2559.0,0.37,8683.33,-2.2,73.32,2616.22,174.29,174.29,174.29,174.29,174.29,536.84,536.84,536.84,536.84,536.84,55.05,115.02,14.99,13.17,0.0343,0.1777,27.81,0.0
2560.0,0.37,8675.0,-2.19,73.34,2615.58,174.28,174.28,174.28,174.28,174.28,536.76,536.76,536.76,536.76,536.76,55.05,115.01,14.99,13.17,0.0343,0.1776,27.8,0.0
2561.0,0.37,8666.67,-2.17,73.36,2614.95,174.26,174.26,174.26,174.26,174.26,536.69,536.69,536.69,536.69,536.69,55.04,115.01,14.98,13.17,0.0343,0.1775,27.8,0.0
2562.0,0.37,8658.33,-2.15,73.39,2614.31,174.25,174.25,174.25,174.25,174.25,536.61,536.61,536.61,536.61,536.61,55.03,115.0,14.98,13.17,0.0343,0.1774,27.8,0.0
2563.0,0.37,8650.0,-2.14,73.41,2613.68,174.24,174.24,174.24,174.24,174.24,536.54,536.54,536.54,536.54,536.54,55.02,115.0,14.98,13.16,0.0343,0.1773,27.8,0.0
2564.0,0.37,8641.67,-2.12,73.43,2613.04,174.23,174.23,174.23,174.23,174.23,536.46,536.46,536.46,536.46,536.46,55.02,115.0,14.97,13.16,0.0343,0.1771,27.8,0.0
2565.0,0.37,8633.33,-2.1,73.46,2612.41,174.22,174.22,174.22,174.22,174.22,536.39,536.39,536.39,536.39,536.39,55.01,114.99,14.97,13.16,0.0342,0.177,27.8,0.0
2566.0,0.37,8625.0,-2.09,73.48,2611.77,174.21,174.21,174.21,174.21,174.21,536.31,536.31,536.31,536.31,536.31,55.0,114.99,14.97,13.16,0.0342,0.1769,27.8,0.0
2567.0,0.37,8616.67,-2.07,73.5,2611.14,174.2,174.2,174.2,174.2,174.2,536.24,536.24,536.24,536.24,536.24,54.99,114.98,14.96,13.16,0.0342,0.1768,27.8,0.0
2568.0,0.37,8608.33,-2.05,73.53,2610.5,174.19,174.19,174.19,174.19,174.19,536.16,536.16,536.16,536.16,536.16,54.99,114.98,14.96,13.16,0.0342,0.1766,27.8,0.0
2569.0,0.37,8600.0,-2.04,73.55,2609.87,174.18,174.18,174.18,174.18,174.18,536.09,536.09,536.09,536.09,536.09,54.98,114.97,14.96,13.16,0.0342,0.1765,27.8,0.0
2570.0,0.37,8591.67,-2.02,73.57,2609.23,174.17,174.17,174.17,174.17,174.17,536.01,536.01,536.01,536.01,536.01,54.97,114.97,14.95,13.16,0.0342,0.1764,27.8,0.0
2571.0,0.37,8583.33,-2.01,73.6,2608.6,174.16,174.16,174.16,174.16,174.16,535.94,535.94,535.94,535.94,535.94,54.96,114.96,14.95,13.16,0.0342,0.1763,27.79,0.0
2572.0,0.37,8575.0,-1.99,73.62,2607.96,174.14,174.14,174.14,174.14,174.14,535.86,535.86,535.86,535.86,535.86,54.96,114.96,14.95,13.16,0.0342,0.1762,27.79,0.0
2573.0,0.37,8566.67,-1.97,73.64,2607.33,174.13,174.13,174.13,174.13,174.13,535.79,535.79,535.79,535.79,535.79,54.95,114.96,14.94,13.16,0.0342,0.176,27.79,0.0
2574.0,0.37,8558.33,-1.96,73.67,2606.69,174.12,174.12,174.12,174.12,174.12,535.71,535.71,535.71,535.71,535.71,54.94,114.95,14.94,13.16,0.0342,0.1759,27.79,0.0
2575.0,0.37,8550.0,-1.94,73.69,2606.06,174.11,174.11,174.11,174.11,174.11,535.64,535.64,535.64,535.64,535.64,54.93,114.95,14.94,13.16,0.0342,0.1758,27.79,0.0
2576.0,0.37,8541.67,-1.92,73.72,2605.42,174.1,174.1,174.1,174.1,174.1,535.56,535.56,535.56,535.56,535.56,54.93,114.94,14.93,13.16,0.0342,0.1757,27.79,0.0
2577.0,0.37,8533.33,-1.91,73.74,2604.79,174.09,174.09,174.09,174.09,174.09,535.49,535.49,535.49,535.49,535.49,54.92,114.94,14.93,13.16,0.0342,0.1755,27.79,0.0
2578.0,0.37,8525.0,-1.89,73.76,2604.15,174.08,174.08,174.08,174.08,174.08,535.41,535.41,535.41,535.41,535.41,54.91,114.93,14.93,13.16,0.0342,0.1754,27.79,0.0
2579.0,0.37,8516.67,-1.87,73.79,2603.52,174.07,174.07,174.07,174.07,174.07,535.34,535.34,535.34,535.34,535.34,54.9,114.93,14.92,13.16,0.0342,0.1753,27.79,0.0
2580.0,0.37,8508.33,-1.86,73.81,2602.88,174.06,174.06,174.06,174.06,174.06,535.26,535.26,535.26,535.26,535.26,54.9,114.92,14.92,13.16,0.0342,0.1752,27.79,0.0
2581.0,0.37,8500.0,-1.84,73.83,2602.25,174.05,174.05,174.05,174.05,174.05,535.19,535.19,535.19,535.19,535.19,54.89,114.92,14.92,13.16,0.0342,0.1751,27.79,0.0
2582.0,0.37,8491.67,-1.82,73.86,2601.62,174.04,174.04,174.04,174.04,174.04,535.11,535.11,535.11,535.11,535.11,54.88,114.92,14.91,13.16,0.0342,0.1749,27.78,0.0
2583.0,0.37,8483.33,-1.81,73.88,2600.98,174.02,174.02,174.02,174.02,174.02,535.03,535.03,535.03,535.03,535.03,54.87,114.91,14.91,13.16,0.0342,0.1748,27.78,0.0
2584.0,0.37,8475.0,-1.79,73.9,2600.35,174.01,174.01,174.01,174.01,174.01,534.96,534.96,534.96,534.96,534.96,54.87,114.91,14.91,13.16,0.0342,0.1747,27.78,0.0
2585.0,0.37,8466.67,-1.77,73.93,2599.71,174.0,174.0,174.0,174.0,174.0,534.88,534.88,534.88,534.88,534.88,54.86,114.9,14.9,13.16,0.0342,0.1746,27.78,0.0
2586.0,0.37,8458.33,-1.76,73.95,2599.08,173.99,173.99,173.99,173.99,173.99,534.81,534.81,534.81,534.81,534.81,54.85,114.9,14.9,13.16,0.0342,0.1745,27.78,0.0
2587.0,0.37,8450.0,-1.74,73.98,2598.44,173.98,173.98,173.98,173.98,173.98,534.73,534.73,534.73,534.73,534.73,54.85,114.89,14.89,13.16,0.0342,0.1743,27.78,0.0
2588.0,0.37,8441.67,-1.72,74.0,2597.81,173.97,173.97,173.97,173.97,173.97,534.66,534.66,534.66,534.66,534.66,54.84,114.89,14.89,13.16,0.0342,0.1742,27.78,0.0
2589.0,0.37,8433.33,-1.71,74.02,2597.17,173.96,173.96,173.96,173.96,173.96,534.58,534.58,534.58,534.58,534.58,54.83,114.88,14.89,13.16,0.0342,0.1741,27.78,0.0
2590.0,0.37,8425.0,-1.69,74.05,2596.54,173.95,173.95,173.95,173.95,173.95,534.51,534.51,534.51,534.51,534.51,54.82,114.88,14.88,13.16,0.0342,0.174,27.78,0.0
2591.0,0.37,8416.67,-1.68,74.07,2595.9,173.94,173.94,173.94,173.94,173.94,534.43,534.43,534.43,534.43,534.43,54.82,114.88,14.88,13.16,0.0342,0.1738,27.78,0.0
2592.0,0.37,8408.33,-1.66,74.09,2595.27,173.93,173.93,173.93,173.93,173.93,534.36,534.36,534.36,534.36,534.36,54.81,114.87,14.88,13.16,0.0342,0.1737,27.77,0.0
2593.0,0.37,8400.0,-1.64,74.12,2594.63,173.92,173.92,173.92,173.92,173.92,534.28,534.28,534.28,534.28,534.28,54.8,114.87,14.87,13.15,0.0342,0.1736,27.77,0.0
2594.0,0.37,8391.67,-1.63,74.14,2594.0,173.9,173.9,173.9,173.9,173.9,534.21,534.21,534.21,534.21,534.21,54.79,114.86,14.87,13.15,0.0341,0.1735,27.77,0.0
2595.0,0.37,8383.33,-1.61,74.16,2593.37,173.89,173.89,173.89,173.89,173.89,534.13,534.13,534.13,534.13,534.13,54.79,114.86,14.87,13.15,0.0341,0.1734,27.77,0.0
2596.0,0.37,8375.0,-1.59,74.19,2592.73,173.88,173.88,173.88,173.88,173.88,534.06,534.06,534.06,534.06,534.06,54.78,114.85,14.86,13.15,0.0341,0.1732,27.77,0.0
2597.0,0.37,8366.67,-1.58,74.21,2592.1,173.87,173.87,173.87,173.87,173.87,533.98,533.98,533.98,533.98,533.98,54.77,114.85,14.86,13.15,0.0341,0.1731,27.77,0.0
2598.0,0.37,8358.33,-1.56,74.24,2591.46,173.86,173.86,173.86,173.86,173.86,533.9,533.9,533.9,533.9,533.9,54.76,114.84,14.86,13.15,0.0341,0.173,27.77,0.0
2599.0,0.37,8350.0,-1.54,74.26,2590.83,173.85,173.85,173.85,173.85,173.85,533.83,533.83,533.83,533.83,533.83,54.76,114.84,14.85,13.15,0.0341,0.1729,27.77,0.0
2600.0,0.37,8341.67,-1.53,74.28,2590.19,173.84,173.84,173.84,173.84,173.84,533.75,533.75,533.75,533.75,533.75,54.75,114.84,14.85,13.15,0.0341,0.1728,27.77,0.0
2601.0,0.37,8333.33,-1.51,74.31,2589.56,173.83,173.83,173.83,173.83,173.83,533.68,533.68,533.68,533.68,533.68,54.74,114.83,14.85,13.15,0.0341,0.1726,27.77,0.0
2602.0,0.37,8325.0,-1.49,74.33,2588.92,173.82,173.82,173.82,173.82,173.82,533.6,533.6,533.6,533.6,533.6,54.73,114.83,14.84,13.15,0.0341,0.1725,27.77,0.0
2603.0,0.37,8316.67,-1.48,74.35,2588.29,173.81,173.81,173.81,173.81,173.81,533.53,533.53,533.53,533.53,533.53,54.73,114.82,14.84,13.15,0.0341,0.1724,27.76,0.0
2604.0,0.37,8308.33,-1.46,74.38,2587.66,173.79,173.79,173.79,173.79,173.79,533.45,533.45,533.45,533.45,533.45,54.72,114.82,14.84,13.15,0.0341,0.1723,27.76,0.0
2605.0,0.37,8300.0,-1.44,74.4,2587.02,173.78,173.78,173.78,173.78,173.78,533.38,533.38,533.38,533.38,533.38,54.71,114.81,14.83,13.15,0.0341,0.1722,27.76,0.0
2606.0,0.37,8291.67,-1.43,74.43,2586.39,173.77,173.77,173.77,173.77,173.77,533.3,533.3,533.3,533.3,533.3,54.7,114.81,14.83,13.15,0.0341,0.172,27.76,0.0
2607.0,0.37,8283.33,-1.41,74.45,2585.75,173.76,173.76,173.76,173.76,173.76,533.22,533.22,533.22,533.22,533.22,54.7,114.8,14.83,13.15,0.0341,0.1719,27.76,0.0
2608.0,0.37,8275.0,-1.39,74.47,2585.12,173.75,173.75,173.75,173.75,173.75,533.15,533.15,533.15,533.15,533.15,54.69,114.8,14.82,13.15,0.0341,0.1718,27.76,0.0
2609.0,0.37,8266.67,-1.38,74.5,2584.48,173.74,173.74,173.74,173.74,173.74,533.07,533.07,533.07,533.07,533.07,54.68,114.8,14.82,13.15,0.0341,0.1717,27.76,0.0
2610.0,0.37,8258.33,-1.36,74.52,2583.85,173.73,173.73,173.73,173.73,173.73,533.0,533.0,533.0,533.0,533.0,54.67,114.79,14.82,13.15,0.0341,0.1716,27.76,0.0
2611.0,0.36,8250.0,-1.34,74.54,2583.21,173.72,173.72,173.72,173.72,173.72,532.92,532.92,532.92,532.92,532.92,54.67,114.79,14.81,13.15,0.0341,0.1714,27.76,0.0
2612.0,0.36,8241.67,-1.33,74.57,2582.58,173.71,173.71,173.71,173.71,173.71,532.85,532.85,532.85,532.85,532.85,54.66,114.78,14.81,13.15,0.0341,0.1713,27.76,0.0
2613.0,0.36,8233.33,-1.31,74.59,2581.95,173.7,173.7,173.7,173.7,173.7,532.77,532.77,532.77,532.77,532.77,54.65,114.78,14.8,13.15,0.0341,0.1712,27.76,0.0
2614.0,0.36,8225.0,-1.3,74.62,2581.31,173.68,173.68,173.68,173.68,173.68,532.7,532.7,532.7,532.7,532.7,54.64,114.77,14.8,13.15,0.0341,0.1711,27.75,0.0
2615.0,0.36,8216.67,-1.28,74.64,2580.68,173.67,173.67,173.67,173.67,173.67,532.62,532.62,532.62,532.62,532.62,54.64,114.77,14.8,13.15,0.0341,0.171,27.75,0.0
2616.0,0.36,8208.33,-1.26,74.66,2580.04,173.66,173.66,173.66,173.66,173.66,532.54,532.54,532.54,532.54,532.54,54.63,114.76,14.79,13.15,0.0341,0.1708,27.75,0.0
2617.0,0.36,8200.0,-1.25,74.69,2579.41,173.65,173.65,173.65,173.65,173.65,532.47,532.47,532.47,532.47,532.47,54.62,114.76,14.79,13.15,0.0341,0.1707,27.75,0.0
2618.0,0.36,8191.67,-1.23,74.71,2578.77,173.64,173.64,173.64,173.64,173.64,532.39,532.39,532.39,532.39,532.39,54.61,114.76,14.79,13.15,0.0341,0.1706,27.75,0.0
2619.0,0.36,8183.33,-1.21,74.74,2578.14,173.63,173.63,173.63,173.63,173.63,532.32,532.32,532.32,532.32,532.32,54.61,114.75,14.78,13.15,0.0341,0.1705,27.75,0.0
2620.0,0.36,8175.0,-1.2,74.76,2577.51,173.62,173.62,173.62,173.62,173.62,532.24,532.24,532.24,532.24,532.24,54.6,114.75,14.78,13.15,0.0341,0.1703,27.75,0.0
2621.0,0.36,8166.67,-1.18,74.78,2576.87,173.61,173.61,173.61,173.61,173.61,532.17,532.17,532.17,532.17,532.17,54.59,114.74,14.78,13.15,0.0341,0.1702,27.75,0.0
2622.0,0.36,8158.33,-1.16,74.81,2576.24,173.6,173.6,173.6,173.6,173.6,532.09,532.09,532.09,532.09,532.09,54.58,114.74,14.77,13.15,0.0341,0.1701,27.75,0.0
2623.0,0.36,8150.0,-1.15,74.83,2575.6,173.59,173.59,173.59,173.59,173.59,532.01,532.01,532.01,532.01,532.01,54.58,114.73,14.77,13.15,0.034,0.17,27.75,0.0
2624.0,0.36,8141.67,-1.13,74.85,2574.97,173.57,173.57,173.57,173.57,173.57,531.94,531.94,531.94,531.94,531.94,54.57,114.73,14.77,13.14,0.034,0.1699,27.75,0.0
2625.0,0.36,8133.33,-1.11,74.88,2574.33,173.56,173.56,173.56,173.56,173.56,531.86,531.86,531.86,531.86,531.86,54.56,114.72,14.76,13.14,0.034,0.1698,27.74,0.0
2626.0,0.36,8125.0,-1.1,74.9,2573.7,173.55,173.55,173.55,173.55,173.55,531.79,531.79,531.79,531.79,531.79,54.55,114.72,14.76,13.14,0.034,0.1696,27.74,0.0
2627.0,0.36,8116.67,-1.08,74.93,2573.07,173.54,173.54,173.54,173.54,173.54,531.71,531.71,531.71,531.71,531.71,54.55,114.72,14.76,13.14,0.034,0.1695,27.74,0.0
2628.0,0.36,8108.33,-1.06,74.95,2572.43,173.53,173.53,173.53,173.53,173.53,531.64,531.64,531.64,531.64,531.64,54.54,114.71,14.75,13.14,0.034,0.1694,27.74,0.0
2629.0,0.36,8100.0,-1.05,74.97,2571.8,173.52,173.52,173.52,173.52,173.52,531.56,531.56,531.56,531.56,531.56,54.53,114.71,14.75,13.14,0.034,0.1693,27.74,0.0
2630.0,0.36,8091.67,-1.03,75.0,2571.16,173.51,173.51,173.51,173.51,173.51,531.48,531.48,531.48,531.48,531.48,54.52,114.7,14.74,13.14,0.034,0.1692,27.74,0.0
2631.0,0.36,8083.33,-1.01,75.02,2570.53,173.5,173.5,173.5,173.5,173.5,531.41,531.41,531.41,531.41,531.41,54.52,114.7,14.74,13.14,0.034,0.169,27.74,0.0
2632.0,0.36,8075.0,-1.0,75.05,2569.9,173.49,173.49,173.49,173.49,173.49,531.33,531.33,531.33,531.33,531.33,54.51,114.69,14.74,13.14,0.034,0.1689,27.74,0.0
2633.0,0.36,8066.67,-0.98,75.07,2569.26,173.47,173.47,173.47,173.47,173.47,531.26,531.26,531.26,531.26,531.26,54.5,114.69,14.73,13.14,0.034,0.1688,27.74,0.0
2634.0,0.36,8058.33,-0.97,75.09,2568.63,173.46,173.46,173.46,173.46,173.46,531.18,531.18,531.18,531.18,531.18,54.5,114.68,14.73,13.14,0.034,0.1687,27.74,0.0
2635.0,0.36,8050.0,-0.95,75.12,2567.99,173.45,173.45,173.45,173.45,173.45,531.11,531.11,531.11,531.11,531.11,54.49,114.68,14.73,13.14,0.034,0.1686,27.74,0.0
2636.0,0.36,8041.67,-0.93,75.14,2567.36,173.44,173.44,173.44,173.44,173.44,531.03,531.03,531.03,531.03,531.03,54.48,114.68,14.72,13.14,0.034,0.1684,27.73,0.0
2637.0,0.36,8033.33,-0.92,75.17,2566.73,173.43,173.43,173.43,173.43,173.43,530.95,530.95,530.95,530.95,530.95,54.47,114.67,14.72,13.14,0.034,0.1683,27.73,0.0
2638.0,0.36,8025.0,-0.9,75.19,2566.09,173.42,173.42,173.42,173.42,173.42,530.88,530.88,530.88,530.88,530.88,54.47,114.67,14.72,13.14,0.034,0.1682,27.73,0.0
2639.0,0.36,8016.67,-0.88,75.21,2565.46,173.41,173.41,173.41,173.41,173.41,530.8,530.8,530.8,530.8,530.8,54.46,114.66,14.71,13.14,0.034,0.1681,27.73,0.0
2640.0,0.36,8008.33,-0.87,75.24,2564.82,173.4,173.4,173.4,173.4,173.4,530.73,530.73,530.73,530.73,530.73,54.45,114.66,14.71,13.14,0.034,0.168,27.73,0.0
2641.0,0.36,8000.0,-0.85,75.26,2564.19,173.38,173.38,173.38,173.38,173.38,530.65,530.65,530.65,530.65,530.65,54.44,114.65,14.71,13.14,0.034,0.1678,27.73,0.0
2642.0,0.36,7991.67,-0.83,75.29,2563.55,173.37,173.37,173.37,173.37,173.37,530.57,530.57,530.57,530.57,530.57,54.44,114.65,14.7,13.14,0.034,0.1677,27.73,0.0
2643.0,0.36,7983.33,-0.82,75.31,2562.92,173.36,173.36,173.36,173.36,173.36,530.5,530.5,530.5,530.5,530.5,54.43,114.64,14.7,13.14,0.034,0.1676,27.73,0.0
2644.0,0.36,7975.0,-0.8,75.33,2562.29,173.35,173.35,173.35,173.35,173.35,530.42,530.42,530.42,530.42,530.42,54.42,114.64,14.7,13.14,0.034,0.1675,27.73,0.0
2645.0,0.36,7966.67,-0.78,75.36,2561.65,173.34,173.34,173.34,173.34,173.34,530.35,530.35,530.35,530.35,530.35,54.41,114.64,14.69,13.14,0.034,0.1674,27.73,0.0
2646.0,0.36,7958.33,-0.77,75.38,2561.02,173.33,173.33,173.33,173.33,173.33,530.27,530.27,530.27,530.27,530.27,54.41,114.63,14.69,13.14,0.034,0.1672,27.73,0.0
2647.0,0.36,7950.0,-0.75,75.41,2560.39,173.32,173.32,173.32,173.32,173.32,530.19,530.19,530.19,530.19,530.19,54.4,114.63,14.68,13.14,0.034,0.1671,27.72,0.0
2648.0,0.36,7941.67,-0.73,75.43,2559.75,173.31,173.31,173.31,173.31,173.31,530.12,530.12,530.12,530.12,530.12,54.39,114.62,14.68,13.14,0.034,0.167,27.72,0.0
2649.0,0.36,7933.33,-0.72,75.45,2559.12,173.3,173.3,173.3,173.3,173.3,530.04,530.04,530.04,530.04,530.04,54.38,114.62,14.68,13.14,0.034,0.1669,27.72,0.0
2650.0,0.36,7925.0,-0.7,75.48,2558.48,173.28,173.28,173.28,173.28,173.28,529.97,529.97,529.97,529.97,529.97,54.38,114.61,14.67,13.14,0.034,0.1668,27.72,0.0
2651.0,0.36,7916.67,-0.68,75.5,2557.85,173.27,173.27,173.27,173.27,173.27,529.89,529.89,529.89,529.89,529.89,54.37,114.61,14.67,13.14,0.034,0.1666,27.72,0.0
2652.0,0.36,7908.33,-0.67,75.53,2557.22,173.26,173.26,173.26,173.26,173.26,529.81,529.81,529.81,529.81,529.81,54.36,114.6,14.67,13.14,0.0339,0.1665,27.72,0.0
2653.0,0.36,7900.0,-0.65,75.55,2556.58,173.25,173.25,173.25,173.25,173.25,529.74,529.74,529.74,529.74,529.74,54.35,114.6,14.66,13.14,0.0339,0.1664,27.72,0.0
2654.0,0.36,7891.67,-0.63,75.57,2555.95,173.24,173.24,173.24,173.24,173.24,529.66,529.66,529.66,529.66,529.66,54.35,114.6,14.66,13.14,0.0339,0.1663,27.72,0.0
2655.0,0.36,7883.33,-0.62,75.6,2555.31,173.23,173.23,173.23,173.23,173.23,529.59,529.59,529.59,529.59,529.59,54.34,114.59,14.66,13.13,0.0339,0.1662,27.72,0.0
2656.0,0.36,7875.0,-0.6,75.62,2554.68,173.22,173.22,173.22,173.22,173.22,529.51,529.51,529.51,529.51,529.51,54.33,114.59,14.65,13.13,0.0339,0.1661,27.72,0.0
2657.0,0.36,7866.67,-0.59,75.65,2554.05,173.21,173.21,173.21,173.21,173.21,529.43,529.43,529.43,529.43,529.43,54.32,114.58,14.65,13.13,0.0339,0.1659,27.71,0.0
2658.0,0.36,7858.33,-0.57,75.67,2553.41,173.19,173.19,173.19,173.19,173.19,529.36,529.36,529.36,529.36,529.36,54.32,114.58,14.65,13.13,0.0339,0.1658,27.71,0.0
2659.0,0.36,7850.0,-0.55,75.69,2552.78,173.18,173.18,173.18,173.18,173.18,529.28,529.28,529.28,529.28,529.28,54.31,114.57,14.64,13.13,0.0339,0.1657,27.71,0.0
2660.0,0.36,7841.67,-0.54,75.72,2552.14,173.17,173.17,173.17,173.17,173.17,529.21,529.21,529.21,529.21,529.21,54.3,114.57,14.64,13.13,0.0339,0.1656,27.71,0.0
2661.0,0.36,7833.33,-0.52,75.74,2551.51,173.16,173.16,173.16,173.16,173.16,529.13,529.13,529.13,529.13,529.13,54.29,114.56,14.63,13.13,0.0339,0.1655,27.71,0.0
2662.0,0.36,7825.0,-0.5,75.77,2550.88,173.15,173.15,173.15,173.15,173.15,529.05,529.05,529.05,529.05,529.05,54.29,114.56,14.63,13.13,0.0339,0.1653,27.71,0.0
2663.0,0.36,7816.67,-0.49,75.79,2550.24,173.14,173.14,173.14,173.14,173.14,528.98,528.98,528.98,528.98,528.98,54.28,114.56,14.63,13.13,0.0339,0.1652,27.71,0.0
2664.0,0.36,7808.33,-0.47,75.81,2549.61,173.13,173.13,173.13,173.13,173.13,528.9,528.9,528.9,528.9,528.9,54.27,114.55,14.62,13.13,0.0339,0.1651,27.71,0.0
2665.0,0.36,7800.0,-0.45,75.84,2548.98,173.12,173.12,173.12,173.12,173.12,528.82,528.82,528.82,528.82,528.82,54.26,114.55,14.62,13.13,0.0339,0.165,27.71,0.0
2666.0,0.36,7791.67,-0.44,75.86,2548.34,173.1,173.1,173.1,173.1,173.1,528.75,528.75,528.75,528.75,528.75,54.26,114.54,14.62,13.13,0.0339,0.1649,27.71,0.0
2667.0,0.36,7783.33,-0.42,75.89,2547.71,173.09,173.09,173.09,173.09,173.09,528.67,528.67,528.67,528.67,528.67,54.25,114.54,14.61,13.13,0.0339,0.1648,27.71,0.0
2668.0,0.36,7775.0,-0.4,75.91,2547.07,173.08,173.08,173.08,173.08,173.08,528.6,528.6,528.6,528.6,528.6,54.24,114.53,14.61,13.13,0.0339,0.1646,27.7,0.0
2669.0,0.36,7766.67,-0.39,75.94,2546.44,173.07,173.07,173.07,173.07,173.07,528.52,528.52,528.52,528.52,528.52,54.23,114.53,14.61,13.13,0.0339,0.1645,27.7,0.0
2670.0,0.36,7758.33,-0.37,75.96,2545.81,173.06,173.06,173.06,173.06,173.06,528.44,528.44,528.44,528.44,528.44,54.23,114.52,14.6,13.13,0.0339,0.1644,27.7,0.0
2671.0,0.35,7750.0,-0.35,75.98,2545.17,173.05,173.05,173.05,173.05,173.05,528.37,528.37,528.37,528.37,528.37,54.22,114.52,14.6,13.13,0.0339,0.1643,27.7,0.0
2672.0,0.35,7741.67,-0.34,76.01,2544.54,173.04,173.04,173.04,173.04,173.04,528.29,528.29,528.29,528.29,528.29,54.21,114.52,14.6,13.13,0.0339,0.1642,27.7,0.0
2673.0,0.35,7733.33,-0.32,76.03,2543.91,173.02,173.02,173.02,173.02,173.02,528.22,528.22,528.22,528.22,528.22,54.2,114.51,14.59,13.13,0.0339,0.164,27.7,0.0
2674.0,0.35,7725.0,-0.3,76.06,2543.27,173.01,173.01,173.01,173.01,173.01,528.14,528.14,528.14,528.14,528.14,54.2,114.51,14.59,13.13,0.0339,0.1639,27.7,0.0
2675.0,0.35,7716.67,-0.29,76.08,2542.64,173.0,173.0,173.0,173.0,173.0,528.06,528.06,528.06,528.06,528.06,54.19,114.5,14.58,13.13,0.0339,0.1638,27.7,0.0
2676.0,0.35,7708.33,-0.27,76.1,2542.01,172.99,172.99,172.99,172.99,172.99,527.99,527.99,527.99,527.99,527.99,54.18,114.5,14.58,13.13,0.0339,0.1637,27.7,0.0
2677.0,0.35,7700.0,-0.26,76.13,2541.37,172.98,172.98,172.98,172.98,172.98,527.91,527.91,527.91,527.91,527.91,54.17,114.49,14.58,13.13,0.0339,0.1636,27.7,0.0
2678.0,0.35,7691.67,-0.24,76.15,2540.74,172.97,172.97,172.97,172.97,172.97,527.83,527.83,527.83,527.83,527.83,54.17,114.49,14.57,13.13,0.0339,0.1635,27.7,0.0
2679.0,0.35,7683.33,-0.22,76.18,2540.1,172.96,172.96,172.96,172.96,172.96,527.76,527.76,527.76,527.76,527.76,54.16,114.48,14.57,13.13,0.0339,0.1633,27.69,0.0
2680.0,0.35,7675.0,-0.21,76.2,2539.47,172.95,172.95,172.95,172.95,172.95,527.68,527.68,527.68,527.68,527.68,54.15,114.48,14.57,13.13,0.0339,0.1632,27.69,0.0
2681.0,0.35,7666.67,-0.19,76.23,2538.84,172.93,172.93,172.93,172.93,172.93,527.6,527.6,527.6,527.6,527.6,54.14,114.47,14.56,13.13,0.0338,0.1631,27.69,0.0
2682.0,0.35,7658.33,-0.17,76.25,2538.2,172.92,172.92,172.92,172.92,172.92,527.53,527.53,527.53,527.53,527.53,54.14,114.47,14.56,13.13,0.0338,0.163,27.69,0.0
2683.0,0.35,7650.0,-0.16,76.27,2537.57,172.91,172.91,172.91,172.91,172.91,527.45,527.45,527.45,527.45,527.45,54.13,114.47,14.56,13.13,0.0338,0.1629,27.69,0.0
2684.0,0.35,7641.67,-0.14,76.3,2536.94,172.9,172.9,172.9,172.9,172.9,527.38,527.38,527.38,527.38,527.38,54.12,114.46,14.55,13.13,0.0338,0.1627,27.69,0.0
2685.0,0.35,7633.33,-0.12,76.32,2536.3,172.89,172.89,172.89,172.89,172.89,527.3,527.3,527.3,527.3,527.3,54.11,114.46,14.55,13.13,0.0338,0.1626,27.69,0.0
2686.0,0.35,7625.0,-0.11,76.35,2535.67,172.88,172.88,172.88,172.88,172.88,527.22,527.22,527.22,527.22,527.22,54.11,114.45,14.54,13.12,0.0338,0.1625,27.69,0.0
2687.0,0.35,7616.67,-0.09,76.37,2535.04,172.87,172.87,172.87,172.87,172.87,527.15,527.15,527.15,527.15,527.15,54.1,114.45,14.54,13.12,0.0338,0.1624,27.69,0.0
2688.0,0.35,7608.33,-0.07,76.4,2534.4,172.85,172.85,172.85,172.85,172.85,527.07,527.07,527.07,527.07,527.07,54.09,114.44,14.54,13.12,0.0338,0.1623,27.69,0.0
2689.0,0.35,7600.0,-0.06,76.42,2533.77,172.84,172.84,172.84,172.84,172.84,526.99,526.99,526.99,526.99,526.99,54.08,114.44,14.53,13.12,0.0338,0.1622,27.69,0.0
2690.0,0.35,7591.67,-0.04,76.44,2533.14,172.83,172.83,172.83,172.83,172.83,526.92,526.92,526.92,526.92,526.92,54.08,114.43,14.53,13.12,0.0338,0.162,27.68,0.0
2691.0,0.35,7583.33,-0.02,76.47,2532.5,172.82,172.82,172.82,172.82,172.82,526.84,526.84,526.84,526.84,526.84,54.07,114.43,14.53,13.12,0.0338,0.1619,27.68,0.0
2692.0,0.35,7575.0,-0.01,76.49,2531.87,172.81,172.81,172.81,172.81,172.81,526.76,526.76,526.76,526.76,526.76,54.06,114.43,14.52,13.12,0.0338,0.1618,27.68,0.0
2693.0,0.35,7566.67,0.01,76.52,2531.24,172.8,172.8,172.8,172.8,172.8,526.69,526.69,526.69,526.69,526.69,54.05,114.42,14.52,13.12,0.0338,0.1617,27.68,0.0
2694.0,0.35,7558.33,0.03,76.54,2530.6,172.79,172.79,172.79,172.79,172.79,526.61,526.61,526.61,526.61,526.61,54.05,114.42,14.52,13.12,0.0338,0.1616,27.68,0.0
2695.0,0.35,7550.0,0.04,76.57,2529.97,172.77,172.77,172.77,172.77,172.77,526.53,526.53,526.53,526.53,526.53,54.04,114.41,14.51,13.12,0.0338,0.1615,27.68,0.0
2696.0,0.35,7541.67,0.06,76.59,2529.34,172.76,172.76,172.76,172.76,172.76,526.46,526.46,526.46,526.46,526.46,54.03,114.41,14.51,13.12,0.0338,0.1613,27.68,0.0
2697.0,0.35,7533.33,0.07,76.61,2528.7,172.75,172.75,172.75,172.75,172.75,526.38,526.38,526.38,526.38,526.38,54.02,114.4,14.5,13.12,0.0338,0.1612,27.68,0.0
2698.0,0.35,7525.0,0.09,76.64,2528.07,172.74,172.74,172.74,172.74,172.74,526.3,526.3,526.3,526.3,526.3,54.02,114.4,14.5,13.12,0.0338,0.1611,27.68,0.0
2699.0,0.35,7516.67,0.11,76.66,2527.43,172.73,172.73,172.73,172.73,172.73,526.23,526.23,526.23,526.23,526.23,54.01,114.39,14.5,13.12,0.0338,0.161,27.68,0.0
2700.0,0.35,7508.33,0.12,76.69,2526.8,172.72,172.72,172.72,172.72,172.72,526.15,526.15,526.15,526.15,526.15,54.0,114.39,14.49,13.12,0.0338,0.1609,27.68,0.0
2701.0,0.35,7500.0,0.14,76.71,2526.17,172.7,172.7,172.7,172.7,172.7,526.08,526.08,526.08,526.08,526.08,53.99,114.39,14.49,13.12,0.0338,0.1608,27.67,0.0
2702.0,0.35,7491.67,0.16,76.74,2525.53,172.69,172.69,172.69,172.69,172.69,526.0,526.0,526.0,526.0,526.0,53.99,114.38,14.49,13.12,0.0338,0.1606,27.67,0.0
2703.0,0.35,7483.33,0.17,76.76,2524.9,172.68,172.68,172.68,172.68,172.68,525.92,525.92,525.92,525.92,525.92,53.98,114.38,14.48,13.12,0.0338,0.1605,27.67,0.0
2704.0,0.35,7475.0,0.19,76.78,2524.27,172.67,172.67,172.67,172.67,172.67,525.85,525.85,525.85,525.85,525.85,53.97,114.37,14.48,13.12,0.0338,0.1604,27.67,0.0
2705.0,0.35,7466.67,0.21,76.81,2523.63,172.66,172.66,172.66,172.66,172.66,525.77,525.77,525.77,525.77,525.77,53.96,114.37,14.47,13.12,0.0338,0.1603,27.67,0.0
2706.0,0.35,7458.33,0.22,76.83,2523.0,172.65,172.65,172.65,172.65,172.65,525.69,525.69,525.69,525.69,525.69,53.96,114.36,14.47,13.12,0.0338,0.1602,27.67,0.0
2707.0,0.35,7450.0,0.24,76.86,2522.37,172.64,172.64,172.64,172.64,172.64,525.62,525.62,525.62,525.62,525.62,53.95,114.36,14.47,13.12,0.0338,0.1601,27.67,0.0
2708.0,0.35,7441.67,0.26,76.88,2521.74,172.62,172.62,172.62,172.62,172.62,525.54,525.54,525.54,525.54,525.54,53.94,114.35,14.46,13.12,0.0338,0.1599,27.67,0.0
2709.0,0.35,7433.33,0.27,76.91,2521.1,172.61,172.61,172.61,172.61,172.61,525.46,525.46,525.46,525.46,525.46,53.93,114.35,14.46,13.12,0.0338,0.1598,27.67,0.0
2710.0,0.35,7425.0,0.29,76.93,2520.47,172.6,172.6,172.6,172.6,172.6,525.39,525.39,525.39,525.39,525.39,53.93,114.34,14.46,13.12,0.0337,0.1597,27.67,0.0
2711.0,0.35,7416.67,0.31,76.96,2519.84,172.59,172.59,172.59,172.59,172.59,525.31,525.31,525.31,525.31,525.31,53.92,114.34,14.45,13.12,0.0337,0.1596,27.67,0.0
2712.0,0.35,7408.33,0.32,76.98,2519.2,172.58,172.58,172.58,172.58,172.58,525.23,525.23,525.23,525.23,525.23,53.91,114.34,14.45,13.12,0.0337,0.1595,27.66,0.0
2713.0,0.35,7400.0,0.34,77.0,2518.57,172.57,172.57,172.57,172.57,172.57,525.16,525.16,525.16,525.16,525.16,53.9,114.33,14.45,13.12,0.0337,0.1594,27.66,0.0
2714.0,0.35,7391.67,0.36,77.03,2517.94,172.55,172.55,172.55,172.55,172.55,525.08,525.08,525.08,525.08,525.08,53.9,114.33,14.44,13.12,0.0337,0.1592,27.66,0.0
2715.0,0.35,7383.33,0.37,77.05,2517.3,172.54,172.54,172.54,172.54,172.54,525.0,525.0,525.0,525.0,525.0,53.89,114.32,14.44,13.12,0.0337,0.1591,27.66,0.0
2716.0,0.35,7375.0,0.39,77.08,2516.67,172.53,172.53,172.53,172.53,172.53,524.93,524.93,524.93,524.93,524.93,53.88,114.32,14.43,13.12,0.0337,0.159,27.66,0.0
2717.0,0.35,7366.67,0.41,77.1,2516.04,172.52,172.52,172.52,172.52,172.52,524.85,524.85,524.85,524.85,524.85,53.87,114.31,14.43,13.11,0.0337,0.1589,27.66,0.0
2718.0,0.35,7358.33,0.42,77.13,2515.4,172.51,172.51,172.51,172.51,172.51,524.77,524.77,524.77,524.77,524.77,53.87,114.31,14.43,13.11,0.0337,0.1588,27.66,0.0
2719.0,0.35,7350.0,0.44,77.15,2514.77,172.5,172.5,172.5,172.5,172.5,524.69,524.69,524.69,524.69,524.69,53.86,114.3,14.42,13.11,0.0337,0.1587,27.66,0.0
2720.0,0.35,7341.67,0.45,77.18,2514.14,172.49,172.49,172.49,172.49,172.49,524.62,524.62,524.62,524.62,524.62,53.85,114.3,14.42,13.11,0.0337,0.1585,27.66,0.0
2721.0,0.35,7333.33,0.47,77.2,2513.5,172.47,172.47,172.47,172.47,172.47,524.54,524.54,524.54,524.54,524.54,53.84,114.3,14.42,13.11,0.0337,0.1584,27.66,0.0
2722.0,0.35,7325.0,0.49,77.22,2512.87,172.46,172.46,172.46,172.46,172.46,524.46,524.46,524.46,524.46,524.46,53.84,114.29,14.41,13.11,0.0337,0.1583,27.66,0.0
2723.0,0.35,7316.67,0.5,77.25,2512.24,172.45,172.45,172.45,172.45,172.45,524.39,524.39,524.39,524.39,524.39,53.83,114.29,14.41,13.11,0.0337,0.1582,27.65,0.0
2724.0,0.35,7308.33,0.52,77.27,2511.6,172.44,172.44,172.44,172.44,172.44,524.31,524.31,524.31,524.31,524.31,53.82,114.28,14.4,13.11,0.0337,0.1581,27.65,0.0
2725.0,0.35,7300.0,0.54,77.3,2510.97,172.43,172.43,172.43,172.43,172.43,524.23,524.23,524.23,524.23,524.23,53.81,114.28,14.4,13.11,0.0337,0.158,27.65,0.0
2726.0,0.35,7291.67,0.55,77.32,2510.34,172.42,172.42,172.42,172.42,172.42,524.16,524.16,524.16,524.16,524.16,53.81,114.27,14.4,13.11,0.0337,0.1578,27.65,0.0
2727.0,0.35,7283.33,0.57,77.35,2509.71,172.4,172.4,172.4,172.4,172.4,524.08,524.08,524.08,524.08,524.08,53.8,114.27,14.39,13.11,0.0337,0.1577,27.65,0.0
2728.0,0.35,7275.0,0.59,77.37,2509.07,172.39,172.39,172.39,172.39,172.39,524.0,524.0,524.0,524.0,524.0,53.79,114.26,14.39,13.11,0.0337,0.1576,27.65,0.0
2729.0,0.35,7266.67,0.6,77.4,2508.44,172.38,172.38,172.38,172.38,172.38,523.93,523.93,523.93,523.93,523.93,53.78,114.26,14.39,13.11,0.0337,0.1575,27.65,0.0
2730.0,0.35,7258.33,0.62,77.42,2507.81,172.37,172.37,172.37,172.37,172.37,523.85,523.85,523.85,523.85,523.85,53.78,114.26,14.38,13.11,0.0337,0.1574,27.65,0.0
2731.0,0.34,7250.0,0.64,77.45,2507.17,172.36,172.36,172.36,172.36,172.36,523.77,523.77,523.77,523.77,523.77,53.77,114.25,14.38,13.11,0.0337,0.1573,27.65,0.0
2732.0,0.34,7241.67,0.65,77.47,2506.54,172.35,172.35,172.35,172.35,172.35,523.7,523.7,523.7,523.7,523.7,53.76,114.25,14.38,13.11,0.0337,0.1572,27.65,0.0
2733.0,0.34,7233.33,0.67,77.49,2505.91,172.33,172.33,172.33,172.33,172.33,523.62,523.62,523.62,523.62,523.62,53.75,114.24,14.37,13.11,0.0337,0.157,27.64,0.0
2734.0,0.34,7225.0,0.69,77.52,2505.27,172.32,172.32,172.32,172.32,172.32,523.54,523.54,523.54,523.54,523.54,53.75,114.24,14.37,13.11,0.0337,0.1569,27.64,0.0
2735.0,0.34,7216.67,0.7,77.54,2504.64,172.31,172.31,172.31,172.31,172.31,523.46,523.46,523.46,523.46,523.46,53.74,114.23,14.36,13.11,0.0337,0.1568,27.64,0.0
2736.0,0.34,7208.33,0.72,77.57,2504.01,172.3,172.3,172.3,172.3,172.3,523.39,523.39,523.39,523.39,523.39,53.73,114.23,14.36,13.11,0.0337,0.1567,27.64,0.0
2737.0,0.34,7200.0,0.74,77.59,2503.38,172.29,172.29,172.29,172.29,172.29,523.31,523.31,523.31,523.31,523.31,53.72,114.22,14.36,13.11,0.0337,0.1566,27.64,0.0
2738.0,0.34,7191.67,0.75,77.62,2502.74,172.28,172.28,172.28,172.28,172.28,523.23,523.23,523.23,523.23,523.23,53.72,114.22,14.35,13.11,0.0337,0.1565,27.64,0.0
2739.0,0.34,7183.33,0.77,77.64,2502.11,172.26,172.26,172.26,172.26,172.26,523.16,523.16,523.16,523.16,523.16,53.71,114.21,14.35,13.11,0.0336,0.1563,27.64,0.0
2740.0,0.34,7175.0,0.78,77.67,2501.48,172.25,172.25,172.25,172.25,172.25,523.08,523.08,523.08,523.08,523.08,53.7,114.21,14.35,13.11,0.0336,0.1562,27.64,0.0
2741.0,0.34,7166.67,0.8,77.69,2500.84,172.24,172.24,172.24,172.24,172.24,523.0,523.0,523.0,523.0,523.0,53.69,114.21,14.34,13.11,0.0336,0.1561,27.64,0.0
2742.0,0.34,7158.33,0.82,77.72,2500.21,172.23,172.23,172.23,172.23,172.23,522.93,522.93,522.93,522.93,522.93,53.69,114.2,14.34,13.11,0.0336,0.156,27.64,0.0
2743.0,0.34,7150.0,0.83,77.74,2499.58,172.22,172.22,172.22,172.22,172.22,522.85,522.85,522.85,522.85,522.85,53.68,114.2,14.33,13.11,0.0336,0.1559,27.64,0.0
2744.0,0.34,7141.67,0.85,77.76,2498.94,172.21,172.21,172.21,172.21,172.21,522.77,522.77,522.77,522.77,522.77,53.67,114.19,14.33,13.11,0.0336,0.1558,27.63,0.0
2745.0,0.34,7133.33,0.87,77.79,2498.31,172.19,172.19,172.19,172.19,172.19,522.69,522.69,522.69,522.69,522.69,53.66,114.19,14.33,13.11,0.0336,0.1557,27.63,0.0
2746.0,0.34,7125.0,0.88,77.81,2497.68,172.18,172.18,172.18,172.18,172.18,522.62,522.62,522.62,522.62,522.62,53.66,114.18,14.32,13.11,0.0336,0.1555,27.63,0.0
2747.0,0.34,7116.67,0.9,77.84,2497.05,172.17,172.17,172.17,172.17,172.17,522.54,522.54,522.54,522.54,522.54,53.65,114.18,14.32,13.11,0.0336,0.1554,27.63,0.0
2748.0,0.34,7108.33,0.92,77.86,2496.41,172.16,172.16,172.16,172.16,172.16,522.46,522.46,522.46,522.46,522.46,53.64,114.17,14.32,13.11,0.0336,0.1553,27.63,0.0
2749.0,0.34,7100.0,0.93,77.89,2495.78,172.15,172.15,172.15,172.15,172.15,522.39,522.39,522.39,522.39,522.39,53.63,114.17,14.31,13.1,0.0336,0.1552,27.63,0.0
2750.0,0.34,7091.67,0.95,77.91,2495.15,172.13,172.13,172.13,172.13,172.13,522.31,522.31,522.31,522.31,522.31,53.63,114.16,14.31,13.1,0.0336,0.1551,27.63,0.0
2751.0,0.34,7083.33,0.97,77.94,2494.51,172.12,172.12,172.12,172.12,172.12,522.23,522.23,522.23,522.23,522.23,53.62,114.16,14.3,13.1,0.0336,0.155,27.63,0.0
2752.0,0.34,7075.0,0.98,77.96,2493.88,172.11,172.11,172.11,172.11,172.11,522.15,522.15,522.15,522.15,522.15,53.61,114.16,14.3,13.1,0.0336,0.1548,27.63,0.0
2753.0,0.34,7066.67,1.0,77.99,2493.25,172.1,172.1,172.1,172.1,172.1,522.08,522.08,522.08,522.08,522.08,53.6,114.15,14.3,13.1,0.0336,0.1547,27.63,0.0
2754.0,0.34,7058.33,1.02,78.01,2492.62,172.09,172.09,172.09,172.09,172.09,522.0,522.0,522.0,522.0,522.0,53.6,114.15,14.29,13.1,0.0336,0.1546,27.63,0.0
2755.0,0.34,7050.0,1.03,78.04,2491.98,172.08,172.08,172.08,172.08,172.08,521.92,521.92,521.92,521.92,521.92,53.59,114.14,14.29,13.1,0.0336,0.1545,27.62,0.0
2756.0,0.34,7041.67,1.05,78.06,2491.35,172.06,172.06,172.06,172.06,172.06,521.85,521.85,521.85,521.85,521.85,53.58,114.14,14.29,13.1,0.0336,0.1544,27.62,0.0
2757.0,0.34,7033.33,1.07,78.09,2490.72,172.05,172.05,172.05,172.05,172.05,521.77,521.77,521.77,521.77,521.77,53.57,114.13,14.28,13.1,0.0336,0.1543,27.62,0.0
2758.0,0.34,7025.0,1.08,78.11,2490.09,172.04,172.04,172.04,172.04,172.04,521.69,521.69,521.69,521.69,521.69,53.57,114.13,14.28,13.1,0.0336,0.1542,27.62,0.0
2759.0,0.34,7016.67,1.1,78.14,2489.45,172.03,172.03,172.03,172.03,172.03,521.61,521.61,521.61,521.61,521.61,53.56,114.12,14.27,13.1,0.0336,0.154,27.62,0.0
2760.0,0.34,7008.33,1.12,78.16,2488.82,172.02,172.02,172.02,172.02,172.02,521.54,521.54,521.54,521.54,521.54,53.55,114.12,14.27,13.1,0.0336,0.1539,27.62,0.0
2761.0,0.34,7000.0,1.13,78.18,2488.19,172.01,172.01,172.01,172.01,172.01,521.46,521.46,521.46,521.46,521.46,53.54,114.12,14.27,13.1,0.0336,0.1538,27.62,0.0
2762.0,0.34,6991.67,1.15,78.21,2487.55,171.99,171.99,171.99,171.99,171.99,521.38,521.38,521.38,521.38,521.38,53.54,114.11,14.26,13.1,0.0336,0.1537,27.62,0.0
2763.0,0.34,6983.33,1.16,78.23,2486.92,171.98,171.98,171.98,171.98,171.98,521.31,521.31,521.31,521.31,521.31,53.53,114.11,14.26,13.1,0.0336,0.1536,27.62,0.0
2764.0,0.34,6975.0,1.18,78.26,2486.29,171.97,171.97,171.97,171.97,171.97,521.23,521.23,521.23,521.23,521.23,53.52,114.1,14.25,13.1,0.0336,0.1535,27.62,0.0
2765.0,0.34,6966.67,1.2,78.28,2485.66,171.96,171.96,171.96,171.96,171.96,521.15,521.15,521.15,521.15,521.15,53.51,114.1,14.25,13.1,0.0336,0.1534,27.62,0.0
2766.0,0.34,6958.33,1.21,78.31,2485.02,171.95,171.95,171.95,171.95,171.95,521.07,521.07,521.07,521.07,521.07,53.51,114.09,14.25,13.1,0.0336,0.1532,27.61,0.0
2767.0,0.34,6950.0,1.23,78.33,2484.39,171.93,171.93,171.93,171.93,171.93,521.0,521.0,521.0,521.0,521.0,53.5,114.09,14.24,13.1,0.0336,0.1531,27.61,0.0
2768.0,0.34,6941.67,1.25,78.36,2483.76,171.92,171.92,171.92,171.92,171.92,520.92,520.92,520.92,520.92,520.92,53.49,114.08,14.24,13.1,0.0335,0.153,27.61,0.0
2769.0,0.34,6933.33,1.26,78.38,2483.13,171.91,171.91,171.91,171.91,171.91,520.84,520.84,520.84,520.84,520.84,53.48,114.08,14.24,13.1,0.0335,0.1529,27.61,0.0
2770.0,0.34,6925.0,1.28,78.41,2482.49,171.9,171.9,171.9,171.9,171.9,520.76,520.76,520.76,520.76,520.76,53.48,114.07,14.23,13.1,0.0335,0.1528,27.61,0.0
2771.0,0.34,6916.67,1.3,78.43,2481.86,171.89,171.89,171.89,171.89,171.89,520.69,520.69,520.69,520.69,520.69,53.47,114.07,14.23,13.1,0.0335,0.1527,27.61,0.0
2772.0,0.34,6908.33,1.31,78.46,2481.23,171.87,171.87,171.87,171.87,171.87,520.61,520.61,520.61,520.61,520.61,53.46,114.07,14.22,13.1,0.0335,0.1526,27.61,0.0
2773.0,0.34,6900.0,1.33,78.48,2480.6,171.86,171.86,171.86,171.86,171.86,520.53,520.53,520.53,520.53,520.53,53.45,114.06,14.22,13.1,0.0335,0.1524,27.61,0.0
2774.0,0.34,6891.67,1.35,78.51,2479.96,171.85,171.85,171.85,171.85,171.85,520.45,520.45,520.45,520.45,520.45,53.45,114.06,14.22,13.1,0.0335,0.1523,27.61,0.0
2775.0,0.34,6883.33,1.36,78.53,2479.33,171.84,171.84,171.84,171.84,171.84,520.38,520.38,520.38,520.38,520.38,53.44,114.05,14.21,13.1,0.0335,0.1522,27.61,0.0
2776.0,0.34,6875.0,1.38,78.56,2478.7,171.83,171.83,171.83,171.83,171.83,520.3,520.3,520.3,520.3,520.3,53.43,114.05,14.21,13.1,0.0335,0.1521,27.61,0.0
2777.0,0.34,6866.67,1.4,78.58,2478.07,171.82,171.82,171.82,171.82,171.82,520.22,520.22,520.22,520.22,520.22,53.42,114.04,14.21,13.1,0.0335,0.152,27.6,0.0
2778.0,0.34,6858.33,1.41,78.61,2477.43,171.8,171.8,171.8,171.8,171.8,520.15,520.15,520.15,520.15,520.15,53.41,114.04,14.2,13.1,0.0335,0.1519,27.6,0.0
2779.0,0.34,6850.0,1.43,78.63,2476.8,171.79,171.79,171.79,171.79,171.79,520.07,520.07,520.07,520.07,520.07,53.41,114.03,14.2,13.1,0.0335,0.1518,27.6,0.0
2780.0,0.34,6841.67,1.45,78.66,2476.17,171.78,171.78,171.78,171.78,171.78,519.99,519.99,519.99,519.99,519.99,53.4,114.03,14.19,13.1,0.0335,0.1516,27.6,0.0
2781.0,0.34,6833.33,1.46,78.68,2475.54,171.77,171.77,171.77,171.77,171.77,519.91,519.91,519.91,519.91,519.91,53.39,114.02,14.19,13.1,0.0335,0.1515,27.6,0.0
2782.0,0.34,6825.0,1.48,78.71,2474.9,171.76,171.76,171.76,171.76,171.76,519.84,519.84,519.84,519.84,519.84,53.38,114.02,14.19,13.09,0.0335,0.1514,27.6,0.0
2783.0,0.34,6816.67,1.49,78.73,2474.27,171.74,171.74,171.74,171.74,171.74,519.76,519.76,519.76,519.76,519.76,53.38,114.02,14.18,13.09,0.0335,0.1513,27.6,0.0
2784.0,0.34,6808.33,1.51,78.76,2473.64,171.73,171.73,171.73,171.73,171.73,519.68,519.68,519.68,519.68,519.68,53.37,114.01,14.18,13.09,0.0335,0.1512,27.6,0.0
2785.0,0.34,6800.0,1.53,78.78,2473.01,171.72,171.72,171.72,171.72,171.72,519.6,519.6,519.6,519.6,519.6,53.36,114.01,14.17,13.09,0.0335,0.1511,27.6,0.0
2786.0,0.34,6791.67,1.54,78.8,2472.37,171.71,171.71,171.71,171.71,171.71,519.53,519.53,519.53,519.53,519.53,53.35,114.0,14.17,13.09,0.0335,0.151,27.6,0.0
2787.0,0.34,6783.33,1.56,78.83,2471.74,171.7,171.7,171.7,171.7,171.7,519.45,519.45,519.45,519.45,519.45,53.35,114.0,14.17,13.09,0.0335,0.1509,27.6,0.0
2788.0,0.34,6775.0,1.58,78.85,2471.11,171.68,171.68,171.68,171.68,171.68,519.37,519.37,519.37,519.37,519.37,53.34,113.99,14.16,13.09,0.0335,0.1507,27.59,0.0
2789.0,0.34,6766.67,1.59,78.88,2470.48,171.67,171.67,171.67,171.67,171.67,519.29,519.29,519.29,519.29,519.29,53.33,113.99,14.16,13.09,0.0335,0.1506,27.59,0.0
2790.0,0.34,6758.33,1.61,78.9,2469.84,171.66,171.66,171.66,171.66,171.66,519.22,519.22,519.22,519.22,519.22,53.32,113.98,14.16,13.09,0.0335,0.1505,27.59,0.0
2791.0,0.33,6750.0,1.63,78.93,2469.21,171.65,171.65,171.65,171.65,171.65,519.14,519.14,519.14,519.14,519.14,53.32,113.98,14.15,13.09,0.0335,0.1504,27.59,0.0
2792.0,0.33,6741.67,1.64,78.95,2468.58,171.64,171.64,171.64,171.64,171.64,519.06,519.06,519.06,519.06,519.06,53.31,113.97,14.15,13.09,0.0335,0.1503,27.59,0.0
2793.0,0.33,6733.33,1.66,78.98,2467.95,171.62,171.62,171.62,171.62,171.62,518.98,518.98,518.98,518.98,518.98,53.3,113.97,14.14,13.09,0.0335,0.1502,27.59,0.0
2794.0,0.33,6725.0,1.68,79.0,2467.32,171.61,171.61,171.61,171.61,171.61,518.9,518.9,518.9,518.9,518.9,53.29,113.97,14.14,13.09,0.0335,0.1501,27.59,0.0
2795.0,0.33,6716.67,1.69,79.03,2466.68,171.6,171.6,171.6,171.6,171.6,518.83,518.83,518.83,518.83,518.83,53.29,113.96,14.14,13.09,0.0335,0.1499,27.59,0.0
2796.0,0.33,6708.33,1.71,79.05,2466.05,171.59,171.59,171.59,171.59,171.59,518.75,518.75,518.75,518.75,518.75,53.28,113.96,14.13,13.09,0.0335,0.1498,27.59,0.0
2797.0,0.33,6700.0,1.73,79.08,2465.42,171.58,171.58,171.58,171.58,171.58,518.67,518.67,518.67,518.67,518.67,53.27,113.95,14.13,13.09,0.0334,0.1497,27.59,0.0
2798.0,0.33,6691.67,1.74,79.1,2464.79,171.56,171.56,171.56,171.56,171.56,518.59,518.59,518.59,518.59,518.59,53.26,113.95,14.12,13.09,0.0334,0.1496,27.59,0.0
2799.0,0.33,6683.33,1.76,79.13,2464.15,171.55,171.55,171.55,171.55,171.55,518.52,518.52,518.52,518.52,518.52,53.26,113.94,14.12,13.09,0.0334,0.1495,27.58,0.0
2800.0,0.33,6675.0,1.78,79.15,2463.52,171.54,171.54,171.54,171.54,171.54,518.44,518.44,518.44,518.44,518.44,53.25,113.94,14.12,13.09,0.0334,0.1494,27.58,0.0
2801.0,0.33,6666.67,1.79,79.18,2462.89,171.53,171.53,171.53,171.53,171.53,518.36,518.36,518.36,518.36,518.36,53.24,113.93,14.11,13.09,0.0334,0.1493,27.58,0.0
2802.0,0.33,6658.33,1.81,79.2,2462.26,171.52,171.52,171.52,171.52,171.52,518.28,518.28,518.28,518.28,518.28,53.23,113.93,14.11,13.09,0.0334,0.1492,27.58,0.0
2803.0,0.33,6650.0,1.83,79.23,2461.62,171.5,171.5,171.5,171.5,171.5,518.21,518.21,518.21,518.21,518.21,53.23,113.92,14.11,13.09,0.0334,0.149,27.58,0.0
2804.0,0.33,6641.67,1.84,79.25,2460.99,171.49,171.49,171.49,171.49,171.49,518.13,518.13,518.13,518.13,518.13,53.22,113.92,14.1,13.09,0.0334,0.1489,27.58,0.0
2805.0,0.33,6633.33,1.86,79.28,2460.36,171.48,171.48,171.48,171.48,171.48,518.05,518.05,518.05,518.05,518.05,53.21,113.92,14.1,13.09,0.0334,0.1488,27.58,0.0
2806.0,0.33,6625.0,1.87,79.3,2459.73,171.47,171.47,171.47,171.47,171.47,517.97,517.97,517.97,517.97,517.97,53.2,113.91,14.09,13.09,0.0334,0.1487,27.58,0.0
2807.0,0.33,6616.67,1.89,79.33,2459.1,171.46,171.46,171.46,171.46,171.46,517.89,517.89,517.89,517.89,517.89,53.2,113.91,14.09,13.09,0.0334,0.1486,27.58,0.0
2808.0,0.33,6608.33,1.91,79.35,2458.46,171.44,171.44,171.44,171.44,171.44,517.82,517.82,517.82,517.82,517.82,53.19,113.9,14.09,13.09,0.0334,0.1485,27.58,0.0
2809.0,0.33,6600.0,1.92,79.38,2457.83,171.43,171.43,171.43,171.43,171.43,517.74,517.74,517.74,517.74,517.74,53.18,113.9,14.08,13.09,0.0334,0.1484,27.58,0.0
2810.0,0.33,6591.67,1.94,79.4,2457.2,171.42,171.42,171.42,171.42,171.42,517.66,517.66,517.66,517.66,517.66,53.17,113.89,14.08,13.09,0.0334,0.1483,27.57,0.0
2811.0,0.33,6583.33,1.96,79.43,2456.57,171.41,171.41,171.41,171.41,171.41,517.58,517.58,517.58,517.58,517.58,53.17,113.89,14.07,13.09,0.0334,0.1481,27.57,0.0
2812.0,0.33,6575.0,1.97,79.45,2455.94,171.39,171.39,171.39,171.39,171.39,517.51,517.51,517.51,517.51,517.51,53.16,113.88,14.07,13.09,0.0334,0.148,27.57,0.0
2813.0,0.33,6566.67,1.99,79.48,2455.3,171.38,171.38,171.38,171.38,171.38,517.43,517.43,517.43,517.43,517.43,53.15,113.88,14.07,13.09,0.0334,0.1479,27.57,0.0
2814.0,0.33,6558.33,2.01,79.5,2454.67,171.37,171.37,171.37,171.37,171.37,517.35,517.35,517.35,517.35,517.35,53.14,113.87,14.06,13.08,0.0334,0.1478,27.57,0.0
2815.0,0.33,6550.0,2.02,79.53,2454.04,171.36,171.36,171.36,171.36,171.36,517.27,517.27,517.27,517.27,517.27,53.14,113.87,14.06,13.08,0.0334,0.1477,27.57,0.0
2816.0,0.33,6541.67,2.04,79.55,2453.41,171.35,171.35,171.35,171.35,171.35,517.19,517.19,517.19,517.19,517.19,53.13,113.87,14.06,13.08,0.0334,0.1476,27.57,0.0
2817.0,0.33,6533.33,2.06,79.58,2452.78,171.33,171.33,171.33,171.33,171.33,517.12,517.12,517.12,517.12,517.12,53.12,113.86,14.05,13.08,0.0334,0.1475,27.57,0.0
2818.0,0.33,6525.0,2.07,79.6,2452.14,171.32,171.32,171.32,171.32,171.32,517.04,517.04,517.04,517.04,517.04,53.11,113.86,14.05,13.08,0.0334,0.1474,27.57,0.0
2819.0,0.33,6516.67,2.09,79.63,2451.51,171.31,171.31,171.31,171.31,171.31,516.96,516.96,516.96,516.96,516.96,53.11,113.85,14.04,13.08,0.0334,0.1472,27.57,0.0
2820.0,0.33,6508.33,2.11,79.66,2450.88,171.3,171.3,171.3,171.3,171.3,516.88,516.88,516.88,516.88,516.88,53.1,113.85,14.04,13.08,0.0334,0.1471,27.56,0.0
2821.0,0.33,6500.0,2.12,79.68,2450.25,171.29,171.29,171.29,171.29,171.29,516.81,516.81,516.81,516.81,516.81,53.09,113.84,14.04,13.08,0.0334,0.147,27.56,0.0
2822.0,0.33,6491.67,2.14,79.71,2449.61,171.27,171.27,171.27,171.27,171.27,516.73,516.73,516.73,516.73,516.73,53.08,113.84,14.03,13.08,0.0334,0.1469,27.56,0.0
2823.0,0.33,6483.33,2.16,79.73,2448.98,171.26,171.26,171.26,171.26,171.26,516.65,516.65,516.65,516.65,516.65,53.07,113.83,14.03,13.08,0.0334,0.1468,27.56,0.0
2824.0,0.33,6475.0,2.17,79.76,2448.35,171.25,171.25,171.25,171.25,171.25,516.57,516.57,516.57,516.57,516.57,53.07,113.83,14.02,13.08,0.0334,0.1467,27.56,0.0
2825.0,0.33,6466.67,2.19,79.78,2447.72,171.24,171.24,171.24,171.24,171.24,516.49,516.49,516.49,516.49,516.49,53.06,113.82,14.02,13.08,0.0334,0.1466,27.56,0.0
2826.0,0.33,6458.33,2.2,79.81,2447.09,171.22,171.22,171.22,171.22,171.22,516.42,516.42,516.42,516.42,516.42,53.05,113.82,14.02,13.08,0.0333,0.1465,27.56,0.0
2827.0,0.33,6450.0,2.22,79.83,2446.46,171.21,171.21,171.21,171.21,171.21,516.34,516.34,516.34,516.34,516.34,53.04,113.82,14.01,13.08,0.0333,0.1463,27.56,0.0
2828.0,0.33,6441.67,2.24,79.86,2445.82,171.2,171.2,171.2,171.2,171.2,516.26,516.26,516.26,516.26,516.26,53.04,113.81,14.01,13.08,0.0333,0.1462,27.56,0.0
2829.0,0.33,6433.33,2.25,79.88,2445.19,171.19,171.19,171.19,171.19,171.19,516.18,516.18,516.18,516.18,516.18,53.03,113.81,14.0,13.08,0.0333,0.1461,27.56,0.0
2830.0,0.33,6425.0,2.27,79.91,2444.56,171.18,171.18,171.18,171.18,171.18,516.1,516.1,516.1,516.1,516.1,53.02,113.8,14.0,13.08,0.0333,0.146,27.56,0.0
2831.0,0.33,6416.67,2.29,79.93,2443.93,171.16,171.16,171.16,171.16,171.16,516.03,516.03,516.03,516.03,516.03,53.01,113.8,14.0,13.08,0.0333,0.1459,27.55,0.0
2832.0,0.33,6408.33,2.3,79.96,2443.3,171.15,171.15,171.15,171.15,171.15,515.95,515.95,515.95,515.95,515.95,53.01,113.79,13.99,13.08,0.0333,0.1458,27.55,0.0
2833.0,0.33,6400.0,2.32,79.98,2442.66,171.14,171.14,171.14,171.14,171.14,515.87,515.87,515.87,515.87,515.87,53.0,113.79,13.99,13.08,0.0333,0.1457,27.55,0.0
2834.0,0.33,6391.67,2.34,80.01,2442.03,171.13,171.13,171.13,171.13,171.13,515.79,515.79,515.79,515.79,515.79,52.99,113.78,13.98,13.08,0.0333,0.1456,27.55,0.0
2835.0,0.33,6383.33,2.35,80.03,2441.4,171.11,171.11,171.11,171.11,171.11,515.71,515.71,515.71,515.71,515.71,52.98,113.78,13.98,13.08,0.0333,0.1454,27.55,0.0
2836.0,0.33,6375.0,2.37,80.06,2440.77,171.1,171.1,171.1,171.1,171.1,515.64,515.64,515.64,515.64,515.64,52.98,113.77,13.98,13.08,0.0333,0.1453,27.55,0.0
2837.0,0.33,6366.67,2.39,80.08,2440.14,171.09,171.09,171.09,171.09,171.09,515.56,515.56,515.56,515.56,515.56,52.97,113.77,13.97,13.08,0.0333,0.1452,27.55,0.0
2838.0,0.33,6358.33,2.4,80.11,2439.5,171.08,171.08,171.08,171.08,171.08,515.48,515.48,515.48,515.48,515.48,52.96,113.77,13.97,13.08,0.0333,0.1451,27.55,0.0
2839.0,0.33,6350.0,2.42,80.13,2438.87,171.07,171.07,171.07,171.07,171.07,515.4,515.4,515.4,515.4,515.4,52.95,113.76,13.97,13.08,0.0333,0.145,27.55,0.0
2840.0,0.33,6341.67,2.44,80.16,2438.24,171.05,171.05,171.05,171.05,171.05,515.32,515.32,515.32,515.32,515.32,52.95,113.76,13.96,13.08,0.0333,0.1449,27.55,0.0
2841.0,0.33,6333.33,2.45,80.18,2437.61,171.04,171.04,171.04,171.04,171.04,515.24,515.24,515.24,515.24,515.24,52.94,113.75,13.96,13.08,0.0333,0.1448,27.55,0.0
2842.0,0.33,6325.0,2.47,80.21,2436.98,171.03,171.03,171.03,171.03,171.03,515.17,515.17,515.17,515.17,515.17,52.93,113.75,13.95,13.08,0.0333,0.1447,27.54,0.0
2843.0,0.33,6316.67,2.49,80.23,2436.35,171.02,171.02,171.02,171.02,171.02,515.09,515.09,515.09,515.09,515.09,52.92,113.74,13.95,13.08,0.0333,0.1446,27.54,0.0
2844.0,0.33,6308.33,2.5,80.26,2435.71,171.0,171.0,171.0,171.0,171.0,515.01,515.01,515.01,515.01,515.01,52.92,113.74,13.95,13.08,0.0333,0.1444,27.54,0.0
2845.0,0.33,6300.0,2.52,80.28,2435.08,170.99,170.99,170.99,170.99,170.99,514.93,514.93,514.93,514.93,514.93,52.91,113.73,13.94,13.08,0.0333,0.1443,27.54,0.0
2846.0,0.33,6291.67,2.53,80.31,2434.45,170.98,170.98,170.98,170.98,170.98,514.85,514.85,514.85,514.85,514.85,52.9,113.73,13.94,13.08,0.0333,0.1442,27.54,0.0
2847.0,0.33,6283.33,2.55,80.34,2433.82,170.97,170.97,170.97,170.97,170.97,514.78,514.78,514.78,514.78,514.78,52.89,113.72,13.93,13.07,0.0333,0.1441,27.54,0.0
2848.0,0.33,6275.0,2.57,80.36,2433.19,170.96,170.96,170.96,170.96,170.96,514.7,514.7,514.7,514.7,514.7,52.89,113.72,13.93,13.07,0.0333,0.144,27.54,0.0
2849.0,0.33,6266.67,2.58,80.39,2432.55,170.94,170.94,170.94,170.94,170.94,514.62,514.62,514.62,514.62,514.62,52.88,113.72,13.93,13.07,0.0333,0.1439,27.54,0.0
2850.0,0.33,6258.33,2.6,80.41,2431.92,170.93,170.93,170.93,170.93,170.93,514.54,514.54,514.54,514.54,514.54,52.87,113.71,13.92,13.07,0.0333,0.1438,27.54,0.0
2851.0,0.33,6250.0,2.62,80.44,2431.29,170.92,170.92,170.92,170.92,170.92,514.46,514.46,514.46,514.46,514.46,52.86,113.71,13.92,13.07,0.0333,0.1437,27.54,0.0
2852.0,0.32,6241.67,2.63,80.46,2430.66,170.91,170.91,170.91,170.91,170.91,514.38,514.38,514.38,514.38,514.38,52.86,113.7,13.91,13.07,0.0333,0.1436,27.54,0.0
2853.0,0.32,6233.33,2.65,80.49,2430.03,170.89,170.89,170.89,170.89,170.89,514.31,514.31,514.31,514.31,514.31,52.85,113.7,13.91,13.07,0.0333,0.1434,27.53,0.0
2854.0,0.32,6225.0,2.67,80.51,2429.4,170.88,170.88,170.88,170.88,170.88,514.23,514.23,514.23,514.23,514.23,52.84,113.69,13.91,13.07,0.0333,0.1433,27.53,0.0
2855.0,0.32,6216.67,2.68,80.54,2428.76,170.87,170.87,170.87,170.87,170.87,514.15,514.15,514.15,514.15,514.15,52.83,113.69,13.9,13.07,0.0332,0.1432,27.53,0.0
2856.0,0.32,6208.33,2.7,80.56,2428.13,170.86,170.86,170.86,170.86,170.86,514.07,514.07,514.07,514.07,514.07,52.82,113.68,13.9,13.07,0.0332,0.1431,27.53,0.0
2857.0,0.32,6200.0,2.72,80.59,2427.5,170.84,170.84,170.84,170.84,170.84,513.99,513.99,513.99,513.99,513.99,52.82,113.68,13.89,13.07,0.0332,0.143,27.53,0.0
2858.0,0.32,6191.67,2.73,80.61,2426.87,170.83,170.83,170.83,170.83,170.83,513.91,513.91,513.91,513.91,513.91,52.81,113.67,13.89,13.07,0.0332,0.1429,27.53,0.0
2859.0,0.32,6183.33,2.75,80.64,2426.24,170.82,170.82,170.82,170.82,170.82,513.84,513.84,513.84,513.84,513.84,52.8,113.67,13.89,13.07,0.0332,0.1428,27.53,0.0
2860.0,0.32,6175.0,2.77,80.66,2425.61,170.81,170.81,170.81,170.81,170.81,513.76,513.76,513.76,513.76,513.76,52.79,113.67,13.88,13.07,0.0332,0.1427,27.53,0.0
2861.0,0.32,6166.67,2.78,80.69,2424.98,170.79,170.79,170.79,170.79,170.79,513.68,513.68,513.68,513.68,513.68,52.79,113.66,13.88,13.07,0.0332,0.1426,27.53,0.0
2862.0,0.32,6158.33,2.8,80.72,2424.34,170.78,170.78,170.78,170.78,170.78,513.6,513.6,513.6,513.6,513.6,52.78,113.66,13.87,13.07,0.0332,0.1424,27.53,0.0
2863.0,0.32,6150.0,2.82,80.74,2423.71,170.77,170.77,170.77,170.77,170.77,513.52,513.52,513.52,513.52,513.52,52.77,113.65,13.87,13.07,0.0332,0.1423,27.53,0.0
2864.0,0.32,6141.67,2.83,80.77,2423.08,170.76,170.76,170.76,170.76,170.76,513.44,513.44,513.44,513.44,513.44,52.76,113.65,13.87,13.07,0.0332,0.1422,27.52,0.0
2865.0,0.32,6133.33,2.85,80.79,2422.45,170.74,170.74,170.74,170.74,170.74,513.37,513.37,513.37,513.37,513.37,52.76,113.64,13.86,13.07,0.0332,0.1421,27.52,0.0
2866.0,0.32,6125.0,2.87,80.82,2421.82,170.73,170.73,170.73,170.73,170.73,513.29,513.29,513.29,513.29,513.29,52.75,113.64,13.86,13.07,0.0332,0.142,27.52,0.0
2867.0,0.32,6116.67,2.88,80.84,2421.19,170.72,170.72,170.72,170.72,170.72,513.21,513.21,513.21,513.21,513.21,52.74,113.63,13.85,13.07,0.0332,0.1419,27.52,0.0
2868.0,0.32,6108.33,2.9,80.87,2420.55,170.71,170.71,170.71,170.71,170.71,513.13,513.13,513.13,513.13,513.13,52.73,113.63,13.85,13.07,0.0332,0.1418,27.52,0.0
2869.0,0.32,6100.0,2.91,80.89,2419.92,170.7,170.7,170.7,170.7,170.7,513.05,513.05,513.05,513.05,513.05,52.73,113.62,13.85,13.07,0.0332,0.1417,27.52,0.0
2870.0,0.32,6091.67,2.93,80.92,2419.29,170.68,170.68,170.68,170.68,170.68,512.97,512.97,512.97,512.97,512.97,52.72,113.62,13.84,13.07,0.0332,0.1416,27.52,0.0
2871.0,0.32,6083.33,2.95,80.94,2418.66,170.67,170.67,170.67,170.67,170.67,512.9,512.9,512.9,512.9,512.9,52.71,113.61,13.84,13.07,0.0332,0.1415,27.52,0.0
2872.0,0.32,6075.0,2.96,80.97,2418.03,170.66,170.66,170.66,170.66,170.66,512.82,512.82,512.82,512.82,512.82,52.7,113.61,13.83,13.07,0.0332,0.1413,27.52,0.0
2873.0,0.32,6066.67,2.98,81.0,2417.4,170.65,170.65,170.65,170.65,170.65,512.74,512.74,512.74,512.74,512.74,52.7,113.61,13.83,13.07,0.0332,0.1412,27.52,0.0
2874.0,0.32,6058.33,3.0,81.02,2416.77,170.63,170.63,170.63,170.63,170.63,512.66,512.66,512.66,512.66,512.66,52.69,113.6,13.83,13.07,0.0332,0.1411,27.52,0.0
2875.0,0.32,6050.0,3.01,81.05,2416.13,170.62,170.62,170.62,170.62,170.62,512.58,512.58,512.58,512.58,512.58,52.68,113.6,13.82,13.07,0.0332,0.141,27.51,0.0
2876.0,0.32,6041.67,3.03,81.07,2415.5,170.61,170.61,170.61,170.61,170.61,512.5,512.5,512.5,512.5,512.5,52.67,113.59,13.82,13.07,0.0332,0.1409,27.51,0.0
2877.0,0.32,6033.33,3.05,81.1,2414.87,170.6,170.6,170.6,170.6,170.6,512.42,512.42,512.42,512.42,512.42,52.67,113.59,13.81,13.07,0.0332,0.1408,27.51,0.0
2878.0,0.32,6025.0,3.06,81.12,2414.24,170.58,170.58,170.58,170.58,170.58,512.35,512.35,512.35,512.35,512.35,52.66,113.58,13.81,13.07,0.0332,0.1407,27.51,0.0
2879.0,0.32,6016.67,3.08,81.15,2413.61,170.57,170.57,170.57,170.57,170.57,512.27,512.27,512.27,512.27,512.27,52.65,113.58,13.81,13.07,0.0332,0.1406,27.51,0.0
2880.0,0.32,6008.33,3.1,81.17,2412.98,170.56,170.56,170.56,170.56,170.56,512.19,512.19,512.19,512.19,512.19,52.64,113.57,13.8,13.07,0.0332,0.1405,27.51,0.0
2881.0,0.32,6000.0,3.11,81.2,2412.35,170.55,170.55,170.55,170.55,170.55,512.11,512.11,512.11,512.11,512.11,52.64,113.57,13.8,13.06,0.0332,0.1404,27.51,0.0
2882.0,0.32,5991.67,3.13,81.22,2411.71,170.53,170.53,170.53,170.53,170.53,512.03,512.03,512.03,512.03,512.03,52.63,113.56,13.79,13.06,0.0332,0.1402,27.51,0.0
2883.0,0.32,5983.33,3.15,81.25,2411.08,170.52,170.52,170.52,170.52,170.52,511.95,511.95,511.95,511.95,511.95,52.62,113.56,13.79,13.06,0.0332,0.1401,27.51,0.0
2884.0,0.32,5975.0,3.16,81.28,2410.45,170.51,170.51,170.51,170.51,170.51,511.87,511.87,511.87,511.87,511.87,52.61,113.56,13.79,13.06,0.0331,0.14,27.51,0.0
2885.0,0.32,5966.67,3.18,81.3,2409.82,170.5,170.5,170.5,170.5,170.5,511.8,511.8,511.8,511.8,511.8,52.6,113.55,13.78,13.06,0.0331,0.1399,27.51,0.0
2886.0,0.32,5958.33,3.2,81.33,2409.19,170.48,170.48,170.48,170.48,170.48,511.72,511.72,511.72,511.72,511.72,52.6,113.55,13.78,13.06,0.0331,0.1398,27.5,0.0
2887.0,0.32,5950.0,3.21,81.35,2408.56,170.47,170.47,170.47,170.47,170.47,511.64,511.64,511.64,511.64,511.64,52.59,113.54,13.77,13.06,0.0331,0.1397,27.5,0.0
2888.0,0.32,5941.67,3.23,81.38,2407.93,170.46,170.46,170.46,170.46,170.46,511.56,511.56,511.56,511.56,511.56,52.58,113.54,13.77,13.06,0.0331,0.1396,27.5,0.0
2889.0,0.32,5933.33,3.24,81.4,2407.3,170.45,170.45,170.45,170.45,170.45,511.48,511.48,511.48,511.48,511.48,52.57,113.53,13.77,13.06,0.0331,0.1395,27.5,0.0
2890.0,0.32,5925.0,3.26,81.43,2406.66,170.43,170.43,170.43,170.43,170.43,511.4,511.4,511.4,511.4,511.4,52.57,113.53,13.76,13.06,0.0331,0.1394,27.5,0.0
2891.0,0.32,5916.67,3.28,81.45,2406.03,170.42,170.42,170.42,170.42,170.42,511.32,511.32,511.32,511.32,511.32,52.56,113.52,13.76,13.06,0.0331,0.1393,27.5,0.0
2892.0,0.32,5908.33,3.29,81.48,2405.4,170.41,170.41,170.41,170.41,170.41,511.25,511.25,511.25,511.25,511.25,52.55,113.52,13.75,13.06,0.0331,0.1391,27.5,0.0
2893.0,0.32,5900.0,3.31,81.51,2404.77,170.4,170.4,170.4,170.4,170.4,511.17,511.17,511.17,511.17,511.17,52.54,113.51,13.75,13.06,0.0331,0.139,27.5,0.0
2894.0,0.32,5891.67,3.33,81.53,2404.14,170.38,170.38,170.38,170.38,170.38,511.09,511.09,511.09,511.09,511.09,52.54,113.51,13.75,13.06,0.0331,0.1389,27.5,0.0
2895.0,0.32,5883.33,3.34,81.56,2403.51,170.37,170.37,170.37,170.37,170.37,511.01,511.01,511.01,511.01,511.01,52.53,113.5,13.74,13.06,0.0331,0.1388,27.5,0.0
2896.0,0.32,5875.0,3.36,81.58,2402.88,170.36,170.36,170.36,170.36,170.36,510.93,510.93,510.93,510.93,510.93,52.52,113.5,13.74,13.06,0.0331,0.1387,27.5,0.0
2897.0,0.32,5866.67,3.38,81.61,2402.25,170.35,170.35,170.35,170.35,170.35,510.85,510.85,510.85,510.85,510.85,52.51,113.5,13.73,13.06,0.0331,0.1386,27.49,0.0
2898.0,0.32,5858.33,3.39,81.63,2401.61,170.33,170.33,170.33,170.33,170.33,510.77,510.77,510.77,510.77,510.77,52.51,113.49,13.73,13.06,0.0331,0.1385,27.49,0.0
2899.0,0.32,5850.0,3.41,81.66,2400.98,170.32,170.32,170.32,170.32,170.32,510.69,510.69,510.69,510.69,510.69,52.5,113.49,13.73,13.06,0.0331,0.1384,27.49,0.0
2900.0,0.32,5841.67,3.43,81.68,2400.35,170.31,170.31,170.31,170.31,170.31,510.62,510.62,510.62,510.62,510.62,52.49,113.48,13.72,13.06,0.0331,0.1383,27.49,0.0
2901.0,0.32,5833.33,3.44,81.71,2399.72,170.29,170.29,170.29,170.29,170.29,510.54,510.54,510.54,510.54,510.54,52.48,113.48,13.72,13.06,0.0331,0.1382,27.49,0.0
2902.0,0.32,5825.0,3.46,81.74,2399.09,170.28,170.28,170.28,170.28,170.28,510.46,510.46,510.46,510.46,510.46,52.48,113.47,13.71,13.06,0.0331,0.1381,27.49,0.0
2903.0,0.32,5816.67,3.48,81.76,2398.46,170.27,170.27,170.27,170.27,170.27,510.38,510.38,510.38,510.38,510.38,52.47,113.47,13.71,13.06,0.0331,0.1379,27.49,0.0
2904.0,0.32,5808.33,3.49,81.79,2397.83,170.26,170.26,170.26,170.26,170.26,510.3,510.3,510.3,510.3,510.3,52.46,113.46,13.71,13.06,0.0331,0.1378,27.49,0.0
2905.0,0.32,5800.0,3.51,81.81,2397.2,170.24,170.24,170.24,170.24,170.24,510.22,510.22,510.22,510.22,510.22,52.45,113.46,13.7,13.06,0.0331,0.1377,27.49,0.0
2906.0,0.32,5791.67,3.53,81.84,2396.57,170.23,170.23,170.23,170.23,170.23,510.14,510.14,510.14,510.14,510.14,52.45,113.45,13.7,13.06,0.0331,0.1376,27.49,0.0
2907.0,0.32,5783.33,3.54,81.86,2395.93,170.22,170.22,170.22,170.22,170.22,510.06,510.06,510.06,510.06,510.06,52.44,113.45,13.69,13.06,0.0331,0.1375,27.48,0.0
2908.0,0.32,5775.0,3.56,81.89,2395.3,170.21,170.21,170.21,170.21,170.21,509.98,509.98,509.98,509.98,509.98,52.43,113.44,13.69,13.06,0.0331,0.1374,27.48,0.0
2909.0,0.32,5766.67,3.58,81.92,2394.67,170.19,170.19,170.19,170.19,170.19,509.91,509.91,509.91,509.91,509.91,52.42,113.44,13.69,13.06,0.0331,0.1373,27.48,0.0
2910.0,0.32,5758.33,3.59,81.94,2394.04,170.18,170.18,170.18,170.18,170.18,509.83,509.83,509.83,509.83,509.83,52.41,113.44,13.68,13.06,0.0331,0.1372,27.48,0.0
2911.0,0.32,5750.0,3.61,81.97,2393.41,170.17,170.17,170.17,170.17,170.17,509.75,509.75,509.75,509.75,509.75,52.41,113.43,13.68,13.06,0.0331,0.1371,27.48,0.0
2912.0,0.31,5741.67,3.62,81.99,2392.78,170.16,170.16,170.16,170.16,170.16,509.67,509.67,509.67,509.67,509.67,52.4,113.43,13.67,13.06,0.0331,0.137,27.48,0.0
2913.0,0.31,5733.33,3.64,82.02,2392.15,170.14,170.14,170.14,170.14,170.14,509.59,509.59,509.59,509.59,509.59,52.39,113.42,13.67,13.06,0.033,0.1369,27.48,0.0
2914.0,0.31,5725.0,3.66,82.04,2391.52,170.13,170.13,170.13,170.13,170.13,509.51,509.51,509.51,509.51,509.51,52.38,113.42,13.66,13.06,0.033,0.1368,27.48,0.0
2915.0,0.31,5716.67,3.67,82.07,2390.89,170.12,170.12,170.12,170.12,170.12,509.43,509.43,509.43,509.43,509.43,52.38,113.41,13.66,13.05,0.033,0.1366,27.48,0.0
2916.0,0.31,5708.33,3.69,82.1,2390.26,170.11,170.11,170.11,170.11,170.11,509.35,509.35,509.35,509.35,509.35,52.37,113.41,13.66,13.05,0.033,0.1365,27.48,0.0
2917.0,0.31,5700.0,3.71,82.12,2389.62,170.09,170.09,170.09,170.09,170.09,509.27,509.27,509.27,509.27,509.27,52.36,113.4,13.65,13.05,0.033,0.1364,27.48,0.0
2918.0,0.31,5691.67,3.72,82.15,2388.99,170.08,170.08,170.08,170.08,170.08,509.19,509.19,509.19,509.19,509.19,52.35,113.4,13.65,13.05,0.033,0.1363,27.47,0.0
2919.0,0.31,5683.33,3.74,82.17,2388.36,170.07,170.07,170.07,170.07,170.07,509.12,509.12,509.12,509.12,509.12,52.35,113.39,13.64,13.05,0.033,0.1362,27.47,0.0
2920.0,0.31,5675.0,3.76,82.2,2387.73,170.05,170.05,170.05,170.05,170.05,509.04,509.04,509.04,509.04,509.04,52.34,113.39,13.64,13.05,0.033,0.1361,27.47,0.0
2921.0,0.31,5666.67,3.77,82.22,2387.1,170.04,170.04,170.04,170.04,170.04,508.96,508.96,508.96,508.96,508.96,52.33,113.38,13.64,13.05,0.033,0.136,27.47,0.0
2922.0,0.31,5658.33,3.79,82.25,2386.47,170.03,170.03,170.03,170.03,170.03,508.88,508.88,508.88,508.88,508.88,52.32,113.38,13.63,13.05,0.033,0.1359,27.47,0.0
2923.0,0.31,5650.0,3.81,82.28,2385.84,170.02,170.02,170.02,170.02,170.02,508.8,508.8,508.8,508.8,508.8,52.32,113.38,13.63,13.05,0.033,0.1358,27.47,0.0
2924.0,0.31,5641.67,3.82,82.3,2385.21,170.0,170.0,170.0,170.0,170.0,508.72,508.72,508.72,508.72,508.72,52.31,113.37,13.62,13.05,0.033,0.1357,27.47,0.0
2925.0,0.31,5633.33,3.84,82.33,2384.58,169.99,169.99,169.99,169.99,169.99,508.64,508.64,508.64,508.64,508.64,52.3,113.37,13.62,13.05,0.033,0.1356,27.47,0.0
2926.0,0.31,5625.0,3.86,82.35,2383.95,169.98,169.98,169.98,169.98,169.98,508.56,508.56,508.56,508.56,508.56,52.29,113.36,13.62,13.05,0.033,0.1355,27.47,0.0
2927.0,0.31,5616.67,3.87,82.38,2383.32,169.97,169.97,169.97,169.97,169.97,508.48,508.48,508.48,508.48,508.48,52.29,113.36,13.61,13.05,0.033,0.1353,27.47,0.0
2928.0,0.31,5608.33,3.89,82.4,2382.69,169.95,169.95,169.95,169.95,169.95,508.4,508.4,508.4,508.4,508.4,52.28,113.35,13.61,13.05,0.033,0.1352,27.47,0.0
2929.0,0.31,5600.0,3.91,82.43,2382.05,169.94,169.94,169.94,169.94,169.94,508.33,508.33,508.33,508.33,508.33,52.27,113.35,13.6,13.05,0.033,0.1351,27.46,0.0
2930.0,0.31,5591.67,3.92,82.46,2381.42,169.93,169.93,169.93,169.93,169.93,508.25,508.25,508.25,508.25,508.25,52.26,113.34,13.6,13.05,0.033,0.135,27.46,0.0
2931.0,0.31,5583.33,3.94,82.48,2380.79,169.91,169.91,169.91,169.91,169.91,508.17,508.17,508.17,508.17,508.17,52.25,113.34,13.6,13.05,0.033,0.1349,27.46,0.0
2932.0,0.31,5575.0,3.95,82.51,2380.16,169.9,169.9,169.9,169.9,169.9,508.09,508.09,508.09,508.09,508.09,52.25,113.33,13.59,13.05,0.033,0.1348,27.46,0.0
2933.0,0.31,5566.67,3.97,82.53,2379.53,169.89,169.89,169.89,169.89,169.89,508.01,508.01,508.01,508.01,508.01,52.24,113.33,13.59,13.05,0.033,0.1347,27.46,0.0
2934.0,0.31,5558.33,3.99,82.56,2378.9,169.88,169.88,169.88,169.88,169.88,507.93,507.93,507.93,507.93,507.93,52.23,113.32,13.58,13.05,0.033,0.1346,27.46,0.0
2935.0,0.31,5550.0,4.0,82.59,2378.27,169.86,169.86,169.86,169.86,169.86,507.85,507.85,507.85,507.85,507.85,52.22,113.32,13.58,13.05,0.033,0.1345,27.46,0.0
2936.0,0.31,5541.67,4.02,82.61,2377.64,169.85,169.85,169.85,169.85,169.85,507.77,507.77,507.77,507.77,507.77,52.22,113.32,13.57,13.05,0.033,0.1344,27.46,0.0
2937.0,0.31,5533.33,4.04,82.64,2377.01,169.84,169.84,169.84,169.84,169.84,507.69,507.69,507.69,507.69,507.69,52.21,113.31,13.57,13.05,0.033,0.1343,27.46,0.0
2938.0,0.31,5525.0,4.05,82.66,2376.38,169.82,169.82,169.82,169.82,169.82,507.61,507.61,507.61,507.61,507.61,52.2,113.31,13.57,13.05,0.033,0.1342,27.46,0.0
2939.0,0.31,5516.67,4.07,82.69,2375.75,169.81,169.81,169.81,169.81,169.81,507.53,507.53,507.53,507.53,507.53,52.19,113.3,13.56,13.05,0.033,0.134,27.46,0.0
2940.0,0.31,5508.33,4.09,82.72,2375.12,169.8,169.8,169.8,169.8,169.8,507.45,507.45,507.45,507.45,507.45,52.19,113.3,13.56,13.05,0.033,0.1339,27.45,0.0
2941.0,0.31,5500.0,4.1,82.74,2374.49,169.79,169.79,169.79,169.79,169.79,507.38,507.38,507.38,507.38,507.38,52.18,113.29,13.55,13.05,0.033,0.1338,27.45,0.0
2942.0,0.31,5491.67,4.12,82.77,2373.85,169.77,169.77,169.77,169.77,169.77,507.3,507.3,507.3,507.3,507.3,52.17,113.29,13.55,13.05,0.0329,0.1337,27.45,0.0
2943.0,0.31,5483.33,4.14,82.79,2373.22,169.76,169.76,169.76,169.76,169.76,507.22,507.22,507.22,507.22,507.22,52.16,113.28,13.55,13.05,0.0329,0.1336,27.45,0.0
2944.0,0.31,5475.0,4.15,82.82,2372.59,169.75,169.75,169.75,169.75,169.75,507.14,507.14,507.14,507.14,507.14,52.16,113.28,13.54,13.05,0.0329,0.1335,27.45,0.0
2945.0,0.31,5466.67,4.17,82.84,2371.96,169.73,169.73,169.73,169.73,169.73,507.06,507.06,507.06,507.06,507.06,52.15,113.27,13.54,13.05,0.0329,0.1334,27.45,0.0
2946.0,0.31,5458.33,4.19,82.87,2371.33,169.72,169.72,169.72,169.72,169.72,506.98,506.98,506.98,506.98,506.98,52.14,113.27,13.53,13.05,0.0329,0.1333,27.45,0.0
2947.0,0.31,5450.0,4.2,82.9,2370.7,169.71,169.71,169.71,169.71,169.71,506.9,506.9,506.9,506.9,506.9,52.13,113.26,13.53,13.05,0.0329,0.1332,27.45,0.0
2948.0,0.31,5441.67,4.22,82.92,2370.07,169.7,169.7,169.7,169.7,169.7,506.82,506.82,506.82,506.82,506.82,52.12,113.26,13.52,13.05,0.0329,0.1331,27.45,0.0
2949.0,0.31,5433.33,4.24,82.95,2369.44,169.68,169.68,169.68,169.68,169.68,506.74,506.74,506.74,506.74,506.74,52.12,113.26,13.52,13.04,0.0329,0.133,27.45,0.0
2950.0,0.31,5425.0,4.25,82.97,2368.81,169.67,169.67,169.67,169.67,169.67,506.66,506.66,506.66,506.66,506.66,52.11,113.25,13.52,13.04,0.0329,0.1329,27.45,0.0
2951.0,0.31,5416.67,4.27,83.0,2368.18,169.66,169.66,169.66,169.66,169.66,506.58,506.58,506.58,506.58,506.58,52.1,113.25,13.51,13.04,0.0329,0.1328,27.44,0.0
2952.0,0.31,5408.33,4.29,83.03,2367.55,169.64,169.64,169.64,169.64,169.64,506.5,506.5,506.5,506.5,506.5,52.09,113.24,13.51,13.04,0.0329,0.1327,27.44,0.0
2953.0,0.31,5400.0,4.3,83.05,2366.92,169.63,169.63,169.63,169.63,169.63,506.42,506.42,506.42,506.42,506.42,52.09,113.24,13.5,13.04,0.0329,0.1325,27.44,0.0
2954.0,0.31,5391.67,4.32,83.08,2366.29,169.62,169.62,169.62,169.62,169.62,506.34,506.34,506.34,506.34,506.34,52.08,113.23,13.5,13.04,0.0329,0.1324,27.44,0.0
2955.0,0.31,5383.33,4.33,83.1,2365.66,169.61,169.61,169.61,169.61,169.61,506.26,506.26,506.26,506.26,506.26,52.07,113.23,13.5,13.04,0.0329,0.1323,27.44,0.0
2956.0,0.31,5375.0,4.35,83.13,2365.03,169.59,169.59,169.59,169.59,169.59,506.19,506.19,506.19,506.19,506.19,52.06,113.22,13.49,13.04,0.0329,0.1322,27.44,0.0
2957.0,0.31,5366.67,4.37,83.16,2364.4,169.58,169.58,169.58,169.58,169.58,506.11,506.11,506.11,506.11,506.11,52.06,113.22,13.49,13.04,0.0329,0.1321,27.44,0.0
2958.0,0.31,5358.33,4.38,83.18,2363.77,169.57,169.57,169.57,169.57,169.57,506.03,506.03,506.03,506.03,506.03,52.05,113.21,13.48,13.04,0.0329,0.132,27.44,0.0
2959.0,0.31,5350.0,4.4,83.21,2363.14,169.55,169.55,169.55,169.55,169.55,505.95,505.95,505.95,505.95,505.95,52.04,113.21,13.48,13.04,0.0329,0.1319,27.44,0.0
2960.0,0.31,5341.67,4.42,83.23,2362.5,169.54,169.54,169.54,169.54,169.54,505.87,505.87,505.87,505.87,505.87,52.03,113.2,13.48,13.04,0.0329,0.1318,27.44,0.0
2961.0,0.31,5333.33,4.43,83.26,2361.87,169.53,169.53,169.53,169.53,169.53,505.79,505.79,505.79,505.79,505.79,52.03,113.2,13.47,13.04,0.0329,0.1317,27.44,0.0
2962.0,0.31,5325.0,4.45,83.29,2361.24,169.52,169.52,169.52,169.52,169.52,505.71,505.71,505.71,505.71,505.71,52.02,113.2,13.47,13.04,0.0329,0.1316,27.43,0.0
2963.0,0.31,5316.67,4.47,83.31,2360.61,169.5,169.5,169.5,169.5,169.5,505.63,505.63,505.63,505.63,505.63,52.01,113.19,13.46,13.04,0.0329,0.1315,27.43,0.0
2964.0,0.31,5308.33,4.48,83.34,2359.98,169.49,169.49,169.49,169.49,169.49,505.55,505.55,505.55,505.55,505.55,52.0,113.19,13.46,13.04,0.0329,0.1314,27.43,0.0
2965.0,0.31,5300.0,4.5,83.36,2359.35,169.48,169.48,169.48,169.48,169.48,505.47,505.47,505.47,505.47,505.47,51.99,113.18,13.45,13.04,0.0329,0.1313,27.43,0.0
2966.0,0.31,5291.67,4.52,83.39,2358.72,169.46,169.46,169.46,169.46,169.46,505.39,505.39,505.39,505.39,505.39,51.99,113.18,13.45,13.04,0.0329,0.1312,27.43,0.0
2967.0,0.31,5283.33,4.53,83.42,2358.09,169.45,169.45,169.45,169.45,169.45,505.31,505.31,505.31,505.31,505.31,51.98,113.17,13.45,13.04,0.0329,0.1311,27.43,0.0
2968.0,0.31,5275.0,4.55,83.44,2357.46,169.44,169.44,169.44,169.44,169.44,505.23,505.23,505.23,505.23,505.23,51.97,113.17,13.44,13.04,0.0329,0.1309,27.43,0.0
2969.0,0.31,5266.67,4.57,83.47,2356.83,169.42,169.42,169.42,169.42,169.42,505.15,505.15,505.15,505.15,505.15,51.96,113.16,13.44,13.04,0.0329,0.1308,27.43,0.0
2970.0,0.31,5258.33,4.58,83.49,2356.2,169.41,169.41,169.41,169.41,169.41,505.07,505.07,505.07,505.07,505.07,51.96,113.16,13.43,13.04,0.0329,0.1307,27.43,0.0
2971.0,0.3,5250.0,4.6,83.52,2355.57,169.4,169.4,169.4,169.4,169.4,504.99,504.99,504.99,504.99,504.99,51.95,113.15,13.43,13.04,0.0328,0.1306,27.43,0.0
2972.0,0.3,5241.67,4.62,83.55,2354.94,169.39,169.39,169.39,169.39,169.39,504.91,504.91,504.91,504.91,504.91,51.94,113.15,13.42,13.04,0.0328,0.1305,27.43,0.0
2973.0,0.3,5233.33,4.63,83.57,2354.31,169.37,169.37,169.37,169.37,169.37,504.83,504.83,504.83,504.83,504.83,51.93,113.14,13.42,13.04,0.0328,0.1304,27.42,0.0
2974.0,0.3,5225.0,4.65,83.6,2353.68,169.36,169.36,169.36,169.36,169.36,504.75,504.75,504.75,504.75,504.75,51.93,113.14,13.42,13.04,0.0328,0.1303,27.42,0.0
2975.0,0.3,5216.67,4.66,83.63,2353.05,169.35,169.35,169.35,169.35,169.35,504.67,504.67,504.67,504.67,504.67,51.92,113.14,13.41,13.04,0.0328,0.1302,27.42,0.0
2976.0,0.3,5208.33,4.68,83.65,2352.42,169.33,169.33,169.33,169.33,169.33,504.59,504.59,504.59,504.59,504.59,51.91,113.13,13.41,13.04,0.0328,0.1301,27.42,0.0
2977.0,0.3,5200.0,4.7,83.68,2351.79,169.32,169.32,169.32,169.32,169.32,504.51,504.51,504.51,504.51,504.51,51.9,113.13,13.4,13.04,0.0328,0.13,27.42,0.0
2978.0,0.3,5191.67,4.71,83.7,2351.16,169.31,169.31,169.31,169.31,169.31,504.44,504.44,504.44,504.44,504.44,51.9,113.12,13.4,13.04,0.0328,0.1299,27.42,0.0
2979.0,0.3,5183.33,4.73,83.73,2350.53,169.29,169.29,169.29,169.29,169.29,504.36,504.36,504.36,504.36,504.36,51.89,113.12,13.4,13.04,0.0328,0.1298,27.42,0.0
2980.0,0.3,5175.0,4.75,83.76,2349.9,169.28,169.28,169.28,169.28,169.28,504.28,504.28,504.28,504.28,504.28,51.88,113.11,13.39,13.04,0.0328,0.1297,27.42,0.0
2981.0,0.3,5166.67,4.76,83.78,2349.27,169.27,169.27,169.27,169.27,169.27,504.2,504.2,504.2,504.2,504.2,51.87,113.11,13.39,13.04,0.0328,0.1296,27.42,0.0
2982.0,0.3,5158.33,4.78,83.81,2348.64,169.26,169.26,169.26,169.26,169.26,504.12,504.12,504.12,504.12,504.12,51.86,113.1,13.38,13.04,0.0328,0.1295,27.42,0.0
2983.0,0.3,5150.0,4.8,83.83,2348.01,169.24,169.24,169.24,169.24,169.24,504.04,504.04,504.04,504.04,504.04,51.86,113.1,13.38,13.04,0.0328,0.1294,27.42,0.0
2984.0,0.3,5141.67,4.81,83.86,2347.38,169.23,169.23,169.23,169.23,169.23,503.96,503.96,503.96,503.96,503.96,51.85,113.09,13.37,13.03,0.0328,0.1292,27.41,0.0
2985.0,0.3,5133.33,4.83,83.89,2346.75,169.22,169.22,169.22,169.22,169.22,503.88,503.88,503.88,503.88,503.88,51.84,113.09,13.37,13.03,0.0328,0.1291,27.41,0.0
2986.0,0.3,5125.0,4.85,83.91,2346.12,169.2,169.2,169.2,169.2,169.2,503.8,503.8,503.8,503.8,503.8,51.83,113.08,13.37,13.03,0.0328,0.129,27.41,0.0
2987.0,0.3,5116.67,4.86,83.94,2345.49,169.19,169.19,169.19,169.19,169.19,503.72,503.72,503.72,503.72,503.72,51.83,113.08,13.36,13.03,0.0328,0.1289,27.41,0.0
2988.0,0.3,5108.33,4.88,83.97,2344.86,169.18,169.18,169.18,169.18,169.18,503.64,503.64,503.64,503.64,503.64,51.82,113.07,13.36,13.03,0.0328,0.1288,27.41,0.0
2989.0,0.3,5100.0,4.9,83.99,2344.23,169.16,169.16,169.16,169.16,169.16,503.56,503.56,503.56,503.56,503.56,51.81,113.07,13.35,13.03,0.0328,0.1287,27.41,0.0
2990.0,0.3,5091.67,4.91,84.02,2343.6,169.15,169.15,169.15,169.15,169.15,503.48,503.48,503.48,503.48,503.48,51.8,113.07,13.35,13.03,0.0328,0.1286,27.41,0.0
2991.0,0.3,5083.33,4.93,84.04,2342.97,169.14,169.14,169.14,169.14,169.14,503.4,503.4,503.4,503.4,503.4,51.8,113.06,13.34,13.03,0.0328,0.1285,27.41,0.0
2992.0,0.3,5075.0,4.95,84.07,2342.34,169.12,169.12,169.12,169.12,169.12,503.32,503.32,503.32,503.32,503.32,51.79,113.06,13.34,13.03,0.0328,0.1284,27.41,0.0
2993.0,0.3,5066.67,4.96,84.1,2341.71,169.11,169.11,169.11,169.11,169.11,503.24,503.24,503.24,503.24,503.24,51.78,113.05,13.34,13.03,0.0328,0.1283,27.41,0.0
2994.0,0.3,5058.33,4.98,84.12,2341.08,169.1,169.1,169.1,169.1,169.1,503.16,503.16,503.16,503.16,503.16,51.77,113.05,13.33,13.03,0.0328,0.1282,27.41,0.0
2995.0,0.3,5050.0,4.99,84.15,2340.45,169.09,169.09,169.09,169.09,169.09,503.08,503.08,503.08,503.08,503.08,51.77,113.04,13.33,13.03,0.0328,0.1281,27.4,0.0
2996.0,0.3,5041.67,5.01,84.18,2339.81,169.07,169.07,169.07,169.07,169.07,503.0,503.0,503.0,503.0,503.0,51.76,113.04,13.32,13.03,0.0328,0.128,27.4,0.0
2997.0,0.3,5033.33,5.03,84.2,2339.18,169.06,169.06,169.06,169.06,169.06,502.92,502.92,502.92,502.92,502.92,51.75,113.03,13.32,13.03,0.0328,0.1279,27.4,0.0
2998.0,0.3,5025.0,5.04,84.23,2338.55,169.05,169.05,169.05,169.05,169.05,502.84,502.84,502.84,502.84,502.84,51.74,113.03,13.32,13.03,0.0328,0.1278,27.4,0.0
2999.0,0.3,5016.67,5.06,84.25,2337.92,169.03,169.03,169.03,169.03,169.03,502.76,502.76,502.76,502.76,502.76,51.73,113.02,13.31,13.03,0.0328,0.1277,27.4,0.0
3000.0,0.3,5008.33,5.08,84.28,2337.29,169.02,169.02,169.02,169.02,169.02,502.68,502.68,502.68,502.68,502.68,51.73,113.02,13.31,13.03,0.0327,0.1276,27.4,0.0
3001.0,0.3,5000.0,5.09,84.31,2336.66,169.01,169.01,169.01,169.01,169.01,502.6,502.6,502.6,502.6,502.6,51.72,113.01,13.3,13.03,0.0327,0.1275,27.4,0.0
3002.0,0.3,4991.67,5.11,84.33,2335.64,168.99,168.99,168.99,168.99,168.99,502.51,502.51,502.51,502.51,502.51,51.71,113.01,13.3,13.03,0.0327,0.1273,27.4,0.0
3003.0,0.3,4983.33,5.13,84.36,2334.42,168.98,168.98,168.98,168.98,168.98,502.41,502.41,502.41,502.41,502.41,51.7,113.0,13.29,13.03,0.0327,0.127,27.4,0.0
3004.0,0.3,4975.0,5.14,84.39,2333.1,168.96,168.96,168.96,168.96,168.96,502.3,502.3,502.3,502.3,502.3,51.68,113.0,13.28,13.03,0.0327,0.1268,27.39,0.0
3005.0,0.3,4966.67,5.16,84.41,2331.72,168.95,168.95,168.95,168.95,168.95,502.19,502.19,502.19,502.19,502.19,51.67,112.99,13.27,13.03,0.0327,0.1266,27.39,0.0
3006.0,0.3,4958.33,5.18,84.44,2330.32,168.93,168.93,168.93,168.93,168.93,502.06,502.06,502.06,502.06,502.06,51.65,112.99,13.26,13.03,0.0327,0.1264,27.39,0.0
3007.0,0.3,4950.0,5.19,84.46,2328.9,168.92,168.92,168.92,168.92,168.92,501.94,501.94,501.94,501.94,501.94,51.64,112.98,13.25,13.03,0.0327,0.1262,27.39,0.0
3008.0,0.3,4941.67,5.21,84.49,2327.47,168.9,168.9,168.9,168.9,168.9,501.8,501.8,501.8,501.8,501.8,51.62,112.97,13.24,13.03,0.0327,0.126,27.39,0.0
3009.0,0.3,4933.33,5.23,84.52,2326.04,168.88,168.88,168.88,168.88,168.88,501.67,501.67,501.67,501.67,501.67,51.6,112.97,13.23,13.02,0.0327,0.1257,27.38,0.0
3010.0,0.3,4925.0,5.24,84.54,2324.61,168.86,168.86,168.86,168.86,168.86,501.53,501.53,501.53,501.53,501.53,51.59,112.96,13.22,13.02,0.0327,0.1255,27.38,0.0
3011.0,0.3,4916.67,5.26,84.57,2323.18,168.85,168.85,168.85,168.85,168.85,501.38,501.38,501.38,501.38,501.38,51.57,112.95,13.22,13.02,0.0327,0.1253,27.38,0.0
3012.0,0.3,4908.33,5.28,84.6,2321.75,168.83,168.83,168.83,168.83,168.83,501.24,501.24,501.24,501.24,501.24,51.55,112.94,13.21,13.02,0.0327,0.1251,27.38,0.0
3013.0,0.3,4900.0,5.29,84.62,2320.31,168.81,168.81,168.81,168.81,168.81,501.09,501.09,501.09,501.09,501.09,51.53,112.94,13.2,13.02,0.0327,0.1249,27.38,0.0
3014.0,0.3,4891.67,5.31,84.65,2318.88,168.79,168.79,168.79,168.79,168.79,500.93,500.93,500.93,500.93,500.93,51.52,112.93,13.19,13.02,0.0326,0.1247,27.37,0.0
3015.0,0.3,4883.33,5.33,84.68,2317.45,168.77,168.77,168.77,168.77,168.77,500.78,500.78,500.78,500.78,500.78,51.5,112.92,13.18,13.02,0.0326,0.1244,27.37,0.0
3016.0,0.29,4875.0,5.34,84.7,2316.01,168.75,168.75,168.75,168.75,168.75,500.62,500.62,500.62,500.62,500.62,51.48,112.91,13.17,13.02,0.0326,0.1242,27.37,0.0
3017.0,0.29,4866.67,5.36,84.73,2314.58,168.73,168.73,168.73,168.73,168.73,500.46,500.46,500.46,500.46,500.46,51.46,112.9,13.16,13.02,0.0326,0.124,27.37,0.0
3018.0,0.29,4858.33,5.37,84.75,2313.15,168.71,168.71,168.71,168.71,168.71,500.3,500.3,500.3,500.3,500.3,51.45,112.89,13.15,13.02,0.0326,0.1238,27.36,0.0
3019.0,0.29,4850.0,5.39,84.78,2311.72,168.69,168.69,168.69,168.69,168.69,500.14,500.14,500.14,500.14,500.14,51.43,112.88,13.14,13.02,0.0326,0.1236,27.36,0.0
3020.0,0.29,4841.67,5.41,84.81,2310.28,168.66,168.66,168.66,168.66,168.66,499.98,499.98,499.98,499.98,499.98,51.41,112.88,13.13,13.02,0.0326,0.1234,27.36,0.0
3021.0,0.29,4833.33,5.42,84.83,2308.85,168.64,168.64,168.64,168.64,168.64,499.82,499.82,499.82,499.82,499.82,51.39,112.87,13.12,13.02,0.0326,0.1231,27.36,0.0
3022.0,0.29,4825.0,5.44,84.86,2307.42,168.62,168.62,168.62,168.62,168.62,499.66,499.66,499.66,499.66,499.66,51.38,112.86,13.12,13.02,0.0326,0.1229,27.36,0.0
3023.0,0.29,4816.67,5.46,84.89,2305.98,168.6,168.6,168.6,168.6,168.6,499.49,499.49,499.49,499.49,499.49,51.36,112.85,13.11,13.01,0.0326,0.1227,27.35,0.0
3024.0,0.29,4808.33,5.47,84.91,2304.55,168.57,168.57,168.57,168.57,168.57,499.33,499.33,499.33,499.33,499.33,51.34,112.84,13.1,13.01,0.0326,0.1225,27.35,0.0
3025.0,0.29,4800.0,5.49,84.94,2303.12,168.55,168.55,168.55,168.55,168.55,499.16,499.16,499.16,499.16,499.16,51.32,112.83,13.09,13.01,0.0326,0.1223,27.35,0.0
3026.0,0.29,4791.67,5.51,84.97,2301.69,168.53,168.53,168.53,168.53,168.53,498.99,498.99,498.99,498.99,498.99,51.31,112.82,13.08,13.01,0.0326,0.1221,27.35,0.0
3027.0,0.29,4783.33,5.52,84.99,2300.25,168.5,168.5,168.5,168.5,168.5,498.83,498.83,498.83,498.83,498.83,51.29,112.81,13.07,13.01,0.0325,0.1218,27.35,0.0
3028.0,0.29,4775.0,5.54,85.02,2298.82,168.48,168.48,168.48,168.48,168.48,498.66,498.66,498.66,498.66,498.66,51.27,112.8,13.06,13.01,0.0325,0.1216,27.34,0.0
3029.0,0.29,4766.67,5.56,85.05,2297.39,168.46,168.46,168.46,168.46,168.46,498.49,498.49,498.49,498.49,498.49,51.25,112.79,13.05,13.01,0.0325,0.1214,27.34,0.0
3030.0,0.29,4758.33,5.57,85.07,2295.95,168.43,168.43,168.43,168.43,168.43,498.32,498.32,498.32,498.32,498.32,51.24,112.78,13.04,13.01,0.0325,0.1212,27.34,0.0
3031.0,0.29,4750.0,5.59,85.1,2294.52,168.41,168.41,168.41,168.41,168.41,498.15,498.15,498.15,498.15,498.15,51.22,112.77,13.03,13.01,0.0325,0.121,27.34,0.0
3032.0,0.29,4741.67,5.61,85.12,2293.09,168.38,168.38,168.38,168.38,168.38,497.99,497.99,497.99,497.99,497.99,51.2,112.75,13.02,13.01,0.0325,0.1208,27.34,0.0
3033.0,0.29,4733.33,5.62,85.15,2291.66,168.36,168.36,168.36,168.36,168.36,497.82,497.82,497.82,497.82,497.82,51.18,112.74,13.02,13.01,0.0325,0.1206,27.33,0.0
3034.0,0.29,4725.0,5.64,85.18,2290.22,168.33,168.33,168.33,168.33,168.33,497.65,497.65,497.65,497.65,497.65,51.17,112.73,13.01,13.01,0.0325,0.1203,27.33,0.0
3035.0,0.29,4716.67,5.66,85.2,2288.79,168.31,168.31,168.31,168.31,168.31,497.48,497.48,497.48,497.48,497.48,51.15,112.72,13.0,13.01,0.0325,0.1201,27.33,0.0
3036.0,0.29,4708.33,5.67,85.23,2287.36,168.28,168.28,168.28,168.28,168.28,497.31,497.31,497.31,497.31,497.31,51.13,112.71,12.99,13.01,0.0325,0.1199,27.33,0.0
3037.0,0.29,4700.0,5.69,85.26,2285.93,168.25,168.25,168.25,168.25,168.25,497.14,497.14,497.14,497.14,497.14,51.11,112.7,12.98,13.0,0.0325,0.1197,27.32,0.0
3038.0,0.29,4691.67,5.7,85.28,2284.49,168.23,168.23,168.23,168.23,168.23,496.97,496.97,496.97,496.97,496.97,51.1,112.69,12.97,13.0,0.0325,0.1195,27.32,0.0
3039.0,0.29,4683.33,5.72,85.31,2283.06,168.2,168.2,168.2,168.2,168.2,496.8,496.8,496.8,496.8,496.8,51.08,112.68,12.96,13.0,0.0325,0.1193,27.32,0.0
3040.0,0.29,4675.0,5.74,85.34,2281.63,168.18,168.18,168.18,168.18,168.18,496.63,496.63,496.63,496.63,496.63,51.06,112.67,12.95,13.0,0.0324,0.1191,27.32,0.0
3041.0,0.29,4666.67,5.75,85.36,2280.2,168.15,168.15,168.15,168.15,168.15,496.46,496.46,496.46,496.46,496.46,51.04,112.65,12.94,13.0,0.0324,0.1188,27.32,0.0
3042.0,0.29,4658.33,5.77,85.39,2278.76,168.12,168.12,168.12,168.12,168.12,496.29,496.29,496.29,496.29,496.29,51.03,112.64,12.93,13.0,0.0324,0.1186,27.31,0.0
3043.0,0.29,4650.0,5.79,85.42,2277.33,168.09,168.09,168.09,168.09,168.09,496.12,496.12,496.12,496.12,496.12,51.01,112.63,12.92,13.0,0.0324,0.1184,27.31,0.0
3044.0,0.29,4641.67,5.8,85.44,2275.9,168.07,168.07,168.07,168.07,168.07,495.95,495.95,495.95,495.95,495.95,50.99,112.62,12.91,13.0,0.0324,0.1182,27.31,0.0
3045.0,0.29,4633.33,5.82,85.47,2274.47,168.04,168.04,168.04,168.04,168.04,495.78,495.78,495.78,495.78,495.78,50.97,112.61,12.91,13.0,0.0324,0.118,27.31,0.0
3046.0,0.28,4625.0,5.84,85.5,2273.03,168.01,168.01,168.01,168.01,168.01,495.61,495.61,495.61,495.61,495.61,50.96,112.6,12.9,13.0,0.0324,0.1178,27.31,0.0
3047.0,0.28,4616.67,5.85,85.52,2271.6,167.98,167.98,167.98,167.98,167.98,495.44,495.44,495.44,495.44,495.44,50.94,112.58,12.89,13.0,0.0324,0.1176,27.3,0.0
3048.0,0.28,4608.33,5.87,85.55,2270.17,167.96,167.96,167.96,167.96,167.96,495.27,495.27,495.27,495.27,495.27,50.92,112.57,12.88,13.0,0.0324,0.1174,27.3,0.0
3049.0,0.28,4600.0,5.89,85.58,2268.74,167.93,167.93,167.93,167.93,167.93,495.1,495.1,495.1,495.1,495.1,50.9,112.56,12.87,13.0,0.0324,0.1171,27.3,0.0
3050.0,0.28,4591.67,5.9,85.6,2267.3,167.9,167.9,167.9,167.9,167.9,494.93,494.93,494.93,494.93,494.93,50.89,112.55,12.86,13.0,0.0324,0.1169,27.3,0.0
3051.0,0.28,4583.33,5.92,85.63,2265.87,167.87,167.87,167.87,167.87,167.87,494.75,494.75,494.75,494.75,494.75,50.87,112.54,12.85,12.99,0.0324,0.1167,27.3,0.0
3052.0,0.28,4575.0,5.94,85.66,2264.44,167.84,167.84,167.84,167.84,167.84,494.58,494.58,494.58,494.58,494.58,50.85,112.52,12.84,12.99,0.0324,0.1165,27.29,0.0
3053.0,0.28,4566.67,5.95,85.68,2263.01,167.82,167.82,167.82,167.82,167.82,494.41,494.41,494.41,494.41,494.41,50.83,112.51,12.83,12.99,0.0323,0.1163,27.29,0.0
3054.0,0.28,4558.33,5.97,85.71,2261.58,167.79,167.79,167.79,167.79,167.79,494.24,494.24,494.24,494.24,494.24,50.82,112.5,12.82,12.99,0.0323,0.1161,27.29,0.0
3055.0,0.28,4550.0,5.99,85.74,2260.14,167.76,167.76,167.76,167.76,167.76,494.07,494.07,494.07,494.07,494.07,50.8,112.49,12.81,12.99,0.0323,0.1159,27.29,0.0
3056.0,0.28,4541.67,6.0,85.76,2258.71,167.73,167.73,167.73,167.73,167.73,493.9,493.9,493.9,493.9,493.9,50.78,112.48,12.8,12.99,0.0323,0.1157,27.29,0.0
3057.0,0.28,4533.33,6.02,85.79,2257.28,167.7,167.7,167.7,167.7,167.7,493.73,493.73,493.73,493.73,493.73,50.76,112.46,12.8,12.99,0.0323,0.1155,27.28,0.0
3058.0,0.28,4525.0,6.04,85.82,2255.85,167.67,167.67,167.67,167.67,167.67,493.56,493.56,493.56,493.56,493.56,50.75,112.45,12.79,12.99,0.0323,0.1153,27.28,0.0
3059.0,0.28,4516.67,6.05,85.84,2254.42,167.64,167.64,167.64,167.64,167.64,493.39,493.39,493.39,493.39,493.39,50.73,112.44,12.78,12.99,0.0323,0.115,27.28,0.0
3060.0,0.28,4508.33,6.07,85.87,2252.98,167.61,167.61,167.61,167.61,167.61,493.22,493.22,493.22,493.22,493.22,50.71,112.43,12.77,12.99,0.0323,0.1148,27.28,0.0
3061.0,0.28,4500.0,6.08,85.9,2251.55,167.58,167.58,167.58,167.58,167.58,493.05,493.05,493.05,493.05,493.05,50.69,112.41,12.76,12.99,0.0323,0.1146,27.27,0.0
3062.0,0.28,4491.67,6.1,85.92,2250.12,167.56,167.56,167.56,167.56,167.56,492.87,492.87,492.87,492.87,492.87,50.67,112.4,12.75,12.99,0.0323,0.1144,27.27,0.0
3063.0,0.28,4483.33,6.12,85.95,2248.69,167.53,167.53,167.53,167.53,167.53,492.7,492.7,492.7,492.7,492.7,50.66,112.39,12.74,12.99,0.0323,0.1142,27.27,0.0
3064.0,0.28,4475.0,6.13,85.98,2247.26,167.5,167.5,167.5,167.5,167.5,492.53,492.53,492.53,492.53,492.53,50.64,112.38,12.73,12.99,0.0323,0.114,27.27,0.0
3065.0,0.28,4466.67,6.15,86.0,2245.82,167.47,167.47,167.47,167.47,167.47,492.36,492.36,492.36,492.36,492.36,50.62,112.36,12.72,12.98,0.0322,0.1138,27.27,0.0
3066.0,0.28,4458.33,6.17,86.03,2244.39,167.44,167.44,167.44,167.44,167.44,492.19,492.19,492.19,492.19,492.19,50.6,112.35,12.71,12.98,0.0322,0.1136,27.26,0.0
3067.0,0.28,4450.0,6.18,86.06,2242.96,167.41,167.41,167.41,167.41,167.41,492.02,492.02,492.02,492.02,492.02,50.59,112.34,12.7,12.98,0.0322,0.1134,27.26,0.0
3068.0,0.28,4441.67,6.2,86.08,2241.53,167.38,167.38,167.38,167.38,167.38,491.85,491.85,491.85,491.85,491.85,50.57,112.33,12.69,12.98,0.0322,0.1132,27.26,0.0
3069.0,0.28,4433.33,6.22,86.11,2240.1,167.35,167.35,167.35,167.35,167.35,491.68,491.68,491.68,491.68,491.68,50.55,112.31,12.68,12.98,0.0322,0.113,27.26,0.0
3070.0,0.28,4425.0,6.23,86.14,2238.66,167.32,167.32,167.32,167.32,167.32,491.5,491.5,491.5,491.5,491.5,50.53,112.3,12.68,12.98,0.0322,0.1127,27.26,0.0
3071.0,0.28,4416.67,6.25,86.16,2237.23,167.29,167.29,167.29,167.29,167.29,491.33,491.33,491.33,491.33,491.33,50.52,112.29,12.67,12.98,0.0322,0.1125,27.25,0.0
3072.0,0.28,4408.33,6.27,86.19,2235.8,167.26,167.26,167.26,167.26,167.26,491.16,491.16,491.16,491.16,491.16,50.5,112.28,12.66,12.98,0.0322,0.1123,27.25,0.0
3073.0,0.28,4400.0,6.28,86.22,2234.37,167.23,167.23,167.23,167.23,167.23,490.99,490.99,490.99,490.99,490.99,50.48,112.26,12.65,12.98,0.0322,0.1121,27.25,0.0
3074.0,0.28,4391.67,6.3,86.24,2232.94,167.2,167.2,167.2,167.2,167.2,490.82,490.82,490.82,490.82,490.82,50.46,112.25,12.64,12.98,0.0322,0.1119,27.25,0.0
3075.0,0.28,4383.33,6.32,86.27,2231.5,167.17,167.17,167.17,167.17,167.17,490.65,490.65,490.65,490.65,490.65,50.45,112.24,12.63,12.98,0.0322,0.1117,27.25,0.0
3076.0,0.27,4375.0,6.33,86.3,2230.07,167.14,167.14,167.14,167.14,167.14,490.48,490.48,490.48,490.48,490.48,50.43,112.22,12.62,12.98,0.0322,0.1115,27.24,0.0
3077.0,0.27,4366.67,6.35,86.32,2228.64,167.1,167.1,167.1,167.1,167.1,490.3,490.3,490.3,490.3,490.3,50.41,112.21,12.61,12.98,0.0322,0.1113,27.24,0.0
3078.0,0.27,4358.33,6.37,86.35,2227.21,167.07,167.07,167.07,167.07,167.07,490.13,490.13,490.13,490.13,490.13,50.39,112.2,12.6,12.98,0.0321,0.1111,27.24,0.0
3079.0,0.27,4350.0,6.38,86.38,2225.78,167.04,167.04,167.04,167.04,167.04,489.96,489.96,489.96,489.96,489.96,50.38,112.19,12.59,12.97,0.0321,0.1109,27.24,0.0
3080.0,0.27,4341.67,6.4,86.4,2224.35,167.01,167.01,167.01,167.01,167.01,489.79,489.79,489.79,489.79,489.79,50.36,112.17,12.58,12.97,0.0321,0.1107,27.24,0.0
3081.0,0.27,4333.33,6.41,86.43,2222.91,166.98,166.98,166.98,166.98,166.98,489.62,489.62,489.62,489.62,489.62,50.34,112.16,12.57,12.97,0.0321,0.1105,27.23,0.0
3082.0,0.27,4325.0,6.43,86.46,2221.48,166.95,166.95,166.95,166.95,166.95,489.45,489.45,489.45,489.45,489.45,50.32,112.15,12.56,12.97,0.0321,0.1103,27.23,0.0
3083.0,0.27,4316.67,6.45,86.49,2220.05,166.92,166.92,166.92,166.92,166.92,489.27,489.27,489.27,489.27,489.27,50.31,112.13,12.55,12.97,0.0321,0.1101,27.23,0.0
3084.0,0.27,4308.33,6.46,86.51,2218.62,166.89,166.89,166.89,166.89,166.89,489.1,489.1,489.1,489.1,489.1,50.29,112.12,12.55,12.97,0.0321,0.1099,27.23,0.0
3085.0,0.27,4300.0,6.48,86.54,2217.19,166.86,166.86,166.86,166.86,166.86,488.93,488.93,488.93,488.93,488.93,50.27,112.11,12.54,12.97,0.0321,0.1097,27.23,0.0
3086.0,0.27,4291.67,6.5,86.57,2215.76,166.83,166.83,166.83,166.83,166.83,488.76,488.76,488.76,488.76,488.76,50.25,112.1,12.53,12.97,0.0321,0.1094,27.22,0.0
3087.0,0.27,4283.33,6.51,86.59,2214.33,166.8,166.8,166.8,166.8,166.8,488.59,488.59,488.59,488.59,488.59,50.24,112.08,12.52,12.97,0.0321,0.1092,27.22,0.0
3088.0,0.27,4275.0,6.53,86.62,2212.89,166.76,166.76,166.76,166.76,166.76,488.42,488.42,488.42,488.42,488.42,50.22,112.07,12.51,12.97,0.0321,0.109,27.22,0.0
3089.0,0.27,4266.67,6.55,86.65,2211.46,166.73,166.73,166.73,166.73,166.73,488.24,488.24,488.24,488.24,488.24,50.2,112.06,12.5,12.97,0.0321,0.1088,27.22,0.0
3090.0,0.27,4258.33,6.56,86.67,2210.03,166.7,166.7,166.7,166.7,166.7,488.07,488.07,488.07,488.07,488.07,50.18,112.04,12.49,12.97,0.0321,0.1086,27.21,0.0
3091.0,0.27,4250.0,6.58,86.7,2208.6,166.67,166.67,166.67,166.67,166.67,487.9,487.9,487.9,487.9,487.9,50.16,112.03,12.48,12.97,0.032,0.1084,27.21,0.0
3092.0,0.27,4241.67,6.6,86.73,2207.17,166.64,166.64,166.64,166.64,166.64,487.73,487.73,487.73,487.73,487.73,50.15,112.02,12.47,12.97,0.032,0.1082,27.21,0.0
3093.0,0.27,4233.33,6.61,86.75,2205.74,166.61,166.61,166.61,166.61,166.61,487.56,487.56,487.56,487.56,487.56,50.13,112.0,12.46,12.97,0.032,0.108,27.21,0.0
3094.0,0.27,4225.0,6.63,86.78,2204.31,166.58,166.58,166.58,166.58,166.58,487.38,487.38,487.38,487.38,487.38,50.11,111.99,12.45,12.96,0.032,0.1078,27.21,0.0
3095.0,0.27,4216.67,6.65,86.81,2202.88,166.55,166.55,166.55,166.55,166.55,487.21,487.21,487.21,487.21,487.21,50.09,111.98,12.44,12.96,0.032,0.1076,27.2,0.0
3096.0,0.27,4208.33,6.66,86.83,2201.44,166.51,166.51,166.51,166.51,166.51,487.04,487.04,487.04,487.04,487.04,50.08,111.97,12.43,12.96,0.032,0.1074,27.2,0.0
3097.0,0.27,4200.0,6.68,86.86,2200.01,166.48,166.48,166.48,166.48,166.48,486.87,486.87,486.87,486.87,486.87,50.06,111.95,12.42,12.96,0.032,0.1072,27.2,0.0
3098.0,0.27,4191.67,6.7,86.89,2198.58,166.45,166.45,166.45,166.45,166.45,486.7,486.7,486.7,486.7,486.7,50.04,111.94,12.41,12.96,0.032,0.107,27.2,0.0
3099.0,0.27,4183.33,6.71,86.92,2197.15,166.42,166.42,166.42,166.42,166.42,486.53,486.53,486.53,486.53,486.53,50.02,111.93,12.4,12.96,0.032,0.1068,27.2,0.0
3100.0,0.27,4175.0,6.73,86.94,2195.72,166.39,166.39,166.39,166.39,166.39,486.35,486.35,486.35,486.35,486.35,50.01,111.91,12.4,12.96,0.032,0.1066,27.19,0.0
3101.0,0.27,4166.67,6.75,86.97,2194.29,166.36,166.36,166.36,166.36,166.36,486.18,486.18,486.18,486.18,486.18,49.99,111.9,12.39,12.96,0.032,0.1064,27.19,0.0
3102.0,0.27,4158.33,6.76,87.0,2192.86,166.32,166.32,166.32,166.32,166.32,486.01,486.01,486.01,486.01,486.01,49.97,111.89,12.38,12.96,0.032,0.1062,27.19,0.0
3103.0,0.27,4150.0,6.78,87.02,2191.43,166.29,166.29,166.29,166.29,166.29,485.84,485.84,485.84,485.84,485.84,49.95,111.87,12.37,12.96,0.032,0.106,27.19,0.0
3104.0,0.27,4141.67,6.79,87.05,2189.99,166.26,166.26,166.26,166.26,166.26,485.66,485.66,485.66,485.66,485.66,49.94,111.86,12.36,12.96,0.0319,0.1058,27.19,0.0
3105.0,0.27,4133.33,6.81,87.08,2188.56,166.23,166.23,166.23,166.23,166.23,485.49,485.49,485.49,485.49,485.49,49.92,111.85,12.35,12.96,0.0319,0.1056,27.18,0.0
3106.0,0.27,4125.0,6.83,87.1,2187.13,166.2,166.2,166.2,166.2,166.2,485.32,485.32,485.32,485.32,485.32,49.9,111.83,12.34,12.96,0.0319,0.1054,27.18,0.0
3107.0,0.26,4116.67,6.84,87.13,2185.7,166.17,166.17,166.17,166.17,166.17,485.15,485.15,485.15,485.15,485.15,49.88,111.82,12.33,12.96,0.0319,0.1052,27.18,0.0
3108.0,0.26,4108.33,6.86,87.16,2184.27,166.13,166.13,166.13,166.13,166.13,484.98,484.98,484.98,484.98,484.98,49.87,111.81,12.32,12.95,0.0319,0.105,27.18,0.0
3109.0,0.26,4100.0,6.88,87.19,2182.84,166.1,166.1,166.1,166.1,166.1,484.8,484.8,484.8,484.8,484.8,49.85,111.79,12.31,12.95,0.0319,0.1048,27.18,0.0
3110.0,0.26,4091.67,6.89,87.21,2181.41,166.07,166.07,166.07,166.07,166.07,484.63,484.63,484.63,484.63,484.63,49.83,111.78,12.3,12.95,0.0319,0.1046,27.17,0.0
3111.0,0.26,4083.33,6.91,87.24,2179.98,166.04,166.04,166.04,166.04,166.04,484.46,484.46,484.46,484.46,484.46,49.81,111.77,12.29,12.95,0.0319,0.1044,27.17,0.0
3112.0,0.26,4075.0,6.93,87.27,2178.55,166.01,166.01,166.01,166.01,166.01,484.29,484.29,484.29,484.29,484.29,49.8,111.76,12.28,12.95,0.0319,0.1042,27.17,0.0
3113.0,0.26,4066.67,6.94,87.29,2177.12,165.97,165.97,165.97,165.97,165.97,484.11,484.11,484.11,484.11,484.11,49.78,111.74,12.27,12.95,0.0319,0.104,27.17,0.0
3114.0,0.26,4058.33,6.96,87.32,2175.68,165.94,165.94,165.94,165.94,165.94,483.94,483.94,483.94,483.94,483.94,49.76,111.73,12.26,12.95,0.0319,0.1038,27.16,0.0
3115.0,0.26,4050.0,6.98,87.35,2174.25,165.91,165.91,165.91,165.91,165.91,483.77,483.77,483.77,483.77,483.77,49.74,111.72,12.25,12.95,0.0319,0.1036,27.16,0.0
3116.0,0.26,4041.67,6.99,87.37,2172.82,165.88,165.88,165.88,165.88,165.88,483.6,483.6,483.6,483.6,483.6,49.72,111.7,12.24,12.95,0.0319,0.1034,27.16,0.0
3117.0,0.26,4033.33,7.01,87.4,2171.39,165.84,165.84,165.84,165.84,165.84,483.43,483.43,483.43,483.43,483.43,49.71,111.69,12.24,12.95,0.0318,0.1032,27.16,0.0
3118.0,0.26,4025.0,7.03,87.43,2169.96,165.81,165.81,165.81,165.81,165.81,483.25,483.25,483.25,483.25,483.25,49.69,111.68,12.23,12.95,0.0318,0.103,27.16,0.0
3119.0,0.26,4016.67,7.04,87.46,2168.53,165.78,165.78,165.78,165.78,165.78,483.08,483.08,483.08,483.08,483.08,49.67,111.66,12.22,12.95,0.0318,0.1028,27.15,0.0
3120.0,0.26,4008.33,7.06,87.48,2167.1,165.75,165.75,165.75,165.75,165.75,482.91,482.91,482.91,482.91,482.91,49.65,111.65,12.21,12.95,0.0318,0.1026,27.15,0.0
3121.0,0.26,4000.0,7.08,87.51,2165.67,165.72,165.72,165.72,165.72,165.72,482.74,482.74,482.74,482.74,482.74,49.64,111.64,12.2,12.95,0.0318,0.1024,27.15,0.0
3122.0,0.26,3991.67,7.09,87.54,2164.24,165.68,165.68,165.68,165.68,165.68,482.56,482.56,482.56,482.56,482.56,49.62,111.62,12.19,12.95,0.0318,0.1022,27.15,0.0
3123.0,0.26,3983.33,7.11,87.56,2162.81,165.65,165.65,165.65,165.65,165.65,482.39,482.39,482.39,482.39,482.39,49.6,111.61,12.18,12.94,0.0318,0.102,27.15,0.0
3124.0,0.26,3975.0,7.12,87.59,2161.38,165.62,165.62,165.62,165.62,165.62,482.22,482.22,482.22,482.22,482.22,49.58,111.6,12.17,12.94,0.0318,0.1018,27.14,0.0
3125.0,0.26,3966.67,7.14,87.62,2159.95,165.59,165.59,165.59,165.59,165.59,482.05,482.05,482.05,482.05,482.05,49.57,111.58,12.16,12.94,0.0318,0.1016,27.14,0.0
3126.0,0.26,3958.33,7.16,87.65,2158.52,165.55,165.55,165.55,165.55,165.55,481.87,481.87,481.87,481.87,481.87,49.55,111.57,12.15,12.94,0.0318,0.1014,27.14,0.0
3127.0,0.26,3950.0,7.17,87.67,2157.09,165.52,165.52,165.52,165.52,165.52,481.7,481.7,481.7,481.7,481.7,49.53,111.56,12.14,12.94,0.0318,0.1012,27.14,0.0
3128.0,0.26,3941.67,7.19,87.7,2155.66,165.49,165.49,165.49,165.49,165.49,481.53,481.53,481.53,481.53,481.53,49.51,111.54,12.13,12.94,0.0318,0.101,27.14,0.0
3129.0,0.26,3933.33,7.21,87.73,2154.22,165.46,165.46,165.46,165.46,165.46,481.35,481.35,481.35,481.35,481.35,49.5,111.53,12.12,12.94,0.0318,0.1008,27.13,0.0
3130.0,0.26,3925.0,7.22,87.75,2152.79,165.42,165.42,165.42,165.42,165.42,481.18,481.18,481.18,481.18,481.18,49.48,111.52,12.11,12.94,0.0317,0.1006,27.13,0.0
3131.0,0.26,3916.67,7.24,87.78,2151.36,165.39,165.39,165.39,165.39,165.39,481.01,481.01,481.01,481.01,481.01,49.46,111.5,12.1,12.94,0.0317,0.1004,27.13,0.0
3132.0,0.26,3908.33,7.26,87.81,2149.93,165.36,165.36,165.36,165.36,165.36,480.84,480.84,480.84,480.84,480.84,49.44,111.49,12.09,12.94,0.0317,0.1002,27.13,0.0
3133.0,0.26,3900.0,7.27,87.84,2148.5,165.33,165.33,165.33,165.33,165.33,480.66,480.66,480.66,480.66,480.66,49.42,111.48,12.08,12.94,0.0317,0.1,27.13,0.0
3134.0,0.26,3891.67,7.29,87.86,2147.07,165.29,165.29,165.29,165.29,165.29,480.49,480.49,480.49,480.49,480.49,49.41,111.46,12.07,12.94,0.0317,0.0998,27.12,0.0
3135.0,0.26,3883.33,7.31,87.89,2145.64,165.26,165.26,165.26,165.26,165.26,480.32,480.32,480.32,480.32,480.32,49.39,111.45,12.06,12.94,0.0317,0.0996,27.12,0.0
3136.0,0.26,3875.0,7.32,87.92,2144.21,165.23,165.23,165.23,165.23,165.23,480.15,480.15,480.15,480.15,480.15,49.37,111.44,12.06,12.94,0.0317,0.0994,27.12,0.0
3137.0,0.25,3866.67,7.34,87.94,2142.78,165.2,165.2,165.2,165.2,165.2,479.97,479.97,479.97,479.97,479.97,49.35,111.43,12.05,12.93,0.0317,0.0992,27.12,0.0
3138.0,0.25,3858.33,7.36,87.97,2141.35,165.16,165.16,165.16,165.16,165.16,479.8,479.8,479.8,479.8,479.8,49.34,111.41,12.04,12.93,0.0317,0.099,27.11,0.0
3139.0,0.25,3850.0,7.37,88.0,2139.92,165.13,165.13,165.13,165.13,165.13,479.63,479.63,479.63,479.63,479.63,49.32,111.4,12.03,12.93,0.0317,0.0988,27.11,0.0
3140.0,0.25,3841.67,7.39,88.03,2138.49,165.1,165.1,165.1,165.1,165.1,479.45,479.45,479.45,479.45,479.45,49.3,111.39,12.02,12.93,0.0317,0.0986,27.11,0.0
3141.0,0.25,3833.33,7.41,88.05,2137.06,165.07,165.07,165.07,165.07,165.07,479.28,479.28,479.28,479.28,479.28,49.28,111.37,12.01,12.93,0.0317,0.0984,27.11,0.0
3142.0,0.25,3825.0,7.42,88.08,2135.63,165.03,165.03,165.03,165.03,165.03,479.11,479.11,479.11,479.11,479.11,49.27,111.36,12.0,12.93,0.0316,0.0982,27.11,0.0
3143.0,0.25,3816.67,7.44,88.11,2134.2,165.0,165.0,165.0,165.0,165.0,478.94,478.94,478.94,478.94,478.94,49.25,111.35,11.99,12.93,0.0316,0.098,27.1,0.0
3144.0,0.25,3808.33,7.45,88.14,2132.77,164.97,164.97,164.97,164.97,164.97,478.76,478.76,478.76,478.76,478.76,49.23,111.33,11.98,12.93,0.0316,0.0978,27.1,0.0
3145.0,0.25,3800.0,7.47,88.16,2131.34,164.94,164.94,164.94,164.94,164.94,478.59,478.59,478.59,478.59,478.59,49.21,111.32,11.97,12.93,0.0316,0.0977,27.1,0.0
3146.0,0.25,3791.67,7.49,88.19,2129.91,164.9,164.9,164.9,164.9,164.9,478.42,478.42,478.42,478.42,478.42,49.2,111.31,11.96,12.93,0.0316,0.0975,27.1,0.0
3147.0,0.25,3783.33,7.5,88.22,2128.48,164.87,164.87,164.87,164.87,164.87,478.24,478.24,478.24,478.24,478.24,49.18,111.29,11.95,12.93,0.0316,0.0973,27.1,0.0
3148.0,0.25,3775.0,7.52,88.24,2127.05,164.84,164.84,164.84,164.84,164.84,478.07,478.07,478.07,478.07,478.07,49.16,111.28,11.94,12.93,0.0316,0.0971,27.09,0.0
3149.0,0.25,3766.67,7.54,88.27,2125.62,164.8,164.8,164.8,164.8,164.8,477.9,477.9,477.9,477.9,477.9,49.14,111.27,11.93,12.93,0.0316,0.0969,27.09,0.0
3150.0,0.25,3758.33,7.55,88.3,2124.19,164.77,164.77,164.77,164.77,164.77,477.72,477.72,477.72,477.72,477.72,49.12,111.25,11.92,12.93,0.0316,0.0967,27.09,0.0
3151.0,0.25,3750.0,7.57,88.33,2122.76,164.74,164.74,164.74,164.74,164.74,477.55,477.55,477.55,477.55,477.55,49.11,111.24,11.91,12.93,0.0316,0.0965,27.09,0.0
3152.0,0.25,3741.67,7.59,88.35,2121.25,164.71,164.71,164.71,164.71,164.71,477.38,477.38,477.38,477.38,477.38,49.09,111.23,11.9,12.92,0.0316,0.0963,27.09,0.0
3153.0,0.25,3733.33,7.6,88.38,2119.69,164.67,164.67,164.67,164.67,164.67,477.21,477.21,477.21,477.21,477.21,49.07,111.21,11.9,12.92,0.0316,0.0961,27.08,0.0
3154.0,0.25,3725.0,7.62,88.41,2118.12,164.64,164.64,164.64,164.64,164.64,477.04,477.04,477.04,477.04,477.04,49.05,111.2,11.89,12.92,0.0316,0.0959,27.08,0.0
3155.0,0.25,3716.67,7.64,88.44,2116.53,164.61,164.61,164.61,164.61,164.61,476.87,476.87,476.87,476.87,476.87,49.04,111.19,11.88,12.92,0.0315,0.0957,27.08,0.0
3156.0,0.25,3708.33,7.65,88.46,2114.94,164.58,164.58,164.58,164.58,164.58,476.7,476.7,476.7,476.7,476.7,49.02,111.17,11.87,12.92,0.0315,0.0955,27.08,0.0
3157.0,0.25,3700.0,7.67,88.49,2113.35,164.54,164.54,164.54,164.54,164.54,476.53,476.53,476.53,476.53,476.53,49.0,111.16,11.86,12.92,0.0315,0.0953,27.07,0.0
3158.0,0.25,3691.67,7.69,88.52,2111.75,164.51,164.51,164.51,164.51,164.51,476.36,476.36,476.36,476.36,476.36,48.98,111.15,11.86,12.92,0.0315,0.0951,27.07,0.0
3159.0,0.25,3683.33,7.7,88.54,2110.15,164.48,164.48,164.48,164.48,164.48,476.19,476.19,476.19,476.19,476.19,48.97,111.13,11.85,12.92,0.0315,0.0949,27.07,0.0
3160.0,0.25,3675.0,7.72,88.57,2108.55,164.45,164.45,164.45,164.45,164.45,476.02,476.02,476.02,476.02,476.02,48.95,111.12,11.84,12.92,0.0315,0.0947,27.07,0.0
3161.0,0.25,3666.67,7.74,88.6,2106.95,164.42,164.42,164.42,164.42,164.42,475.86,475.86,475.86,475.86,475.86,48.93,111.11,11.83,12.92,0.0315,0.0945,27.06,0.0
3162.0,0.25,3658.33,7.75,88.63,2105.35,164.38,164.38,164.38,164.38,164.38,475.69,475.69,475.69,475.69,475.69,48.91,111.09,11.82,12.92,0.0315,0.0943,27.06,0.0
3163.0,0.25,3650.0,7.77,88.65,2103.75,164.35,164.35,164.35,164.35,164.35,475.52,475.52,475.52,475.52,475.52,48.9,111.08,11.82,12.91,0.0315,0.0941,27.06,0.0
3164.0,0.25,3641.67,7.79,88.68,2102.15,164.32,164.32,164.32,164.32,164.32,475.36,475.36,475.36,475.36,475.36,48.88,111.07,11.81,12.91,0.0315,0.0939,27.06,0.0
3165.0,0.25,3633.33,7.8,88.71,2100.55,164.29,164.29,164.29,164.29,164.29,475.19,475.19,475.19,475.19,475.19,48.86,111.06,11.8,12.91,0.0315,0.0937,27.06,0.0
3166.0,0.24,3625.0,7.82,88.74,2098.94,164.26,164.26,164.26,164.26,164.26,475.02,475.02,475.02,475.02,475.02,48.84,111.04,11.79,12.91,0.0314,0.0935,27.05,0.0
3167.0,0.24,3616.67,7.83,88.76,2097.34,164.23,164.23,164.23,164.23,164.23,474.86,474.86,474.86,474.86,474.86,48.82,111.03,11.78,12.91,0.0314,0.0933,27.05,0.0
3168.0,0.24,3608.33,7.85,88.79,2095.74,164.2,164.2,164.2,164.2,164.2,474.69,474.69,474.69,474.69,474.69,48.81,111.02,11.78,12.91,0.0314,0.0931,27.05,0.0
3169.0,0.24,3600.0,7.87,88.82,2094.13,164.16,164.16,164.16,164.16,164.16,474.53,474.53,474.53,474.53,474.53,48.79,111.0,11.77,12.91,0.0314,0.0929,27.05,0.0
3170.0,0.24,3591.67,7.88,88.85,2092.53,164.13,164.13,164.13,164.13,164.13,474.36,474.36,474.36,474.36,474.36,48.77,110.99,11.76,12.91,0.0314,0.0927,27.04,0.0
3171.0,0.24,3583.33,7.9,88.87,2090.93,164.1,164.1,164.1,164.1,164.1,474.19,474.19,474.19,474.19,474.19,48.75,110.98,11.75,12.91,0.0314,0.0925,27.04,0.0
3172.0,0.24,3575.0,7.92,88.9,2089.32,164.07,164.07,164.07,164.07,164.07,474.03,474.03,474.03,474.03,474.03,48.74,110.97,11.74,12.91,0.0314,0.0923,27.04,0.0
3173.0,0.24,3566.67,7.93,88.93,2087.71,164.04,164.04,164.04,164.04,164.04,473.86,473.86,473.86,473.86,473.86,48.72,110.95,11.74,12.91,0.0314,0.0921,27.04,0.0
3174.0,0.24,3558.33,7.95,88.96,2086.11,164.01,164.01,164.01,164.01,164.01,473.7,473.7,473.7,473.7,473.7,48.7,110.94,11.73,12.91,0.0314,0.0919,27.03,0.0
3175.0,0.24,3550.0,7.97,88.98,2084.5,163.98,163.98,163.98,163.98,163.98,473.53,473.53,473.53,473.53,473.53,48.68,110.93,11.72,12.9,0.0314,0.0917,27.03,0.0
3176.0,0.24,3541.67,7.98,89.01,2082.9,163.95,163.95,163.95,163.95,163.95,473.37,473.37,473.37,473.37,473.37,48.67,110.91,11.71,12.9,0.0314,0.0915,27.03,0.0
3177.0,0.24,3533.33,8.0,89.04,2081.29,163.92,163.92,163.92,163.92,163.92,473.2,473.2,473.2,473.2,473.2,48.65,110.9,11.71,12.9,0.0314,0.0913,27.03,0.0
3178.0,0.24,3525.0,8.02,89.07,2079.68,163.89,163.89,163.89,163.89,163.89,473.04,473.04,473.04,473.04,473.04,48.63,110.89,11.7,12.9,0.0313,0.0911,27.02,0.0
3179.0,0.24,3516.67,8.03,89.09,2078.07,163.86,163.86,163.86,163.86,163.86,472.87,472.87,472.87,472.87,472.87,48.61,110.88,11.69,12.9,0.0313,0.0909,27.02,0.0
3180.0,0.24,3508.33,8.05,89.12,2076.47,163.82,163.82,163.82,163.82,163.82,472.71,472.71,472.71,472.71,472.71,48.59,110.86,11.68,12.9,0.0313,0.0907,27.02,0.0
3181.0,0.24,3500.0,8.07,89.15,2074.86,163.79,163.79,163.79,163.79,163.79,472.54,472.54,472.54,472.54,472.54,48.58,110.85,11.67,12.9,0.0313,0.0905,27.02,0.0
3182.0,0.24,3491.67,8.08,89.18,2073.25,163.76,163.76,163.76,163.76,163.76,472.38,472.38,472.38,472.38,472.38,48.56,110.84,11.67,12.9,0.0313,0.0903,27.02,0.0
3183.0,0.24,3483.33,8.1,89.2,2071.64,163.73,163.73,163.73,163.73,163.73,472.21,472.21,472.21,472.21,472.21,48.54,110.83,11.66,12.9,0.0313,0.0901,27.01,0.0
3184.0,0.24,3475.0,8.12,89.23,2070.03,163.7,163.7,163.7,163.7,163.7,472.05,472.05,472.05,472.05,472.05,48.52,110.81,11.65,12.9,0.0313,0.09,27.01,0.0
3185.0,0.24,3466.67,8.13,89.26,2068.42,163.67,163.67,163.67,163.67,163.67,471.88,471.88,471.88,471.88,471.88,48.51,110.8,11.64,12.9,0.0313,0.0898,27.01,0.0
3186.0,0.24,3458.33,8.15,89.29,2066.81,163.64,163.64,163.64,163.64,163.64,471.71,471.71,471.71,471.71,471.71,48.49,110.79,11.63,12.9,0.0313,0.0896,27.01,0.0
3187.0,0.24,3450.0,8.16,89.31,2065.2,163.61,163.61,163.61,163.61,163.61,471.55,471.55,471.55,471.55,471.55,48.47,110.77,11.63,12.89,0.0313,0.0894,27.0,0.0
3188.0,0.24,3441.67,8.18,89.34,2063.58,163.58,163.58,163.58,163.58,163.58,471.38,471.38,471.38,471.38,471.38,48.45,110.76,11.62,12.89,0.0313,0.0892,27.0,0.0
3189.0,0.24,3433.33,8.2,89.37,2061.97,163.55,163.55,163.55,163.55,163.55,471.22,471.22,471.22,471.22,471.22,48.44,110.75,11.61,12.89,0.0312,0.089,27.0,0.0
3190.0,0.24,3425.0,8.21,89.4,2060.36,163.52,163.52,163.52,163.52,163.52,471.05,471.05,471.05,471.05,471.05,48.42,110.74,11.6,12.89,0.0312,0.0888,27.0,0.0
3191.0,0.24,3416.67,8.23,89.42,2058.75,163.49,163.49,163.49,163.49,163.49,470.89,470.89,470.89,470.89,470.89,48.4,110.72,11.59,12.89,0.0312,0.0886,26.99,0.0
3192.0,0.24,3408.33,8.25,89.45,2057.13,163.46,163.46,163.46,163.46,163.46,470.72,470.72,470.72,470.72,470.72,48.38,110.71,11.59,12.89,0.0312,0.0884,26.99,0.0
3193.0,0.24,3400.0,8.26,89.48,2055.52,163.43,163.43,163.43,163.43,163.43,470.56,470.56,470.56,470.56,470.56,48.36,110.7,11.58,12.89,0.0312,0.0882,26.99,0.0
3194.0,0.24,3391.67,8.28,89.51,2053.91,163.4,163.4,163.4,163.4,163.4,470.39,470.39,470.39,470.39,470.39,48.35,110.69,11.57,12.89,0.0312,0.088,26.99,0.0
3195.0,0.24,3383.33,8.3,89.53,2052.29,163.37,163.37,163.37,163.37,163.37,470.23,470.23,470.23,470.23,470.23,48.33,110.67,11.56,12.89,0.0312,0.0878,26.99,0.0
3196.0,0.23,3375.0,8.31,89.56,2050.68,163.34,163.34,163.34,163.34,163.34,470.06,470.06,470.06,470.06,470.06,48.31,110.66,11.56,12.89,0.0312,0.0876,26.98,0.0
3197.0,0.23,3366.67,8.33,89.59,2049.06,163.31,163.31,163.31,163.31,163.31,469.9,469.9,469.9,469.9,469.9,48.29,110.65,11.55,12.89,0.0312,0.0874,26.98,0.0
3198.0,0.23,3358.33,8.35,89.62,2047.45,163.28,163.28,163.28,163.28,163.28,469.73,469.73,469.73,469.73,469.73,48.28,110.64,11.54,12.88,0.0312,0.0872,26.98,0.0
3199.0,0.23,3350.0,8.36,89.64,2045.83,163.25,163.25,163.25,163.25,163.25,469.57,469.57,469.57,469.57,469.57,48.26,110.62,11.53,12.88,0.0312,0.087,26.98,0.0
3200.0,0.23,3341.67,8.38,89.67,2044.21,163.22,163.22,163.22,163.22,163.22,469.4,469.4,469.4,469.4,469.4,48.24,110.61,11.52,12.88,0.0312,0.0868,26.97,0.0
3201.0,0.23,3333.33,8.4,89.7,2042.6,163.19,163.19,163.19,163.19,163.19,469.24,469.24,469.24,469.24,469.24,48.22,110.6,11.52,12.88,0.0311,0.0867,26.97,0.0
3202.0,0.23,3325.0,8.41,89.73,2040.98,163.16,163.16,163.16,163.16,163.16,469.07,469.07,469.07,469.07,469.07,48.2,110.59,11.51,12.88,0.0311,0.0865,26.97,0.0
3203.0,0.23,3316.67,8.43,89.76,2039.36,163.13,163.13,163.13,163.13,163.13,468.91,468.91,468.91,468.91,468.91,48.19,110.57,11.5,12.88,0.0311,0.0863,26.97,0.0
3204.0,0.23,3308.33,8.45,89.78,2037.74,163.1,163.1,163.1,163.1,163.1,468.74,468.74,468.74,468.74,468.74,48.17,110.56,11.49,12.88,0.0311,0.0861,26.96,0.0
3205.0,0.23,3300.0,8.46,89.81,2036.12,163.07,163.07,163.07,163.07,163.07,468.58,468.58,468.58,468.58,468.58,48.15,110.55,11.48,12.88,0.0311,0.0859,26.96,0.0
3206.0,0.23,3291.67,8.48,89.84,2034.5,163.04,163.04,163.04,163.04,163.04,468.41,468.41,468.41,468.41,468.41,48.13,110.54,11.48,12.88,0.0311,0.0857,26.96,0.0
3207.0,0.23,3283.33,8.5,89.87,2032.88,163.01,163.01,163.01,163.01,163.01,468.25,468.25,468.25,468.25,468.25,48.12,110.52,11.47,12.88,0.0311,0.0855,26.96,0.0
3208.0,0.23,3275.0,8.51,89.89,2031.26,162.98,162.98,162.98,162.98,162.98,468.08,468.08,468.08,468.08,468.08,48.1,110.51,11.46,12.88,0.0311,0.0853,26.95,0.0
3209.0,0.23,3266.67,8.53,89.92,2029.64,162.95,162.95,162.95,162.95,162.95,467.92,467.92,467.92,467.92,467.92,48.08,110.5,11.45,12.88,0.0311,0.0851,26.95,0.0
3210.0,0.23,3258.33,8.54,89.95,2028.02,162.92,162.92,162.92,162.92,162.92,467.75,467.75,467.75,467.75,467.75,48.06,110.49,11.44,12.87,0.0311,0.0849,26.95,0.0
3211.0,0.23,3250.0,8.56,89.98,2026.4,162.89,162.89,162.89,162.89,162.89,467.59,467.59,467.59,467.59,467.59,48.05,110.47,11.44,12.87,0.0311,0.0847,26.95,0.0
3212.0,0.23,3241.67,8.58,90.0,2024.78,162.86,162.86,162.86,162.86,162.86,467.42,467.42,467.42,467.42,467.42,48.03,110.46,11.43,12.87,0.031,0.0845,26.95,0.0
3213.0,0.23,3233.33,8.59,90.03,2023.16,162.83,162.83,162.83,162.83,162.83,467.26,467.26,467.26,467.26,467.26,48.01,110.45,11.42,12.87,0.031,0.0844,26.94,0.0
3214.0,0.23,3225.0,8.61,90.06,2021.53,162.8,162.8,162.8,162.8,162.8,467.09,467.09,467.09,467.09,467.09,47.99,110.44,11.41,12.87,0.031,0.0842,26.94,0.0
3215.0,0.23,3216.67,8.63,90.09,2019.91,162.77,162.77,162.77,162.77,162.77,466.93,466.93,466.93,466.93,466.93,47.97,110.42,11.41,12.87,0.031,0.084,26.94,0.0
3216.0,0.23,3208.33,8.64,90.12,2018.29,162.74,162.74,162.74,162.74,162.74,466.76,466.76,466.76,466.76,466.76,47.96,110.41,11.4,12.87,0.031,0.0838,26.94,0.0
3217.0,0.23,3200.0,8.66,90.14,2016.66,162.71,162.71,162.71,162.71,162.71,466.6,466.6,466.6,466.6,466.6,47.94,110.4,11.39,12.87,0.031,0.0836,26.93,0.0
3218.0,0.23,3191.67,8.68,90.17,2015.04,162.68,162.68,162.68,162.68,162.68,466.43,466.43,466.43,466.43,466.43,47.92,110.39,11.38,12.87,0.031,0.0834,26.93,0.0
3219.0,0.23,3183.33,8.69,90.2,2013.41,162.66,162.66,162.66,162.66,162.66,466.27,466.27,466.27,466.27,466.27,47.9,110.37,11.37,12.87,0.031,0.0832,26.93,0.0
3220.0,0.23,3175.0,8.71,90.23,2011.79,162.63,162.63,162.63,162.63,162.63,466.1,466.1,466.1,466.1,466.1,47.89,110.36,11.37,12.87,0.031,0.083,26.93,0.0
3221.0,0.23,3166.67,8.73,90.25,2010.16,162.6,162.6,162.6,162.6,162.6,465.94,465.94,465.94,465.94,465.94,47.87,110.35,11.36,12.87,0.031,0.0828,26.92,0.0
3222.0,0.23,3158.33,8.74,90.28,2008.54,162.57,162.57,162.57,162.57,162.57,465.77,465.77,465.77,465.77,465.77,47.85,110.34,11.35,12.86,0.031,0.0827,26.92,0.0
3223.0,0.23,3150.0,8.76,90.31,2006.91,162.54,162.54,162.54,162.54,162.54,465.61,465.61,465.61,465.61,465.61,47.83,110.32,11.34,12.86,0.0309,0.0825,26.92,0.0
3224.0,0.23,3141.67,8.78,90.34,2005.28,162.51,162.51,162.51,162.51,162.51,465.44,465.44,465.44,465.44,465.44,47.81,110.31,11.33,12.86,0.0309,0.0823,26.92,0.0
3225.0,0.23,3133.33,8.79,90.37,2003.66,162.48,162.48,162.48,162.48,162.48,465.28,465.28,465.28,465.28,465.28,47.8,110.3,11.33,12.86,0.0309,0.0821,26.91,0.0
3226.0,0.22,3125.0,8.81,90.39,2002.03,162.45,162.45,162.45,162.45,162.45,465.11,465.11,465.11,465.11,465.11,47.78,110.29,11.32,12.86,0.0309,0.0819,26.91,0.0
3227.0,0.22,3116.67,8.83,90.42,2000.4,162.42,162.42,162.42,162.42,162.42,464.95,464.95,464.95,464.95,464.95,47.76,110.27,11.31,12.86,0.0309,0.0817,26.91,0.0
3228.0,0.22,3108.33,8.84,90.45,1998.77,162.39,162.39,162.39,162.39,162.39,464.78,464.78,464.78,464.78,464.78,47.74,110.26,11.3,12.86,0.0309,0.0815,26.91,0.0
3229.0,0.22,3100.0,8.86,90.48,1997.14,162.36,162.36,162.36,162.36,162.36,464.62,464.62,464.62,464.62,464.62,47.73,110.25,11.3,12.86,0.0309,0.0813,26.9,0.0
3230.0,0.22,3091.67,8.87,90.5,1995.52,162.33,162.33,162.33,162.33,162.33,464.45,464.45,464.45,464.45,464.45,47.71,110.24,11.29,12.86,0.0309,0.0812,26.9,0.0
3231.0,0.22,3083.33,8.89,90.53,1993.89,162.3,162.3,162.3,162.3,162.3,464.29,464.29,464.29,464.29,464.29,47.69,110.22,11.28,12.86,0.0309,0.081,26.9,0.0
3232.0,0.22,3075.0,8.91,90.56,1992.26,162.27,162.27,162.27,162.27,162.27,464.12,464.12,464.12,464.12,464.12,47.67,110.21,11.27,12.86,0.0309,0.0808,26.9,0.0
3233.0,0.22,3066.67,8.92,90.59,1990.62,162.24,162.24,162.24,162.24,162.24,463.96,463.96,463.96,463.96,463.96,47.65,110.2,11.26,12.85,0.0309,0.0806,26.9,0.0
3234.0,0.22,3058.33,8.94,90.62,1988.99,162.21,162.21,162.21,162.21,162.21,463.79,463.79,463.79,463.79,463.79,47.64,110.19,11.26,12.85,0.0308,0.0804,26.89,0.0
3235.0,0.22,3050.0,8.96,90.64,1987.36,162.18,162.18,162.18,162.18,162.18,463.63,463.63,463.63,463.63,463.63,47.62,110.17,11.25,12.85,0.0308,0.0802,26.89,0.0
3236.0,0.22,3041.67,8.97,90.67,1985.73,162.15,162.15,162.15,162.15,162.15,463.46,463.46,463.46,463.46,463.46,47.6,110.16,11.24,12.85,0.0308,0.08,26.89,0.0
3237.0,0.22,3033.33,8.99,90.7,1984.1,162.12,162.12,162.12,162.12,162.12,463.3,463.3,463.3,463.3,463.3,47.58,110.15,11.23,12.85,0.0308,0.0798,26.89,0.0
3238.0,0.22,3025.0,9.01,90.73,1982.46,162.1,162.1,162.1,162.1,162.1,463.13,463.13,463.13,463.13,463.13,47.57,110.14,11.22,12.85,0.0308,0.0797,26.88,0.0
3239.0,0.22,3016.67,9.02,90.76,1980.83,162.07,162.07,162.07,162.07,162.07,462.97,462.97,462.97,462.97,462.97,47.55,110.12,11.22,12.85,0.0308,0.0795,26.88,0.0
3240.0,0.22,3008.33,9.04,90.78,1979.2,162.04,162.04,162.04,162.04,162.04,462.8,462.8,462.8,462.8,462.8,47.53,110.11,11.21,12.85,0.0308,0.0793,26.88,0.0
3241.0,0.22,3000.0,9.06,90.81,1977.56,162.01,162.01,162.01,162.01,162.01,462.64,462.64,462.64,462.64,462.64,47.51,110.1,11.2,12.85,0.0308,0.0791,26.88,0.0
3242.0,0.22,2991.67,9.07,90.84,1975.93,161.98,161.98,161.98,161.98,161.98,462.47,462.47,462.47,462.47,462.47,47.5,110.09,11.19,12.85,0.0308,0.0789,26.87,0.0
3243.0,0.22,2983.33,9.09,90.87,1974.29,161.95,161.95,161.95,161.95,161.95,462.31,462.31,462.31,462.31,462.31,47.48,110.07,11.18,12.85,0.0308,0.0787,26.87,0.0
3244.0,0.22,2975.0,9.11,90.9,1972.66,161.92,161.92,161.92,161.92,161.92,462.14,462.14,462.14,462.14,462.14,47.46,110.06,11.18,12.85,0.0308,0.0785,26.87,0.0
3245.0,0.22,2966.67,9.12,90.92,1971.02,161.89,161.89,161.89,161.89,161.89,461.98,461.98,461.98,461.98,461.98,47.44,110.05,11.17,12.84,0.0308,0.0784,26.87,0.0
3246.0,0.22,2958.33,9.14,90.95,1969.39,161.86,161.86,161.86,161.86,161.86,461.81,461.81,461.81,461.81,461.81,47.42,110.04,11.16,12.84,0.0307,0.0782,26.86,0.0
3247.0,0.22,2950.0,9.16,90.98,1967.75,161.83,161.83,161.83,161.83,161.83,461.65,461.65,461.65,461.65,461.65,47.41,110.02,11.15,12.84,0.0307,0.078,26.86,0.0
3248.0,0.22,2941.67,9.17,91.01,1966.11,161.8,161.8,161.8,161.8,161.8,461.48,461.48,461.48,461.48,461.48,47.39,110.01,11.15,12.84,0.0307,0.0778,26.86,0.0
3249.0,0.22,2933.33,9.19,91.03,1964.48,161.77,161.77,161.77,161.77,161.77,461.32,461.32,461.32,461.32,461.32,47.37,110.0,11.14,12.84,0.0307,0.0776,26.86,0.0
3250.0,0.22,2925.0,9.2,91.06,1962.84,161.74,161.74,161.74,161.74,161.74,461.15,461.15,461.15,461.15,461.15,47.35,109.99,11.13,12.84,0.0307,0.0774,26.86,0.0
3251.0,0.22,2916.67,9.22,91.09,1961.2,161.71,161.71,161.71,161.71,161.71,460.99,460.99,460.99,460.99,460.99,47.34,109.97,11.12,12.84,0.0307,0.0773,26.85,0.0
3252.0,0.22,2908.33,9.24,91.12,1959.56,161.68,161.68,161.68,161.68,161.68,460.82,460.82,460.82,460.82,460.82,47.32,109.96,11.11,12.84,0.0307,0.0771,26.85,0.0
3253.0,0.22,2900.0,9.25,91.15,1957.92,161.65,161.65,161.65,161.65,161.65,460.66,460.66,460.66,460.66,460.66,47.3,109.95,11.11,12.84,0.0307,0.0769,26.85,0.0
3254.0,0.22,2891.67,9.27,91.17,1956.28,161.63,161.63,161.63,161.63,161.63,460.49,460.49,460.49,460.49,460.49,47.28,109.94,11.1,12.84,0.0307,0.0767,26.85,0.0
3255.0,0.22,2883.33,9.29,91.2,1954.64,161.6,161.6,161.6,161.6,161.6,460.33,460.33,460.33,460.33,460.33,47.26,109.92,11.09,12.84,0.0307,0.0765,26.84,0.0
3256.0,0.21,2875.0,9.3,91.23,1953.0,161.57,161.57,161.57,161.57,161.57,460.16,460.16,460.16,460.16,460.16,47.25,109.91,11.08,12.83,0.0307,0.0763,26.84,0.0
3257.0,0.21,2866.67,9.32,91.26,1951.36,161.54,161.54,161.54,161.54,161.54,460.0,460.0,460.0,460.0,460.0,47.23,109.9,11.07,12.83,0.0306,0.0762,26.84,0.0
3258.0,0.21,2858.33,9.34,91.29,1949.72,161.51,161.51,161.51,161.51,161.51,459.83,459.83,459.83,459.83,459.83,47.21,109.89,11.07,12.83,0.0306,0.076,26.84,0.0
3259.0,0.21,2850.0,9.35,91.32,1948.08,161.48,161.48,161.48,161.48,161.48,459.67,459.67,459.67,459.67,459.67,47.19,109.87,11.06,12.83,0.0306,0.0758,26.83,0.0
3260.0,0.21,2841.67,9.37,91.34,1946.44,161.45,161.45,161.45,161.45,161.45,459.5,459.5,459.5,459.5,459.5,47.18,109.86,11.05,12.83,0.0306,0.0756,26.83,0.0
3261.0,0.21,2833.33,9.39,91.37,1944.8,161.42,161.42,161.42,161.42,161.42,459.34,459.34,459.34,459.34,459.34,47.16,109.85,11.04,12.83,0.0306,0.0754,26.83,0.0
3262.0,0.21,2825.0,9.4,91.4,1943.15,161.39,161.39,161.39,161.39,161.39,459.17,459.17,459.17,459.17,459.17,47.14,109.84,11.04,12.83,0.0306,0.0753,26.83,0.0
3263.0,0.21,2816.67,9.42,91.43,1941.51,161.36,161.36,161.36,161.36,161.36,459.01,459.01,459.01,459.01,459.01,47.12,109.82,11.03,12.83,0.0306,0.0751,26.82,0.0
3264.0,0.21,2808.33,9.44,91.46,1939.87,161.33,161.33,161.33,161.33,161.33,458.84,458.84,458.84,458.84,458.84,47.1,109.81,11.02,12.83,0.0306,0.0749,26.82,0.0
3265.0,0.21,2800.0,9.45,91.48,1938.22,161.3,161.3,161.3,161.3,161.3,458.68,458.68,458.68,458.68,458.68,47.09,109.8,11.01,12.83,0.0306,0.0747,26.82,0.0
3266.0,0.21,2791.67,9.47,91.51,1936.58,161.27,161.27,161.27,161.27,161.27,458.51,458.51,458.51,458.51,458.51,47.07,109.79,11.0,12.83,0.0306,0.0745,26.82,0.0
3267.0,0.21,2783.33,9.49,91.54,1934.93,161.25,161.25,161.25,161.25,161.25,458.35,458.35,458.35,458.35,458.35,47.05,109.78,11.0,12.83,0.0306,0.0743,26.81,0.0
3268.0,0.21,2775.0,9.5,91.57,1933.29,161.22,161.22,161.22,161.22,161.22,458.18,458.18,458.18,458.18,458.18,47.03,109.76,10.99,12.82,0.0305,0.0742,26.81,0.0
3269.0,0.21,2766.67,9.52,91.6,1931.64,161.19,161.19,161.19,161.19,161.19,458.02,458.02,458.02,458.02,458.02,47.02,109.75,10.98,12.82,0.0305,0.074,26.81,0.0
3270.0,0.21,2758.33,9.54,91.62,1929.99,161.16,161.16,161.16,161.16,161.16,457.85,457.85,457.85,457.85,457.85,47.0,109.74,10.97,12.82,0.0305,0.0738,26.81,0.0
3271.0,0.21,2750.0,9.55,91.65,1928.35,161.13,161.13,161.13,161.13,161.13,457.69,457.69,457.69,457.69,457.69,46.98,109.73,10.96,12.82,0.0305,0.0736,26.8,0.0
3272.0,0.21,2741.67,9.57,91.68,1926.7,161.1,161.1,161.1,161.1,161.1,457.52,457.52,457.52,457.52,457.52,46.96,109.71,10.96,12.82,0.0305,0.0734,26.8,0.0
3273.0,0.21,2733.33,9.58,91.71,1925.05,161.07,161.07,161.07,161.07,161.07,457.36,457.36,457.36,457.36,457.36,46.94,109.7,10.95,12.82,0.0305,0.0733,26.8,0.0
3274.0,0.21,2725.0,9.6,91.74,1923.4,161.04,161.04,161.04,161.04,161.04,457.19,457.19,457.19,457.19,457.19,46.93,109.69,10.94,12.82,0.0305,0.0731,26.8,0.0
3275.0,0.21,2716.67,9.62,91.76,1921.76,161.01,161.01,161.01,161.01,161.01,457.03,457.03,457.03,457.03,457.03,46.91,109.68,10.93,12.82,0.0305,0.0729,26.8,0.0
3276.0,0.21,2708.33,9.63,91.79,1920.11,160.98,160.98,160.98,160.98,160.98,456.86,456.86,456.86,456.86,456.86,46.89,109.66,10.93,12.82,0.0305,0.0727,26.79,0.0
3277.0,0.21,2700.0,9.65,91.82,1918.46,160.95,160.95,160.95,160.95,160.95,456.7,456.7,456.7,456.7,456.7,46.87,109.65,10.92,12.82,0.0305,0.0726,26.79,0.0
3278.0,0.21,2691.67,9.67,91.85,1916.81,160.92,160.92,160.92,160.92,160.92,456.53,456.53,456.53,456.53,456.53,46.85,109.64,10.91,12.82,0.0305,0.0724,26.79,0.0
3279.0,0.21,2683.33,9.68,91.88,1915.16,160.89,160.89,160.89,160.89,160.89,456.37,456.37,456.37,456.37,456.37,46.84,109.63,10.9,12.81,0.0304,0.0722,26.79,0.0
3280.0,0.21,2675.0,9.7,91.91,1913.51,160.86,160.86,160.86,160.86,160.86,456.2,456.2,456.2,456.2,456.2,46.82,109.61,10.89,12.81,0.0304,0.072,26.78,0.0
3281.0,0.21,2666.67,9.72,91.93,1911.86,160.84,160.84,160.84,160.84,160.84,456.04,456.04,456.04,456.04,456.04,46.8,109.6,10.89,12.81,0.0304,0.0718,26.78,0.0
3282.0,0.21,2658.33,9.73,91.96,1910.21,160.81,160.81,160.81,160.81,160.81,455.87,455.87,455.87,455.87,455.87,46.78,109.59,10.88,12.81,0.0304,0.0717,26.78,0.0
3283.0,0.21,2650.0,9.75,91.99,1908.55,160.78,160.78,160.78,160.78,160.78,455.71,455.71,455.71,455.71,455.71,46.77,109.58,10.87,12.81,0.0304,0.0715,26.78,0.0
3284.0,0.21,2641.67,9.77,92.02,1906.9,160.75,160.75,160.75,160.75,160.75,455.54,455.54,455.54,455.54,455.54,46.75,109.56,10.86,12.81,0.0304,0.0713,26.77,0.0
3285.0,0.21,2633.33,9.78,92.05,1905.25,160.72,160.72,160.72,160.72,160.72,455.38,455.38,455.38,455.38,455.38,46.73,109.55,10.85,12.81,0.0304,0.0711,26.77,0.0
3286.0,0.21,2625.0,9.8,92.07,1903.6,160.69,160.69,160.69,160.69,160.69,455.21,455.21,455.21,455.21,455.21,46.71,109.54,10.85,12.81,0.0304,0.071,26.77,0.0
3287.0,0.2,2616.67,9.82,92.1,1901.94,160.66,160.66,160.66,160.66,160.66,455.05,455.05,455.05,455.05,455.05,46.69,109.53,10.84,12.81,0.0304,0.0708,26.77,0.0
3288.0,0.2,2608.33,9.83,92.13,1900.29,160.63,160.63,160.63,160.63,160.63,454.88,454.88,454.88,454.88,454.88,46.68,109.51,10.83,12.81,0.0304,0.0706,26.76,0.0
3289.0,0.2,2600.0,9.85,92.16,1898.64,160.6,160.6,160.6,160.6,160.6,454.72,454.72,454.72,454.72,454.72,46.66,109.5,10.82,12.81,0.0304,0.0704,26.76,0.0
3290.0,0.2,2591.67,9.87,92.19,1896.98,160.57,160.57,160.57,160.57,160.57,454.55,454.55,454.55,454.55,454.55,46.64,109.49,10.82,12.8,0.0303,0.0702,26.76,0.0
3291.0,0.2,2583.33,9.88,92.22,1895.33,160.54,160.54,160.54,160.54,160.54,454.39,454.39,454.39,454.39,454.39,46.62,109.48,10.81,12.8,0.0303,0.0701,26.76,0.0
3292.0,0.2,2575.0,9.9,92.24,1893.67,160.51,160.51,160.51,160.51,160.51,454.22,454.22,454.22,454.22,454.22,46.61,109.47,10.8,12.8,0.0303,0.0699,26.75,0.0
3293.0,0.2,2566.67,9.91,92.27,1892.01,160.49,160.49,160.49,160.49,160.49,454.06,454.06,454.06,454.06,454.06,46.59,109.45,10.79,12.8,0.0303,0.0697,26.75,0.0
3294.0,0.2,2558.33,9.93,92.3,1890.36,160.46,160.46,160.46,160.46,160.46,453.89,453.89,453.89,453.89,453.89,46.57,109.44,10.78,12.8,0.0303,0.0695,26.75,0.0
3295.0,0.2,2550.0,9.95,92.33,1888.7,160.43,160.43,160.43,160.43,160.43,453.73,453.73,453.73,453.73,453.73,46.55,109.43,10.78,12.8,0.0303,0.0694,26.75,0.0
3296.0,0.2,2541.67,9.96,92.36,1887.04,160.4,160.4,160.4,160.4,160.4,453.56,453.56,453.56,453.56,453.56,46.53,109.42,10.77,12.8,0.0303,0.0692,26.74,0.0
3297.0,0.2,2533.33,9.98,92.39,1885.39,160.37,160.37,160.37,160.37,160.37,453.4,453.4,453.4,453.4,453.4,46.52,109.4,10.76,12.8,0.0303,0.069,26.74,0.0
3298.0,0.2,2525.0,10.0,92.41,1883.73,160.34,160.34,160.34,160.34,160.34,453.23,453.23,453.23,453.23,453.23,46.5,109.39,10.75,12.8,0.0303,0.0688,26.74,0.0
3299.0,0.2,2516.67,10.01,92.44,1882.07,160.31,160.31,160.31,160.31,160.31,453.07,453.07,453.07,453.07,453.07,46.48,109.38,10.75,12.8,0.0303,0.0687,26.74,0.0
3300.0,0.2,2508.33,10.03,92.47,1880.41,160.28,160.28,160.28,160.28,160.28,452.9,452.9,452.9,452.9,452.9,46.46,109.37,10.74,12.8,0.0303,0.0685,26.74,0.0
3301.0,0.2,2500.0,10.05,92.5,1878.75,160.25,160.25,160.25,160.25,160.25,452.74,452.74,452.74,452.74,452.74,46.45,109.35,10.73,12.8,0.0302,0.0683,26.73,0.0
3302.0,0.2,2491.67,10.06,92.53,1877.09,160.22,160.22,160.22,160.22,160.22,452.57,452.57,452.57,452.57,452.57,46.43,109.34,10.72,12.79,0.0302,0.0681,26.73,0.0
3303.0,0.2,2483.33,10.08,92.56,1875.43,160.19,160.19,160.19,160.19,160.19,452.41,452.41,452.41,452.41,452.41,46.41,109.33,10.71,12.79,0.0302,0.068,26.73,0.0
3304.0,0.2,2475.0,10.1,92.58,1873.77,160.16,160.16,160.16,160.16,160.16,452.24,452.24,452.24,452.24,452.24,46.39,109.32,10.71,12.79,0.0302,0.0678,26.73,0.0
3305.0,0.2,2466.67,10.11,92.61,1872.11,160.13,160.13,160.13,160.13,160.13,452.08,452.08,452.08,452.08,452.08,46.37,109.3,10.7,12.79,0.0302,0.0676,26.72,0.0
3306.0,0.2,2458.33,10.13,92.64,1870.45,160.11,160.11,160.11,160.11,160.11,451.91,451.91,451.91,451.91,451.91,46.36,109.29,10.69,12.79,0.0302,0.0674,26.72,0.0
3307.0,0.2,2450.0,10.15,92.67,1868.79,160.08,160.08,160.08,160.08,160.08,451.75,451.75,451.75,451.75,451.75,46.34,109.28,10.68,12.79,0.0302,0.0673,26.72,0.0
3308.0,0.2,2441.67,10.16,92.7,1867.12,160.05,160.05,160.05,160.05,160.05,451.58,451.58,451.58,451.58,451.58,46.32,109.27,10.67,12.79,0.0302,0.0671,26.72,0.0
3309.0,0.2,2433.33,10.18,92.73,1865.46,160.02,160.02,160.02,160.02,160.02,451.42,451.42,451.42,451.42,451.42,46.3,109.26,10.67,12.79,0.0302,0.0669,26.71,0.0
3310.0,0.2,2425.0,10.2,92.75,1863.8,159.99,159.99,159.99,159.99,159.99,451.25,451.25,451.25,451.25,451.25,46.28,109.24,10.66,12.79,0.0302,0.0668,26.71,0.0
3311.0,0.2,2416.67,10.21,92.78,1862.13,159.96,159.96,159.96,159.96,159.96,451.09,451.09,451.09,451.09,451.09,46.27,109.23,10.65,12.79,0.0302,0.0666,26.71,0.0
3312.0,0.2,2408.33,10.23,92.81,1860.47,159.93,159.93,159.93,159.93,159.93,450.92,450.92,450.92,450.92,450.92,46.25,109.22,10.64,12.79,0.0301,0.0664,26.71,0.0
3313.0,0.2,2400.0,10.25,92.84,1858.81,159.9,159.9,159.9,159.9,159.9,450.76,450.76,450.76,450.76,450.76,46.23,109.21,10.64,12.78,0.0301,0.0662,26.7,0.0
3314.0,0.2,2391.67,10.26,92.87,1857.14,159.87,159.87,159.87,159.87,159.87,450.59,450.59,450.59,450.59,450.59,46.21,109.19,10.63,12.78,0.0301,0.0661,26.7,0.0
3315.0,0.2,2383.33,10.28,92.9,1855.48,159.84,159.84,159.84,159.84,159.84,450.43,450.43,450.43,450.43,450.43,46.2,109.18,10.62,12.78,0.0301,0.0659,26.7,0.0
3316.0,0.2,2375.0,10.29,92.93,1853.81,159.81,159.81,159.81,159.81,159.81,450.26,450.26,450.26,450.26,450.26,46.18,109.17,10.61,12.78,0.0301,0.0657,26.7,0.0
3317.0,0.19,2366.67,10.31,92.95,1852.14,159.78,159.78,159.78,159.78,159.78,450.1,450.1,450.1,450.1,450.1,46.16,109.16,10.6,12.78,0.0301,0.0656,26.69,0.0
3318.0,0.19,2358.33,10.33,92.98,1850.48,159.76,159.76,159.76,159.76,159.76,449.93,449.93,449.93,449.93,449.93,46.14,109.14,10.6,12.78,0.0301,0.0654,26.69,0.0
3319.0,0.19,2350.0,10.34,93.01,1848.81,159.73,159.73,159.73,159.73,159.73,449.77,449.77,449.77,449.77,449.77,46.12,109.13,10.59,12.78,0.0301,0.0652,26.69,0.0
3320.0,0.19,2341.67,10.36,93.04,1847.14,159.7,159.7,159.7,159.7,159.7,449.6,449.6,449.6,449.6,449.6,46.11,109.12,10.58,12.78,0.0301,0.065,26.69,0.0
3321.0,0.19,2333.33,10.38,93.07,1845.48,159.67,159.67,159.67,159.67,159.67,449.44,449.44,449.44,449.44,449.44,46.09,109.11,10.57,12.78,0.0301,0.0649,26.68,0.0
3322.0,0.19,2325.0,10.39,93.1,1843.81,159.64,159.64,159.64,159.64,159.64,449.27,449.27,449.27,449.27,449.27,46.07,109.09,10.57,12.78,0.0301,0.0647,26.68,0.0
3323.0,0.19,2316.67,10.41,93.12,1842.14,159.61,159.61,159.61,159.61,159.61,449.11,449.11,449.11,449.11,449.11,46.05,109.08,10.56,12.78,0.03,0.0645,26.68,0.0
3324.0,0.19,2308.33,10.43,93.15,1840.47,159.58,159.58,159.58,159.58,159.58,448.94,448.94,448.94,448.94,448.94,46.03,109.07,10.55,12.77,0.03,0.0644,26.68,0.0
3325.0,0.19,2300.0,10.44,93.18,1838.8,159.55,159.55,159.55,159.55,159.55,448.78,448.78,448.78,448.78,448.78,46.02,109.06,10.54,12.77,0.03,0.0642,26.67,0.0
3326.0,0.19,2291.67,10.46,93.21,1837.13,159.52,159.52,159.52,159.52,159.52,448.61,448.61,448.61,448.61,448.61,46.0,109.05,10.53,12.77,0.03,0.064,26.67,0.0
3327.0,0.19,2283.33,10.48,93.24,1835.46,159.49,159.49,159.49,159.49,159.49,448.45,448.45,448.45,448.45,448.45,45.98,109.03,10.53,12.77,0.03,0.0639,26.67,0.0
3328.0,0.19,2275.0,10.49,93.27,1833.79,159.46,159.46,159.46,159.46,159.46,448.28,448.28,448.28,448.28,448.28,45.96,109.02,10.52,12.77,0.03,0.0637,26.67,0.0
3329.0,0.19,2266.67,10.51,93.3,1832.12,159.43,159.43,159.43,159.43,159.43,448.12,448.12,448.12,448.12,448.12,45.95,109.01,10.51,12.77,0.03,0.0635,26.66,0.0
3330.0,0.19,2258.33,10.53,93.32,1830.45,159.41,159.41,159.41,159.41,159.41,447.95,447.95,447.95,447.95,447.95,45.93,109.0,10.5,12.77,0.03,0.0633,26.66,0.0
3331.0,0.19,2250.0,10.54,93.35,1828.77,159.38,159.38,159.38,159.38,159.38,447.79,447.79,447.79,447.79,447.79,45.91,108.98,10.49,12.77,0.03,0.0632,26.66,0.0
3332.0,0.19,2241.67,10.56,93.38,1827.1,159.35,159.35,159.35,159.35,159.35,447.62,447.62,447.62,447.62,447.62,45.89,108.97,10.49,12.77,0.03,0.063,26.66,0.0
3333.0,0.19,2233.33,10.58,93.41,1825.43,159.32,159.32,159.32,159.32,159.32,447.46,447.46,447.46,447.46,447.46,45.87,108.96,10.48,12.77,0.03,0.0628,26.66,0.0
3334.0,0.19,2225.0,10.59,93.44,1823.76,159.29,159.29,159.29,159.29,159.29,447.29,447.29,447.29,447.29,447.29,45.86,108.95,10.47,12.77,0.0299,0.0627,26.65,0.0
3335.0,0.19,2216.67,10.61,93.47,1822.08,159.26,159.26,159.26,159.26,159.26,447.13,447.13,447.13,447.13,447.13,45.84,108.93,10.46,12.76,0.0299,0.0625,26.65,0.0
3336.0,0.19,2208.33,10.62,93.5,1820.41,159.23,159.23,159.23,159.23,159.23,446.96,446.96,446.96,446.96,446.96,45.82,108.92,10.46,12.76,0.0299,0.0623,26.65,0.0
3337.0,0.19,2200.0,10.64,93.52,1818.73,159.2,159.2,159.2,159.2,159.2,446.8,446.8,446.8,446.8,446.8,45.8,108.91,10.45,12.76,0.0299,0.0622,26.65,0.0
3338.0,0.19,2191.67,10.66,93.55,1817.06,159.17,159.17,159.17,159.17,159.17,446.63,446.63,446.63,446.63,446.63,45.78,108.9,10.44,12.76,0.0299,0.062,26.64,0.0
3339.0,0.19,2183.33,10.67,93.58,1815.38,159.14,159.14,159.14,159.14,159.14,446.47,446.47,446.47,446.47,446.47,45.77,108.89,10.43,12.76,0.0299,0.0618,26.64,0.0
3340.0,0.19,2175.0,10.69,93.61,1813.71,159.11,159.11,159.11,159.11,159.11,446.3,446.3,446.3,446.3,446.3,45.75,108.87,10.42,12.76,0.0299,0.0617,26.64,0.0
3341.0,0.19,2166.67,10.71,93.64,1812.03,159.08,159.08,159.08,159.08,159.08,446.14,446.14,446.14,446.14,446.14,45.73,108.86,10.42,12.76,0.0299,0.0615,26.64,0.0
3342.0,0.19,2158.33,10.72,93.67,1810.35,159.06,159.06,159.06,159.06,159.06,445.97,445.97,445.97,445.97,445.97,45.71,108.85,10.41,12.76,0.0299,0.0613,26.63,0.0
3343.0,0.19,2150.0,10.74,93.7,1808.68,159.03,159.03,159.03,159.03,159.03,445.81,445.81,445.81,445.81,445.81,45.7,108.84,10.4,12.76,0.0299,0.0612,26.63,0.0
3344.0,0.19,2141.67,10.76,93.72,1807.0,159.0,159.0,159.0,159.0,159.0,445.64,445.64,445.64,445.64,445.64,45.68,108.82,10.39,12.76,0.0299,0.061,26.63,0.0
3345.0,0.19,2133.33,10.77,93.75,1805.32,158.97,158.97,158.97,158.97,158.97,445.48,445.48,445.48,445.48,445.48,45.66,108.81,10.39,12.76,0.0298,0.0608,26.63,0.0
3346.0,0.18,2125.0,10.79,93.78,1803.64,158.94,158.94,158.94,158.94,158.94,445.31,445.31,445.31,445.31,445.31,45.64,108.8,10.38,12.76,0.0298,0.0607,26.62,0.0
3347.0,0.18,2116.67,10.81,93.81,1801.96,158.91,158.91,158.91,158.91,158.91,445.15,445.15,445.15,445.15,445.15,45.62,108.79,10.37,12.75,0.0298,0.0605,26.62,0.0
3348.0,0.18,2108.33,10.82,93.84,1800.29,158.88,158.88,158.88,158.88,158.88,444.98,444.98,444.98,444.98,444.98,45.61,108.77,10.36,12.75,0.0298,0.0603,26.62,0.0
3349.0,0.18,2100.0,10.84,93.87,1798.61,158.85,158.85,158.85,158.85,158.85,444.82,444.82,444.82,444.82,444.82,45.59,108.76,10.35,12.75,0.0298,0.0602,26.62,0.0
3350.0,0.18,2091.67,10.86,93.9,1796.93,158.82,158.82,158.82,158.82,158.82,444.65,444.65,444.65,444.65,444.65,45.57,108.75,10.35,12.75,0.0298,0.06,26.61,0.0
3351.0,0.18,2083.33,10.87,93.93,1795.25,158.79,158.79,158.79,158.79,158.79,444.49,444.49,444.49,444.49,444.49,45.55,108.74,10.34,12.75,0.0298,0.0598,26.61,0.0
3352.0,0.18,2075.0,10.89,93.95,1793.56,158.76,158.76,158.76,158.76,158.76,444.32,444.32,444.32,444.32,444.32,45.53,108.73,10.33,12.75,0.0298,0.0597,26.61,0.0
3353.0,0.18,2066.67,10.91,93.98,1791.88,158.73,158.73,158.73,158.73,158.73,444.16,444.16,444.16,444.16,444.16,45.52,108.71,10.32,12.75,0.0298,0.0595,26.61,0.0
3354.0,0.18,2058.33,10.92,94.01,1790.2,158.7,158.7,158.7,158.7,158.7,443.99,443.99,443.99,443.99,443.99,45.5,108.7,10.32,12.75,0.0298,0.0593,26.6,0.0
3355.0,0.18,2050.0,10.94,94.04,1788.52,158.68,158.68,158.68,158.68,158.68,443.83,443.83,443.83,443.83,443.83,45.48,108.69,10.31,12.75,0.0298,0.0592,26.6,0.0
3356.0,0.18,2041.67,10.96,94.07,1786.84,158.65,158.65,158.65,158.65,158.65,443.66,443.66,443.66,443.66,443.66,45.46,108.68,10.3,12.75,0.0297,0.059,26.6,0.0
3357.0,0.18,2033.33,10.97,94.1,1785.15,158.62,158.62,158.62,158.62,158.62,443.5,443.5,443.5,443.5,443.5,45.44,108.66,10.29,12.75,0.0297,0.0589,26.6,0.0
3358.0,0.18,2025.0,10.99,94.13,1783.47,158.59,158.59,158.59,158.59,158.59,443.33,443.33,443.33,443.33,443.33,45.43,108.65,10.28,12.74,0.0297,0.0587,26.59,0.0
3359.0,0.18,2016.67,11.0,94.16,1781.79,158.56,158.56,158.56,158.56,158.56,443.17,443.17,443.17,443.17,443.17,45.41,108.64,10.28,12.74,0.0297,0.0585,26.59,0.0
3360.0,0.18,2008.33,11.02,94.18,1780.1,158.53,158.53,158.53,158.53,158.53,443.0,443.0,443.0,443.0,443.0,45.39,108.63,10.27,12.74,0.0297,0.0584,26.59,0.0
3361.0,0.18,2000.0,11.04,94.21,1778.42,158.5,158.5,158.5,158.5,158.5,442.84,442.84,442.84,442.84,442.84,45.37,108.61,10.26,12.74,0.0297,0.0582,26.59,0.0
3362.0,0.18,1991.67,11.05,94.24,1776.73,158.47,158.47,158.47,158.47,158.47,442.67,442.67,442.67,442.67,442.67,45.36,108.6,10.25,12.74,0.0297,0.058,26.58,0.0
3363.0,0.18,1983.33,11.07,94.27,1775.05,158.44,158.44,158.44,158.44,158.44,442.51,442.51,442.51,442.51,442.51,45.34,108.59,10.24,12.74,0.0297,0.0579,26.58,0.0
3364.0,0.18,1975.0,11.09,94.3,1773.36,158.41,158.41,158.41,158.41,158.41,442.34,442.34,442.34,442.34,442.34,45.32,108.58,10.24,12.74,0.0297,0.0577,26.58,0.0
3365.0,0.18,1966.67,11.1,94.33,1771.67,158.38,158.38,158.38,158.38,158.38,442.18,442.18,442.18,442.18,442.18,45.3,108.57,10.23,12.74,0.0297,0.0576,26.58,0.0
3366.0,0.18,1958.33,11.12,94.36,1769.99,158.35,158.35,158.35,158.35,158.35,442.01,442.01,442.01,442.01,442.01,45.28,108.55,10.22,12.74,0.0297,0.0574,26.57,0.0
3367.0,0.18,1950.0,11.14,94.39,1768.3,158.33,158.33,158.33,158.33,158.33,441.85,441.85,441.85,441.85,441.85,45.27,108.54,10.21,12.74,0.0296,0.0572,26.57,0.0
3368.0,0.18,1941.67,11.15,94.41,1766.61,158.3,158.3,158.3,158.3,158.3,441.68,441.68,441.68,441.68,441.68,45.25,108.53,10.21,12.74,0.0296,0.0571,26.57,0.0
3369.0,0.18,1933.33,11.17,94.44,1764.92,158.27,158.27,158.27,158.27,158.27,441.52,441.52,441.52,441.52,441.52,45.23,108.52,10.2,12.73,0.0296,0.0569,26.57,0.0
3370.0,0.18,1925.0,11.19,94.47,1763.24,158.24,158.24,158.24,158.24,158.24,441.35,441.35,441.35,441.35,441.35,45.21,108.5,10.19,12.73,0.0296,0.0567,26.56,0.0
3371.0,0.18,1916.67,11.2,94.5,1761.55,158.21,158.21,158.21,158.21,158.21,441.19,441.19,441.19,441.19,441.19,45.19,108.49,10.18,12.73,0.0296,0.0566,26.56,0.0
3372.0,0.18,1908.33,11.22,94.53,1759.86,158.18,158.18,158.18,158.18,158.18,441.02,441.02,441.02,441.02,441.02,45.18,108.48,10.17,12.73,0.0296,0.0564,26.56,0.0
3373.0,0.18,1900.0,11.24,94.56,1758.17,158.15,158.15,158.15,158.15,158.15,440.86,440.86,440.86,440.86,440.86,45.16,108.47,10.17,12.73,0.0296,0.0563,26.56,0.0
3374.0,0.18,1891.67,11.25,94.59,1756.48,158.12,158.12,158.12,158.12,158.12,440.69,440.69,440.69,440.69,440.69,45.14,108.45,10.16,12.73,0.0296,0.0561,26.55,0.0
3375.0,0.18,1883.33,11.27,94.62,1754.79,158.09,158.09,158.09,158.09,158.09,440.53,440.53,440.53,440.53,440.53,45.12,108.44,10.15,12.73,0.0296,0.0559,26.55,0.0
3376.0,0.17,1875.0,11.29,94.64,1753.1,158.06,158.06,158.06,158.06,158.06,440.36,440.36,440.36,440.36,440.36,45.1,108.43,10.14,12.73,0.0296,0.0558,26.55,0.0
3377.0,0.17,1866.67,11.3,94.67,1751.41,158.03,158.03,158.03,158.03,158.03,440.2,440.2,440.2,440.2,440.2,45.09,108.42,10.14,12.73,0.0296,0.0556,26.55,0.0
3378.0,0.17,1858.33,11.32,94.7,1749.71,158.0,158.0,158.0,158.0,158.0,440.03,440.03,440.03,440.03,440.03,45.07,108.41,10.13,12.73,0.0295,0.0555,26.55,0.0
3379.0,0.17,1850.0,11.33,94.73,1748.02,157.98,157.98,157.98,157.98,157.98,439.87,439.87,439.87,439.87,439.87,45.05,108.39,10.12,12.73,0.0295,0.0553,26.54,0.0
3380.0,0.17,1841.67,11.35,94.76,1746.33,157.95,157.95,157.95,157.95,157.95,439.7,439.7,439.7,439.7,439.7,45.03,108.38,10.11,12.72,0.0295,0.0551,26.54,0.0
3381.0,0.17,1833.33,11.37,94.79,1744.64,157.92,157.92,157.92,157.92,157.92,439.54,439.54,439.54,439.54,439.54,45.02,108.37,10.1,12.72,0.0295,0.055,26.54,0.0
3382.0,0.17,1825.0,11.38,94.82,1742.94,157.89,157.89,157.89,157.89,157.89,439.37,439.37,439.37,439.37,439.37,45.0,108.36,10.1,12.72,0.0295,0.0548,26.54,0.0
3383.0,0.17,1816.67,11.4,94.85,1741.25,157.86,157.86,157.86,157.86,157.86,439.21,439.21,439.21,439.21,439.21,44.98,108.34,10.09,12.72,0.0295,0.0547,26.53,0.0
3384.0,0.17,1808.33,11.42,94.88,1739.55,157.83,157.83,157.83,157.83,157.83,439.04,439.04,439.04,439.04,439.04,44.96,108.33,10.08,12.72,0.0295,0.0545,26.53,0.0
3385.0,0.17,1800.0,11.43,94.91,1737.86,157.8,157.8,157.8,157.8,157.8,438.88,438.88,438.88,438.88,438.88,44.94,108.32,10.07,12.72,0.0295,0.0543,26.53,0.0
3386.0,0.17,1791.67,11.45,94.93,1736.16,157.77,157.77,157.77,157.77,157.77,438.71,438.71,438.71,438.71,438.71,44.93,108.31,10.07,12.72,0.0295,0.0542,26.53,0.0
3387.0,0.17,1783.33,11.47,94.96,1734.47,157.74,157.74,157.74,157.74,157.74,438.55,438.55,438.55,438.55,438.55,44.91,108.3,10.06,12.72,0.0295,0.054,26.52,0.0
3388.0,0.17,1775.0,11.48,94.99,1732.77,157.71,157.71,157.71,157.71,157.71,438.38,438.38,438.38,438.38,438.38,44.89,108.28,10.05,12.72,0.0295,0.0539,26.52,0.0
3389.0,0.17,1766.67,11.5,95.02,1731.08,157.68,157.68,157.68,157.68,157.68,438.22,438.22,438.22,438.22,438.22,44.87,108.27,10.04,12.72,0.0294,0.0537,26.52,0.0
3390.0,0.17,1758.33,11.52,95.05,1729.38,157.65,157.65,157.65,157.65,157.65,438.05,438.05,438.05,438.05,438.05,44.85,108.26,10.03,12.72,0.0294,0.0536,26.52,0.0
3391.0,0.17,1750.0,11.53,95.08,1727.68,157.63,157.63,157.63,157.63,157.63,437.89,437.89,437.89,437.89,437.89,44.84,108.25,10.03,12.71,0.0294,0.0534,26.51,0.0
3392.0,0.17,1741.67,11.55,95.11,1725.98,157.6,157.6,157.6,157.6,157.6,437.72,437.72,437.72,437.72,437.72,44.82,108.23,10.02,12.71,0.0294,0.0532,26.51,0.0
3393.0,0.17,1733.33,11.57,95.14,1724.28,157.57,157.57,157.57,157.57,157.57,437.56,437.56,437.56,437.56,437.56,44.8,108.22,10.01,12.71,0.0294,0.0531,26.51,0.0
3394.0,0.17,1725.0,11.58,95.17,1722.59,157.54,157.54,157.54,157.54,157.54,437.39,437.39,437.39,437.39,437.39,44.78,108.21,10.0,12.71,0.0294,0.0529,26.51,0.0
3395.0,0.17,1716.67,11.6,95.19,1720.89,157.51,157.51,157.51,157.51,157.51,437.23,437.23,437.23,437.23,437.23,44.76,108.2,10.0,12.71,0.0294,0.0528,26.5,0.0
3396.0,0.17,1708.33,11.62,95.22,1719.19,157.48,157.48,157.48,157.48,157.48,437.06,437.06,437.06,437.06,437.06,44.75,108.18,9.99,12.71,0.0294,0.0526,26.5,0.0
3397.0,0.17,1700.0,11.63,95.25,1717.49,157.45,157.45,157.45,157.45,157.45,436.9,436.9,436.9,436.9,436.9,44.73,108.17,9.98,12.71,0.0294,0.0525,26.5,0.0
3398.0,0.17,1691.67,11.65,95.28,1715.79,157.42,157.42,157.42,157.42,157.42,436.73,436.73,436.73,436.73,436.73,44.71,108.16,9.97,12.71,0.0294,0.0523,26.5,0.0
3399.0,0.17,1683.33,11.66,95.31,1714.09,157.39,157.39,157.39,157.39,157.39,436.57,436.57,436.57,436.57,436.57,44.69,108.15,9.96,12.71,0.0293,0.0521,26.49,0.0
3400.0,0.17,1675.0,11.68,95.34,1712.39,157.36,157.36,157.36,157.36,157.36,436.4,436.4,436.4,436.4,436.4,44.67,108.14,9.96,12.71,0.0293,0.052,26.49,0.0
3401.0,0.17,1666.67,11.7,95.37,1710.68,157.33,157.33,157.33,157.33,157.33,436.24,436.24,436.24,436.24,436.24,44.66,108.12,9.95,12.71,0.0293,0.0518,26.49,0.0
3402.0,0.17,1658.33,11.71,95.4,1708.98,157.3,157.3,157.3,157.3,157.3,436.07,436.07,436.07,436.07,436.07,44.64,108.11,9.94,12.7,0.0293,0.0517,26.49,0.0
3403.0,0.17,1650.0,11.73,95.43,1707.28,157.28,157.28,157.28,157.28,157.28,435.91,435.91,435.91,435.91,435.91,44.62,108.1,9.93,12.7,0.0293,0.0515,26.48,0.0
3404.0,0.17,1641.67,11.75,95.46,1705.58,157.25,157.25,157.25,157.25,157.25,435.74,435.74,435.74,435.74,435.74,44.6,108.09,9.93,12.7,0.0293,0.0514,26.48,0.0
3405.0,0.17,1633.33,11.76,95.49,1703.87,157.22,157.22,157.22,157.22,157.22,435.58,435.58,435.58,435.58,435.58,44.58,108.07,9.92,12.7,0.0293,0.0512,26.48,0.0
3406.0,0.16,1625.0,11.78,95.51,1702.17,157.19,157.19,157.19,157.19,157.19,435.41,435.41,435.41,435.41,435.41,44.57,108.06,9.91,12.7,0.0293,0.0511,26.48,0.0
3407.0,0.16,1616.67,11.8,95.54,1700.47,157.16,157.16,157.16,157.16,157.16,435.25,435.25,435.25,435.25,435.25,44.55,108.05,9.9,12.7,0.0293,0.0509,26.47,0.0
3408.0,0.16,1608.33,11.81,95.57,1698.76,157.13,157.13,157.13,157.13,157.13,435.08,435.08,435.08,435.08,435.08,44.53,108.04,9.89,12.7,0.0293,0.0508,26.47,0.0
3409.0,0.16,1600.0,11.83,95.6,1697.06,157.1,157.1,157.1,157.1,157.1,434.92,434.92,434.92,434.92,434.92,44.51,108.03,9.89,12.7,0.0293,0.0506,26.47,0.0
3410.0,0.16,1591.67,11.85,95.63,1695.35,157.07,157.07,157.07,157.07,157.07,434.75,434.75,434.75,434.75,434.75,44.49,108.01,9.88,12.7,0.0292,0.0504,26.47,0.0
3411.0,0.16,1583.33,11.86,95.66,1693.65,157.04,157.04,157.04,157.04,157.04,434.59,434.59,434.59,434.59,434.59,44.48,108.0,9.87,12.7,0.0292,0.0503,26.46,0.0
3412.0,0.16,1575.0,11.88,95.69,1691.94,157.01,157.01,157.01,157.01,157.01,434.42,434.42,434.42,434.42,434.42,44.46,107.99,9.86,12.7,0.0292,0.0501,26.46,0.0
3413.0,0.16,1566.67,11.9,95.72,1690.23,156.98,156.98,156.98,156.98,156.98,434.26,434.26,434.26,434.26,434.26,44.44,107.98,9.86,12.69,0.0292,0.05,26.46,0.0
3414.0,0.16,1558.33,11.91,95.75,1688.53,156.95,156.95,156.95,156.95,156.95,434.09,434.09,434.09,434.09,434.09,44.42,107.96,9.85,12.69,0.0292,0.0498,26.46,0.0
3415.0,0.16,1550.0,11.93,95.78,1686.82,156.93,156.93,156.93,156.93,156.93,433.93,433.93,433.93,433.93,433.93,44.41,107.95,9.84,12.69,0.0292,0.0497,26.45,0.0
3416.0,0.16,1541.67,11.95,95.81,1685.11,156.9,156.9,156.9,156.9,156.9,433.76,433.76,433.76,433.76,433.76,44.39,107.94,9.83,12.69,0.0292,0.0495,26.45,0.0
3417.0,0.16,1533.33,11.96,95.83,1683.4,156.87,156.87,156.87,156.87,156.87,433.6,433.6,433.6,433.6,433.6,44.37,107.93,9.82,12.69,0.0292,0.0494,26.45,0.0
3418.0,0.16,1525.0,11.98,95.86,1681.69,156.84,156.84,156.84,156.84,156.84,433.43,433.43,433.43,433.43,433.43,44.35,107.92,9.82,12.69,0.0292,0.0492,26.45,0.0
3419.0,0.16,1516.67,12.0,95.89,1679.98,156.81,156.81,156.81,156.81,156.81,433.27,433.27,433.27,433.27,433.27,44.33,107.9,9.81,12.69,0.0292,0.0491,26.44,0.0
3420.0,0.16,1508.33,12.01,95.92,1678.27,156.78,156.78,156.78,156.78,156.78,433.1,433.1,433.1,433.1,433.1,44.32,107.89,9.8,12.69,0.0292,0.0489,26.44,0.0
3421.0,0.16,1500.0,12.03,95.95,1676.56,156.75,156.75,156.75,156.75,156.75,432.94,432.94,432.94,432.94,432.94,44.3,107.88,9.79,12.69,0.0291,0.0488,26.44,0.0
3422.0,0.16,1491.67,12.04,95.98,1674.85,156.72,156.72,156.72,156.72,156.72,432.77,432.77,432.77,432.77,432.77,44.28,107.87,9.79,12.69,0.0291,0.0486,26.44,0.0
3423.0,0.16,1483.33,12.06,96.01,1673.14,156.69,156.69,156.69,156.69,156.69,432.61,432.61,432.61,432.61,432.61,44.26,107.85,9.78,12.69,0.0291,0.0485,26.43,0.0
3424.0,0.16,1475.0,12.08,96.04,1671.43,156.66,156.66,156.66,156.66,156.66,432.44,432.44,432.44,432.44,432.44,44.24,107.84,9.77,12.68,0.0291,0.0483,26.43,0.0
3425.0,0.16,1466.67,12.09,96.07,1669.72,156.63,156.63,156.63,156.63,156.63,432.28,432.28,432.28,432.28,432.28,44.23,107.83,9.76,12.68,0.0291,0.0482,26.43,0.0
3426.0,0.16,1458.33,12.11,96.1,1668.01,156.6,156.6,156.6,156.6,156.6,432.11,432.11,432.11,432.11,432.11,44.21,107.82,9.75,12.68,0.0291,0.048,26.43,0.0
3427.0,0.16,1450.0,12.13,96.13,1666.3,156.58,156.58,156.58,156.58,156.58,431.95,431.95,431.95,431.95,431.95,44.19,107.81,9.75,12.68,0.0291,0.0479,26.42,0.0
3428.0,0.16,1441.67,12.14,96.16,1664.58,156.55,156.55,156.55,156.55,156.55,431.78,431.78,431.78,431.78,431.78,44.17,107.79,9.74,12.68,0.0291,0.0477,26.42,0.0
3429.0,0.16,1433.33,12.16,96.19,1662.87,156.52,156.52,156.52,156.52,156.52,431.62,431.62,431.62,431.62,431.62,44.15,107.78,9.73,12.68,0.0291,0.0476,26.42,0.0
3430.0,0.16,1425.0,12.18,96.21,1661.16,156.49,156.49,156.49,156.49,156.49,431.45,431.45,431.45,431.45,431.45,44.14,107.77,9.72,12.68,0.0291,0.0474,26.42,0.0
3431.0,0.16,1416.67,12.19,96.24,1659.44,156.46,156.46,156.46,156.46,156.46,431.29,431.29,431.29,431.29,431.29,44.12,107.76,9.72,12.68,0.0291,0.0473,26.41,0.0
3432.0,0.16,1408.33,12.21,96.27,1657.73,156.43,156.43,156.43,156.43,156.43,431.12,431.12,431.12,431.12,431.12,44.1,107.74,9.71,12.68,0.029,0.0471,26.41,0.0
3433.0,0.16,1400.0,12.23,96.3,1656.01,156.4,156.4,156.4,156.4,156.4,430.96,430.96,430.96,430.96,430.96,44.08,107.73,9.7,12.68,0.029,0.047,26.41,0.0
3434.0,0.16,1391.67,12.24,96.33,1654.3,156.37,156.37,156.37,156.37,156.37,430.79,430.79,430.79,430.79,430.79,44.06,107.72,9.69,12.68,0.029,0.0468,26.41,0.0
3435.0,0.16,1383.33,12.26,96.36,1652.58,156.34,156.34,156.34,156.34,156.34,430.63,430.63,430.63,430.63,430.63,44.05,107.71,9.68,12.67,0.029,0.0467,26.4,0.0
3436.0,0.15,1375.0,12.28,96.39,1650.86,156.31,156.31,156.31,156.31,156.31,430.46,430.46,430.46,430.46,430.46,44.03,107.7,9.68,12.67,0.029,0.0465,26.4,0.0
3437.0,0.15,1366.67,12.29,96.42,1649.15,156.28,156.28,156.28,156.28,156.28,430.3,430.3,430.3,430.3,430.3,44.01,107.68,9.67,12.67,0.029,0.0464,26.4,0.0
3438.0,0.15,1358.33,12.31,96.45,1647.43,156.25,156.25,156.25,156.25,156.25,430.13,430.13,430.13,430.13,430.13,43.99,107.67,9.66,12.67,0.029,0.0462,26.4,0.0
3439.0,0.15,1350.0,12.33,96.48,1645.71,156.23,156.23,156.23,156.23,156.23,429.97,429.97,429.97,429.97,429.97,43.97,107.66,9.65,12.67,0.029,0.0461,26.39,0.0
3440.0,0.15,1341.67,12.34,96.51,1643.99,156.2,156.2,156.2,156.2,156.2,429.8,429.8,429.8,429.8,429.8,43.96,107.65,9.65,12.67,0.029,0.0459,26.39,0.0
3441.0,0.15,1333.33,12.36,96.54,1642.28,156.17,156.17,156.17,156.17,156.17,429.64,429.64,429.64,429.64,429.64,43.94,107.63,9.64,12.67,0.029,0.0458,26.39,0.0
3442.0,0.15,1325.0,12.37,96.57,1640.56,156.14,156.14,156.14,156.14,156.14,429.47,429.47,429.47,429.47,429.47,43.92,107.62,9.63,12.67,0.0289,0.0456,26.39,0.0
3443.0,0.15,1316.67,12.39,96.6,1638.84,156.11,156.11,156.11,156.11,156.11,429.31,429.31,429.31,429.31,429.31,43.9,107.61,9.62,12.67,0.0289,0.0455,26.38,0.0
3444.0,0.15,1308.33,12.41,96.63,1637.12,156.08,156.08,156.08,156.08,156.08,429.14,429.14,429.14,429.14,429.14,43.88,107.6,9.62,12.67,0.0289,0.0453,26.38,0.0
3445.0,0.15,1300.0,12.42,96.65,1635.4,156.05,156.05,156.05,156.05,156.05,428.98,428.98,428.98,428.98,428.98,43.87,107.59,9.61,12.67,0.0289,0.0452,26.38,0.0
3446.0,0.15,1291.67,12.44,96.68,1633.68,156.02,156.02,156.02,156.02,156.02,428.81,428.81,428.81,428.81,428.81,43.85,107.57,9.6,12.66,0.0289,0.045,26.38,0.0
3447.0,0.15,1283.33,12.46,96.71,1631.96,155.99,155.99,155.99,155.99,155.99,428.65,428.65,428.65,428.65,428.65,43.83,107.56,9.59,12.66,0.0289,0.0449,26.37,0.0
3448.0,0.15,1275.0,12.47,96.74,1630.23,155.96,155.96,155.96,155.96,155.96,428.48,428.48,428.48,428.48,428.48,43.81,107.55,9.58,12.66,0.0289,0.0448,26.37,0.0
3449.0,0.15,1266.67,12.49,96.77,1628.51,155.93,155.93,155.93,155.93,155.93,428.32,428.32,428.32,428.32,428.32,43.79,107.54,9.58,12.66,0.0289,0.0446,26.37,0.0
3450.0,0.15,1258.33,12.51,96.8,1626.79,155.9,155.9,155.9,155.9,155.9,428.15,428.15,428.15,428.15,428.15,43.78,107.52,9.57,12.66,0.0289,0.0445,26.37,0.0
3451.0,0.15,1250.0,12.52,96.83,1625.07,155.88,155.88,155.88,155.88,155.88,427.99,427.99,427.99,427.99,427.99,43.76,107.51,9.56,12.66,0.0289,0.0443,26.36,0.0
3452.0,0.15,1241.67,12.54,96.86,1623.34,155.85,155.85,155.85,155.85,155.85,427.82,427.82,427.82,427.82,427.82,43.74,107.5,9.55,12.66,0.0289,0.0442,26.36,0.0
3453.0,0.15,1233.33,12.56,96.89,1621.62,155.82,155.82,155.82,155.82,155.82,427.66,427.66,427.66,427.66,427.66,43.72,107.49,9.55,12.66,0.0288,0.044,26.36,0.0
3454.0,0.15,1225.0,12.57,96.92,1619.9,155.79,155.79,155.79,155.79,155.79,427.49,427.49,427.49,427.49,427.49,43.7,107.48,9.54,12.66,0.0288,0.0439,26.36,0.0
3455.0,0.15,1216.67,12.59,96.95,1618.17,155.76,155.76,155.76,155.76,155.76,427.33,427.33,427.33,427.33,427.33,43.69,107.46,9.53,12.66,0.0288,0.0437,26.35,0.0
3456.0,0.15,1208.33,12.61,96.98,1616.45,155.73,155.73,155.73,155.73,155.73,427.16,427.16,427.16,427.16,427.16,43.67,107.45,9.52,12.66,0.0288,0.0436,26.35,0.0
3457.0,0.15,1200.0,12.62,97.01,1614.72,155.7,155.7,155.7,155.7,155.7,427.0,427.0,427.0,427.0,427.0,43.65,107.44,9.51,12.65,0.0288,0.0435,26.35,0.0
3458.0,0.15,1191.67,12.64,97.04,1613.0,155.67,155.67,155.67,155.67,155.67,426.83,426.83,426.83,426.83,426.83,43.63,107.43,9.51,12.65,0.0288,0.0433,26.35,0.0
3459.0,0.15,1183.33,12.66,97.07,1611.27,155.64,155.64,155.64,155.64,155.64,426.67,426.67,426.67,426.67,426.67,43.61,107.42,9.5,12.65,0.0288,0.0432,26.34,0.0
3460.0,0.15,1175.0,12.67,97.1,1609.54,155.61,155.61,155.61,155.61,155.61,426.5,426.5,426.5,426.5,426.5,43.6,107.4,9.49,12.65,0.0288,0.043,26.34,0.0
3461.0,0.15,1166.67,12.69,97.13,1607.82,155.58,155.58,155.58,155.58,155.58,426.34,426.34,426.34,426.34,426.34,43.58,107.39,9.48,12.65,0.0288,0.0429,26.34,0.0
3462.0,0.15,1158.33,12.71,97.15,1606.09,155.55,155.55,155.55,155.55,155.55,426.17,426.17,426.17,426.17,426.17,43.56,107.38,9.48,12.65,0.0288,0.0427,26.34,0.0
3463.0,0.15,1150.0,12.72,97.18,1604.36,155.53,155.53,155.53,155.53,155.53,426.01,426.01,426.01,426.01,426.01,43.54,107.37,9.47,12.65,0.0288,0.0426,26.33,0.0
3464.0,0.15,1141.67,12.74,97.21,1602.63,155.5,155.5,155.5,155.5,155.5,425.84,425.84,425.84,425.84,425.84,43.52,107.35,9.46,12.65,0.0287,0.0424,26.33,0.0
3465.0,0.15,1133.33,12.75,97.24,1600.91,155.47,155.47,155.47,155.47,155.47,425.68,425.68,425.68,425.68,425.68,43.51,107.34,9.45,12.65,0.0287,0.0423,26.33,0.0
3466.0,0.14,1125.0,12.77,97.27,1599.18,155.44,155.44,155.44,155.44,155.44,425.51,425.51,425.51,425.51,425.51,43.49,107.33,9.44,12.65,0.0287,0.0422,26.33,0.0
3467.0,0.14,1116.67,12.79,97.3,1597.45,155.41,155.41,155.41,155.41,155.41,425.35,425.35,425.35,425.35,425.35,43.47,107.32,9.44,12.65,0.0287,0.042,26.32,0.0
3468.0,0.14,1108.33,12.8,97.33,1595.72,155.38,155.38,155.38,155.38,155.38,425.18,425.18,425.18,425.18,425.18,43.45,107.31,9.43,12.64,0.0287,0.0419,26.32,0.0
3469.0,0.14,1100.0,12.82,97.36,1593.99,155.35,155.35,155.35,155.35,155.35,425.02,425.02,425.02,425.02,425.02,43.43,107.29,9.42,12.64,0.0287,0.0417,26.32,0.0
3470.0,0.14,1091.67,12.84,97.39,1592.26,155.32,155.32,155.32,155.32,155.32,424.85,424.85,424.85,424.85,424.85,43.42,107.28,9.41,12.64,0.0287,0.0416,26.32,0.0
3471.0,0.14,1083.33,12.85,97.42,1590.53,155.29,155.29,155.29,155.29,155.29,424.69,424.69,424.69,424.69,424.69,43.4,107.27,9.41,12.64,0.0287,0.0415,26.31,0.0
3472.0,0.14,1075.0,12.87,97.45,1588.79,155.26,155.26,155.26,155.26,155.26,424.52,424.52,424.52,424.52,424.52,43.38,107.26,9.4,12.64,0.0287,0.0413,26.31,0.0
3473.0,0.14,1066.67,12.89,97.48,1587.06,155.23,155.23,155.23,155.23,155.23,424.36,424.36,424.36,424.36,424.36,43.36,107.24,9.39,12.64,0.0287,0.0412,26.31,0.0
3474.0,0.14,1058.33,12.9,97.51,1585.33,155.2,155.2,155.2,155.2,155.2,424.19,424.19,424.19,424.19,424.19,43.34,107.23,9.38,12.64,0.0286,0.041,26.31,0.0
3475.0,0.14,1050.0,12.92,97.54,1583.6,155.18,155.18,155.18,155.18,155.18,424.03,424.03,424.03,424.03,424.03,43.33,107.22,9.37,12.64,0.0286,0.0409,26.3,0.0
3476.0,0.14,1041.67,12.94,97.57,1581.86,155.15,155.15,155.15,155.15,155.15,423.86,423.86,423.86,423.86,423.86,43.31,107.21,9.37,12.64,0.0286,0.0407,26.3,0.0
3477.0,0.14,1033.33,12.95,97.6,1580.13,155.12,155.12,155.12,155.12,155.12,423.7,423.7,423.7,423.7,423.7,43.29,107.2,9.36,12.64,0.0286,0.0406,26.3,0.0
3478.0,0.14,1025.0,12.97,97.63,1578.4,155.09,155.09,155.09,155.09,155.09,423.53,423.53,423.53,423.53,423.53,43.27,107.18,9.35,12.64,0.0286,0.0405,26.3,0.0
3479.0,0.14,1016.67,12.99,97.66,1576.66,155.06,155.06,155.06,155.06,155.06,423.37,423.37,423.37,423.37,423.37,43.25,107.17,9.34,12.63,0.0286,0.0403,26.29,0.0
3480.0,0.14,1008.33,13.0,97.69,1574.93,155.03,155.03,155.03,155.03,155.03,423.2,423.2,423.2,423.2,423.2,43.24,107.16,9.34,12.63,0.0286,0.0402,26.29,0.0
3481.0,0.14,1000.0,13.02,97.72,1573.19,155.0,155.0,155.0,155.0,155.0,423.04,423.04,423.04,423.04,423.04,43.22,107.15,9.33,12.63,0.0286,0.04,26.29,0.0
3482.0,0.14,991.67,13.04,97.75,1571.46,154.97,154.97,154.97,154.97,154.97,422.87,422.87,422.87,422.87,422.87,43.2,107.14,9.32,12.63,0.0286,0.0399,26.29,0.0
3483.0,0.14,983.33,13.05,97.78,1569.72,154.94,154.94,154.94,154.94,154.94,422.71,422.71,422.71,422.71,422.71,43.18,107.12,9.31,12.63,0.0286,0.0398,26.28,0.0
3484.0,0.14,975.0,13.07,97.81,1567.98,154.91,154.91,154.91,154.91,154.91,422.54,422.54,422.54,422.54,422.54,43.16,107.11,9.31,12.63,0.0286,0.0396,26.28,0.0
3485.0,0.14,966.67,13.08,97.84,1566.25,154.88,154.88,154.88,154.88,154.88,422.38,422.38,422.38,422.38,422.38,43.15,107.1,9.3,12.63,0.0285,0.0395,26.28,0.0
3486.0,0.14,958.33,13.1,97.86,1564.51,154.85,154.85,154.85,154.85,154.85,422.21,422.21,422.21,422.21,422.21,43.13,107.09,9.29,12.63,0.0285,0.0393,26.28,0.0
3487.0,0.14,950.0,13.12,97.89,1562.77,154.83,154.83,154.83,154.83,154.83,422.05,422.05,422.05,422.05,422.05,43.11,107.07,9.28,12.63,0.0285,0.0392,26.27,0.0
3488.0,0.14,941.67,13.13,97.92,1561.03,154.8,154.8,154.8,154.8,154.8,421.88,421.88,421.88,421.88,421.88,43.09,107.06,9.27,12.63,0.0285,0.0391,26.27,0.0
3489.0,0.14,933.33,13.15,97.95,1559.29,154.77,154.77,154.77,154.77,154.77,421.72,421.72,421.72,421.72,421.72,43.07,107.05,9.27,12.63,0.0285,0.0389,26.27,0.0
3490.0,0.14,925.0,13.17,97.98,1557.55,154.74,154.74,154.74,154.74,154.74,421.55,421.55,421.55,421.55,421.55,43.06,107.04,9.26,12.62,0.0285,0.0388,26.27,0.0
3491.0,0.14,916.67,13.18,98.01,1555.81,154.71,154.71,154.71,154.71,154.71,421.39,421.39,421.39,421.39,421.39,43.04,107.03,9.25,12.62,0.0285,0.0387,26.26,0.0
3492.0,0.14,908.33,13.2,98.04,1554.07,154.68,154.68,154.68,154.68,154.68,421.22,421.22,421.22,421.22,421.22,43.02,107.01,9.24,12.62,0.0285,0.0385,26.26,0.0
3493.0,0.14,900.0,13.22,98.07,1552.33,154.65,154.65,154.65,154.65,154.65,421.06,421.06,421.06,421.06,421.06,43.0,107.0,9.24,12.62,0.0285,0.0384,26.26,0.0
3494.0,0.14,891.67,13.23,98.1,1550.59,154.62,154.62,154.62,154.62,154.62,420.89,420.89,420.89,420.89,420.89,42.98,106.99,9.23,12.62,0.0285,0.0382,26.26,0.0
3495.0,0.14,883.33,13.25,98.13,1548.85,154.59,154.59,154.59,154.59,154.59,420.73,420.73,420.73,420.73,420.73,42.97,106.98,9.22,12.62,0.0284,0.0381,26.25,0.0
3496.0,0.14,875.0,13.27,98.16,1547.11,154.56,154.56,154.56,154.56,154.56,420.56,420.56,420.56,420.56,420.56,42.95,106.96,9.21,12.62,0.0284,0.038,26.25,0.0
3497.0,0.13,866.67,13.28,98.19,1545.37,154.53,154.53,154.53,154.53,154.53,420.4,420.4,420.4,420.4,420.4,42.93,106.95,9.2,12.62,0.0284,0.0378,26.25,0.0
3498.0,0.13,858.33,13.3,98.22,1543.63,154.5,154.5,154.5,154.5,154.5,420.23,420.23,420.23,420.23,420.23,42.91,106.94,9.2,12.62,0.0284,0.0377,26.25,0.0
3499.0,0.13,850.0,13.32,98.25,1541.88,154.48,154.48,154.48,154.48,154.48,420.07,420.07,420.07,420.07,420.07,42.89,106.93,9.19,12.62,0.0284,0.0376,26.24,0.0
3500.0,0.13,841.67,13.33,98.28,1540.14,154.45,154.45,154.45,154.45,154.45,419.9,419.9,419.9,419.9,419.9,42.87,106.92,9.18,12.61,0.0284,0.0374,26.24,0.0
3501.0,0.13,833.33,13.35,98.31,1538.4,154.42,154.42,154.42,154.42,154.42,419.74,419.74,419.74,419.74,419.74,42.86,106.9,9.17,12.61,0.0284,0.0373,26.24,0.0
3502.0,0.13,825.0,13.37,98.34,1536.65,154.39,154.39,154.39,154.39,154.39,419.57,419.57,419.57,419.57,419.57,42.84,106.89,9.17,12.61,0.0284,0.0372,26.24,0.0
3503.0,0.13,816.67,13.38,98.37,1534.91,154.36,154.36,154.36,154.36,154.36,419.41,419.41,419.41,419.41,419.41,42.82,106.88,9.16,12.61,0.0284,0.037,26.23,0.0
3504.0,0.13,808.33,13.4,98.4,1533.16,154.33,154.33,154.33,154.33,154.33,419.24,419.24,419.24,419.24,419.24,42.8,106.87,9.15,12.61,0.0284,0.0369,26.23,0.0
3505.0,0.13,800.0,13.42,98.43,1531.42,154.3,154.3,154.3,154.3,154.3,419.08,419.08,419.08,419.08,419.08,42.78,106.86,9.14,12.61,0.0284,0.0368,26.23,0.0
3506.0,0.13,791.67,13.43,98.46,1529.67,154.27,154.27,154.27,154.27,154.27,418.91,418.91,418.91,418.91,418.91,42.77,106.84,9.14,12.61,0.0283,0.0366,26.22,0.0
3507.0,0.13,783.33,13.45,98.49,1527.92,154.24,154.24,154.24,154.24,154.24,418.75,418.75,418.75,418.75,418.75,42.75,106.83,9.13,12.61,0.0283,0.0365,26.22,0.0
3508.0,0.13,775.0,13.46,98.52,1526.18,154.21,154.21,154.21,154.21,154.21,418.58,418.58,418.58,418.58,418.58,42.73,106.82,9.12,12.61,0.0283,0.0364,26.22,0.0
3509.0,0.13,766.67,13.48,98.55,1524.43,154.18,154.18,154.18,154.18,154.18,418.42,418.42,418.42,418.42,418.42,42.71,106.81,9.11,12.61,0.0283,0.0362,26.22,0.0
3510.0,0.13,758.33,13.5,98.58,1522.68,154.15,154.15,154.15,154.15,154.15,418.25,418.25,418.25,418.25,418.25,42.69,106.8,9.1,12.61,0.0283,0.0361,26.21,0.0
3511.0,0.13,750.0,13.51,98.61,1520.93,154.13,154.13,154.13,154.13,154.13,418.09,418.09,418.09,418.09,418.09,42.68,106.78,9.1,12.6,0.0283,0.0359,26.21,0.0
3512.0,0.13,741.67,13.53,98.64,1519.19,154.1,154.1,154.1,154.1,154.1,417.92,417.92,417.92,417.92,417.92,42.66,106.77,9.09,12.6,0.0283,0.0358,26.21,0.0
3513.0,0.13,733.33,13.55,98.67,1517.44,154.07,154.07,154.07,154.07,154.07,417.76,417.76,417.76,417.76,417.76,42.64,106.76,9.08,12.6,0.0283,0.0357,26.21,0.0
3514.0,0.13,725.0,13.56,98.7,1515.69,154.04,154.04,154.04,154.04,154.04,417.59,417.59,417.59,417.59,417.59,42.62,106.75,9.07,12.6,0.0283,0.0355,26.2,0.0
3515.0,0.13,716.67,13.58,98.73,1513.94,154.01,154.01,154.01,154.01,154.01,417.43,417.43,417.43,417.43,417.43,42.6,106.73,9.07,12.6,0.0283,0.0354,26.2,0.0
3516.0,0.13,708.33,13.6,98.76,1512.19,153.98,153.98,153.98,153.98,153.98,417.26,417.26,417.26,417.26,417.26,42.59,106.72,9.06,12.6,0.0282,0.0353,26.2,0.0
3517.0,0.13,700.0,13.61,98.79,1510.44,153.95,153.95,153.95,153.95,153.95,417.1,417.1,417.1,417.1,417.1,42.57,106.71,9.05,12.6,0.0282,0.0352,26.2,0.0
3518.0,0.13,691.67,13.63,98.82,1508.69,153.92,153.92,153.92,153.92,153.92,416.93,416.93,416.93,416.93,416.93,42.55,106.7,9.04,12.6,0.0282,0.035,26.19,0.0
3519.0,0.13,683.33,13.65,98.85,1506.94,153.89,153.89,153.89,153.89,153.89,416.77,416.77,416.77,416.77,416.77,42.53,106.69,9.04,12.6,0.0282,0.0349,26.19,0.0
3520.0,0.13,675.0,13.66,98.88,1505.18,153.86,153.86,153.86,153.86,153.86,416.6,416.6,416.6,416.6,416.6,42.51,106.67,9.03,12.6,0.0282,0.0348,26.19,0.0
3521.0,0.13,666.67,13.68,98.91,1503.43,153.83,153.83,153.83,153.83,153.83,416.44,416.44,416.44,416.44,416.44,42.5,106.66,9.02,12.6,0.0282,0.0346,26.19,0.0
3522.0,0.13,658.33,13.7,98.94,1501.68,153.8,153.8,153.8,153.8,153.8,416.27,416.27,416.27,416.27,416.27,42.48,106.65,9.01,12.59,0.0282,0.0345,26.18,0.0
3523.0,0.13,650.0,13.71,98.97,1499.93,153.78,153.78,153.78,153.78,153.78,416.11,416.11,416.11,416.11,416.11,42.46,106.64,9.0,12.59,0.0282,0.0344,26.18,0.0
3524.0,0.13,641.67,13.73,99.0,1498.17,153.75,153.75,153.75,153.75,153.75,415.94,415.94,415.94,415.94,415.94,42.44,106.63,9.0,12.59,0.0282,0.0342,26.18,0.0
3525.0,0.13,633.33,13.75,99.03,1496.42,153.72,153.72,153.72,153.72,153.72,415.78,415.78,415.78,415.78,415.78,42.42,106.61,8.99,12.59,0.0282,0.0341,26.18,0.0
3526.0,0.12,625.0,13.76,99.06,1494.66,153.69,153.69,153.69,153.69,153.69,415.61,415.61,415.61,415.61,415.61,42.41,106.6,8.98,12.59,0.0282,0.034,26.17,0.0
3527.0,0.12,616.67,13.78,99.09,1492.91,153.66,153.66,153.66,153.66,153.66,415.45,415.45,415.45,415.45,415.45,42.39,106.59,8.97,12.59,0.0281,0.0338,26.17,0.0
3528.0,0.12,608.33,13.79,99.12,1491.15,153.63,153.63,153.63,153.63,153.63,415.28,415.28,415.28,415.28,415.28,42.37,106.58,8.97,12.59,0.0281,0.0337,26.17,0.0
3529.0,0.12,600.0,13.81,99.15,1489.4,153.6,153.6,153.6,153.6,153.6,415.12,415.12,415.12,415.12,415.12,42.35,106.56,8.96,12.59,0.0281,0.0336,26.17,0.0
3530.0,0.12,591.67,13.83,99.18,1487.64,153.57,153.57,153.57,153.57,153.57,414.95,414.95,414.95,414.95,414.95,42.33,106.55,8.95,12.59,0.0281,0.0334,26.16,0.0
3531.0,0.12,583.33,13.84,99.21,1485.89,153.54,153.54,153.54,153.54,153.54,414.79,414.79,414.79,414.79,414.79,42.31,106.54,8.94,12.59,0.0281,0.0333,26.16,0.0
3532.0,0.12,575.0,13.86,99.24,1484.13,153.51,153.51,153.51,153.51,153.51,414.62,414.62,414.62,414.62,414.62,42.3,106.53,8.93,12.59,0.0281,0.0332,26.16,0.0
3533.0,0.12,566.67,13.88,99.27,1482.37,153.48,153.48,153.48,153.48,153.48,414.46,414.46,414.46,414.46,414.46,42.28,106.52,8.93,12.58,0.0281,0.0331,26.16,0.0
3534.0,0.12,558.33,13.89,99.3,1480.61,153.45,153.45,153.45,153.45,153.45,414.29,414.29,414.29,414.29,414.29,42.26,106.5,8.92,12.58,0.0281,0.0329,26.15,0.0
3535.0,0.12,550.0,13.91,99.33,1478.86,153.43,153.43,153.43,153.43,153.43,414.13,414.13,414.13,414.13,414.13,42.24,106.49,8.91,12.58,0.0281,0.0328,26.15,0.0
3536.0,0.12,541.67,13.93,99.36,1477.1,153.4,153.4,153.4,153.4,153.4,413.96,413.96,413.96,413.96,413.96,42.22,106.48,8.9,12.58,0.0281,0.0327,26.15,0.0
3537.0,0.12,533.33,13.94,99.39,1475.34,153.37,153.37,153.37,153.37,153.37,413.8,413.8,413.8,413.8,413.8,42.21,106.47,8.9,12.58,0.028,0.0325,26.15,0.0
3538.0,0.12,525.0,13.96,99.42,1473.58,153.34,153.34,153.34,153.34,153.34,413.63,413.63,413.63,413.63,413.63,42.19,106.46,8.89,12.58,0.028,0.0324,26.14,0.0
3539.0,0.12,516.67,13.98,99.45,1471.82,153.31,153.31,153.31,153.31,153.31,413.47,413.47,413.47,413.47,413.47,42.17,106.44,8.88,12.58,0.028,0.0323,26.14,0.0
3540.0,0.12,508.33,13.99,99.48,1470.06,153.28,153.28,153.28,153.28,153.28,413.3,413.3,413.3,413.3,413.3,42.15,106.43,8.87,12.58,0.028,0.0322,26.14,0.0
3541.0,0.12,500.0,14.01,99.51,1468.3,153.25,153.25,153.25,153.25,153.25,413.14,413.14,413.14,413.14,413.14,42.13,106.42,8.87,12.58,0.028,0.032,26.14,0.0
3542.0,0.12,491.67,14.03,99.54,1466.54,153.22,153.22,153.22,153.22,153.22,412.97,412.97,412.97,412.97,412.97,42.12,106.41,8.86,12.58,0.028,0.0319,26.13,0.0
3543.0,0.12,483.33,14.04,99.57,1464.78,153.19,153.19,153.19,153.19,153.19,412.81,412.81,412.81,412.81,412.81,42.1,106.4,8.85,12.57,0.028,0.0318,26.13,0.0
3544.0,0.12,475.0,14.06,99.6,1463.01,153.16,153.16,153.16,153.16,153.16,412.64,412.64,412.64,412.64,412.64,42.08,106.38,8.84,12.57,0.028,0.0317,26.13,0.0
3545.0,0.12,466.67,14.08,99.63,1461.25,153.13,153.13,153.13,153.13,153.13,412.48,412.48,412.48,412.48,412.48,42.06,106.37,8.83,12.57,0.028,0.0315,26.13,0.0
3546.0,0.12,458.33,14.09,99.66,1459.49,153.1,153.1,153.1,153.1,153.1,412.31,412.31,412.31,412.31,412.31,42.04,106.36,8.83,12.57,0.028,0.0314,26.12,0.0
3547.0,0.12,450.0,14.11,99.69,1457.72,153.08,153.08,153.08,153.08,153.08,412.15,412.15,412.15,412.15,412.15,42.03,106.35,8.82,12.57,0.028,0.0313,26.12,0.0
3548.0,0.12,441.67,14.12,99.72,1455.96,153.05,153.05,153.05,153.05,153.05,411.98,411.98,411.98,411.98,411.98,42.01,106.33,8.81,12.57,0.0279,0.0311,26.12,0.0
3549.0,0.12,433.33,14.14,99.75,1454.2,153.02,153.02,153.02,153.02,153.02,411.82,411.82,411.82,411.82,411.82,41.99,106.32,8.8,12.57,0.0279,0.031,26.12,0.0
3550.0,0.12,425.0,14.16,99.78,1452.43,152.99,152.99,152.99,152.99,152.99,411.65,411.65,411.65,411.65,411.65,41.97,106.31,8.8,12.57,0.0279,0.0309,26.11,0.0
3551.0,0.12,416.67,14.17,99.81,1450.67,152.96,152.96,152.96,152.96,152.96,411.49,411.49,411.49,411.49,411.49,41.95,106.3,8.79,12.57,0.0279,0.0308,26.11,0.0
3552.0,0.12,408.33,14.19,99.84,1448.9,152.93,152.93,152.93,152.93,152.93,411.32,411.32,411.32,411.32,411.32,41.93,106.29,8.78,12.57,0.0279,0.0306,26.11,0.0
3553.0,0.12,400.0,14.21,99.87,1447.14,152.9,152.9,152.9,152.9,152.9,411.16,411.16,411.16,411.16,411.16,41.92,106.27,8.77,12.57,0.0279,0.0305,26.1,0.0
3554.0,0.12,391.67,14.22,99.9,1445.37,152.87,152.87,152.87,152.87,152.87,410.99,410.99,410.99,410.99,410.99,41.9,106.26,8.77,12.56,0.0279,0.0304,26.1,0.0
3555.0,0.12,383.33,14.24,99.93,1443.6,152.84,152.84,152.84,152.84,152.84,410.83,410.83,410.83,410.83,410.83,41.88,106.25,8.76,12.56,0.0279,0.0303,26.1,0.0
3556.0,0.11,375.0,14.26,99.96,1441.84,152.81,152.81,152.81,152.81,152.81,410.66,410.66,410.66,410.66,410.66,41.86,106.24,8.75,12.56,0.0279,0.0301,26.1,0.0
3557.0,0.11,366.67,14.27,99.99,1440.07,152.78,152.78,152.78,152.78,152.78,410.5,410.5,410.5,410.5,410.5,41.84,106.23,8.74,12.56,0.0279,0.03,26.09,0.0
3558.0,0.11,358.33,14.29,100.02,1438.3,152.75,152.75,152.75,152.75,152.75,410.33,410.33,410.33,410.33,410.33,41.83,106.21,8.73,12.56,0.0278,0.0299,26.09,0.0
3559.0,0.11,350.0,14.31,100.05,1436.53,152.73,152.73,152.73,152.73,152.73,410.17,410.17,410.17,410.17,410.17,41.81,106.2,8.73,12.56,0.0278,0.0298,26.09,0.0
3560.0,0.11,341.67,14.32,100.08,1434.76,152.7,152.7,152.7,152.7,152.7,410.0,410.0,410.0,410.0,410.0,41.79,106.19,8.72,12.56,0.0278,0.0297,26.09,0.0
3561.0,0.11,333.33,14.34,100.11,1433.0,152.67,152.67,152.67,152.67,152.67,409.84,409.84,409.84,409.84,409.84,41.77,106.18,8.71,12.56,0.0278,0.0295,26.08,0.0
3562.0,0.11,325.0,14.36,100.14,1431.23,152.64,152.64,152.64,152.64,152.64,409.67,409.67,409.67,409.67,409.67,41.75,106.17,8.7,12.56,0.0278,0.0294,26.08,0.0
3563.0,0.11,316.67,14.37,100.17,1429.46,152.61,152.61,152.61,152.61,152.61,409.51,409.51,409.51,409.51,409.51,41.74,106.15,8.7,12.56,0.0278,0.0293,26.08,0.0
3564.0,0.11,308.33,14.39,100.2,1427.69,152.58,152.58,152.58,152.58,152.58,409.34,409.34,409.34,409.34,409.34,41.72,106.14,8.69,12.56,0.0278,0.0292,26.08,0.0
3565.0,0.11,300.0,14.41,100.23,1425.91,152.55,152.55,152.55,152.55,152.55,409.18,409.18,409.18,409.18,409.18,41.7,106.13,8.68,12.55,0.0278,0.029,26.07,0.0
3566.0,0.11,291.67,14.42,100.26,1424.14,152.52,152.52,152.52,152.52,152.52,409.01,409.01,409.01,409.01,409.01,41.68,106.12,8.67,12.55,0.0278,0.0289,26.07,0.0
3567.0,0.11,283.33,14.44,100.29,1422.37,152.49,152.49,152.49,152.49,152.49,408.85,408.85,408.85,408.85,408.85,41.66,106.11,8.67,12.55,0.0278,0.0288,26.07,0.0
3568.0,0.11,275.0,14.46,100.32,1420.6,152.46,152.46,152.46,152.46,152.46,408.68,408.68,408.68,408.68,408.68,41.64,106.09,8.66,12.55,0.0277,0.0287,26.07,0.0
3569.0,0.11,266.67,14.47,100.35,1418.83,152.43,152.43,152.43,152.43,152.43,408.52,408.52,408.52,408.52,408.52,41.63,106.08,8.65,12.55,0.0277,0.0285,26.06,0.0
3570.0,0.11,258.33,14.49,100.38,1417.05,152.4,152.4,152.4,152.4,152.4,408.35,408.35,408.35,408.35,408.35,41.61,106.07,8.64,12.55,0.0277,0.0284,26.06,0.0
3571.0,0.11,250.0,14.5,100.41,1415.28,152.38,152.38,152.38,152.38,152.38,408.19,408.19,408.19,408.19,408.19,41.59,106.06,8.63,12.55,0.0277,0.0283,26.06,0.0
3572.0,0.11,241.67,14.52,100.44,1413.51,152.35,152.35,152.35,152.35,152.35,408.02,408.02,408.02,408.02,408.02,41.57,106.05,8.63,12.55,0.0277,0.0282,26.06,0.0
3573.0,0.11,233.33,14.54,100.47,1411.73,152.32,152.32,152.32,152.32,152.32,407.86,407.86,407.86,407.86,407.86,41.55,106.03,8.62,12.55,0.0277,0.0281,26.05,0.0
3574.0,0.11,225.0,14.55,100.5,1409.96,152.29,152.29,152.29,152.29,152.29,407.69,407.69,407.69,407.69,407.69,41.54,106.02,8.61,12.55,0.0277,0.0279,26.05,0.0
3575.0,0.11,216.67,14.57,100.53,1408.18,152.26,152.26,152.26,152.26,152.26,407.53,407.53,407.53,407.53,407.53,41.52,106.01,8.6,12.54,0.0277,0.0278,26.05,0.0
3576.0,0.11,208.33,14.59,100.56,1406.41,152.23,152.23,152.23,152.23,152.23,407.36,407.36,407.36,407.36,407.36,41.5,106.0,8.6,12.54,0.0277,0.0277,26.05,0.0
3577.0,0.11,200.0,14.6,100.59,1404.63,152.2,152.2,152.2,152.2,152.2,407.2,407.2,407.2,407.2,407.2,41.48,105.98,8.59,12.54,0.0277,0.0276,26.04,0.0
3578.0,0.11,191.67,14.62,100.63,1402.86,152.17,152.17,152.17,152.17,152.17,407.03,407.03,407.03,407.03,407.03,41.46,105.97,8.58,12.54,0.0277,0.0275,26.04,0.0
3579.0,0.11,183.33,14.64,100.66,1401.08,152.14,152.14,152.14,152.14,152.14,406.87,406.87,406.87,406.87,406.87,41.45,105.96,8.57,12.54,0.0276,0.0273,26.04,0.0
3580.0,0.11,175.0,14.65,100.69,1399.3,152.11,152.11,152.11,152.11,152.11,406.7,406.7,406.7,406.7,406.7,41.43,105.95,8.57,12.54,0.0276,0.0272,26.04,0.0
3581.0,0.11,166.67,14.67,100.72,1397.52,152.08,152.08,152.08,152.08,152.08,406.54,406.54,406.54,406.54,406.54,41.41,105.94,8.56,12.54,0.0276,0.0271,26.03,0.0
3582.0,0.11,158.33,14.69,100.75,1395.75,152.05,152.05,152.05,152.05,152.05,406.37,406.37,406.37,406.37,406.37,41.39,105.92,8.55,12.54,0.0276,0.027,26.03,0.0
3583.0,0.11,150.0,14.7,100.78,1393.97,152.03,152.03,152.03,152.03,152.03,406.21,406.21,406.21,406.21,406.21,41.37,105.91,8.54,12.54,0.0276,0.0269,26.03,0.0
3584.0,0.11,141.67,14.72,100.81,1392.19,152.0,152.0,152.0,152.0,152.0,406.04,406.04,406.04,406.04,406.04,41.35,105.9,8.53,12.54,0.0276,0.0267,26.03,0.0
3585.0,0.11,133.33,14.74,100.84,1390.41,151.97,151.97,151.97,151.97,151.97,405.88,405.88,405.88,405.88,405.88,41.34,105.89,8.53,12.54,0.0276,0.0266,26.02,0.0
3586.0,0.11,125.0,14.75,100.87,1388.63,151.94,151.94,151.94,151.94,151.94,405.71,405.71,405.71,405.71,405.71,41.32,105.88,8.52,12.53,0.0276,0.0265,26.02,0.0
3587.0,0.1,116.67,14.77,100.9,1386.85,151.91,151.91,151.91,151.91,151.91,405.55,405.55,405.55,405.55,405.55,41.3,105.86,8.51,12.53,0.0276,0.0264,26.02,0.0
3588.0,0.1,108.33,14.79,100.93,1385.07,151.88,151.88,151.88,151.88,151.88,405.38,405.38,405.38,405.38,405.38,41.28,105.85,8.5,12.53,0.0276,0.0263,26.01,0.0
3589.0,0.1,100.0,14.8,100.96,1383.29,151.85,151.85,151.85,151.85,151.85,405.22,405.22,405.22,405.22,405.22,41.26,105.84,8.5,12.53,0.0275,0.0262,26.01,0.0
3590.0,0.1,91.67,14.82,100.99,1381.51,151.82,151.82,151.82,151.82,151.82,405.05,405.05,405.05,405.05,405.05,41.25,105.83,8.49,12.53,0.0275,0.026,26.01,0.0
3591.0,0.1,83.33,14.83,101.02,1379.73,151.79,151.79,151.79,151.79,151.79,404.89,404.89,404.89,404.89,404.89,41.23,105.82,8.48,12.53,0.0275,0.0259,26.01,0.0
3592.0,0.1,75.0,14.85,101.05,1377.94,151.76,151.76,151.76,151.76,151.76,404.72,404.72,404.72,404.72,404.72,41.21,105.8,8.47,12.53,0.0275,0.0258,26.0,0.0
3593.0,0.1,66.67,14.87,101.08,1376.16,151.73,151.73,151.73,151.73,151.73,404.56,404.56,404.56,404.56,404.56,41.19,105.79,8.47,12.53,0.0275,0.0257,26.0,0.0
3594.0,0.1,58.33,14.88,101.11,1374.38,151.7,151.7,151.7,151.7,151.7,404.39,404.39,404.39,404.39,404.39,41.17,105.78,8.46,12.53,0.0275,0.0256,26.0,0.0
3595.0,0.1,50.0,14.9,101.14,1372.59,151.68,151.68,151.68,151.68,151.68,404.23,404.23,404.23,404.23,404.23,41.15,105.77,8.45,12.53,0.0275,0.0255,26.0,0.0
3596.0,0.1,41.67,14.92,101.17,1370.81,151.65,151.65,151.65,151.65,151.65,404.06,404.06,404.06,404.06,404.06,41.14,105.76,8.44,12.52,0.0275,0.0253,25.99,0.0
3597.0,0.1,33.33,14.93,101.2,1369.03,151.62,151.62,151.62,151.62,151.62,403.9,403.9,403.9,403.9,403.9,41.12,105.74,8.44,12.52,0.0275,0.0252,25.99,0.0
3598.0,0.1,25.0,14.95,101.23,1367.24,151.59,151.59,151.59,151.59,151.59,403.73,403.73,403.73,403.73,403.73,41.1,105.73,8.43,12.52,0.0275,0.0251,25.99,0.0
3599.0,0.1,16.67,14.97,101.26,1365.46,151.56,151.56,151.56,151.56,151.56,403.57,403.57,403.57,403.57,403.57,41.08,105.72,8.42,12.52,0.0274,0.025,25.99,0.0
3600.0,0.1,8.33,14.98,101.29,1363.67,151.53,151.53,151.53,151.53,151.53,403.4,403.4,403.4,403.4,403.4,41.06,105.71,8.41,12.52,0.0274,0.0249,25.98,0.0
3601.0,0.1,0,15.0,101.33,1361.88,151.5,151.5,151.5,151.5,151.5,403.24,403.24,403.24,403.24,403.24,41.05,105.7,8.4,12.52,0.0274,0.0248,25.98,0.0
